VC_AXIOMS [propext, Quot.sound, Classical.choice]
VC_DIRECT Sal.MRDTs.Paper1.ORSet.D
VC_DIRECT Sal.MRDTs.Paper1.ORSet.conflict
VC_DIRECT Sal.MRDTs.Paper1.ORSet.order
VC_DIRECT Sal.MRDTs.Paper1.ORSet.RawReplay.representation
VC_DIRECT Sal.MRDTs.Foundation.ReplayContext
VC_DIRECT Sal.MRDTs.MRDTSig.toUpdateSig
VC_DIRECT Sal.MRDTs.Foundation.Op
VC_DIRECT Sal.MRDTs.MRDTSig.AppOp
VC_DIRECT Sal.MRDTs.MRDTSig.State
VC_DIRECT Sal.MRDTs.Paper1.ORSet.ConcreteRep.representation
VC_DIRECT Sal.MRDTs.Paper1.ConcreteMRDT.Supported
VC_DIRECT Sal.MRDTs.Paper1.ORSet.RawReplay.scheme
VC_EXP_DEP NeemExpansion.AutomatedORSet.automated_vcs
VC_EXP_DEP NeemExpansion.collection_shared
VC_EXP_DEP NeemExpansion.AutomatedORSet.causal_strict
VC_EXP_DEP NeemExpansion.AutomatedORSet.causal_strict._simp_1_1
VC_EXP_DEP NeemExpansion.AutomatedORSet.causal_strict._proof_1_3
VC_DEP Sal.MRDTs.Paper1.ORSet.instDecidableEqUpdate.decEq._proof_2
VC_DEP Sal.MRDTs.Paper1.ORSet.instDecidableEqUpdate.decEq._proof_5
VC_DEP Sal.MRDTs.Paper1.ORSet.instDecidableEqUpdate.decEq._proof_6
VC_DEP Sal.MRDTs.Paper1.ORSet.instDecidableEqUpdate.decEq._proof_3
VC_DEP Sal.MRDTs.Paper1.ORSet.instDecidableEqUpdate.decEq._proof_4
VC_DEP Sal.MRDTs.Paper1.ORSet.instDecidableEqUpdate.decEq._proof_1
VC_EXP_DEP NeemExpansion.AutomatedORSet.causal_strict._proof_1_2
VC_EXP_DEP NeemExpansion.AutomatedORSet.local_opposite
VC_EXP_DEP NeemExpansion.AutomatedORSet.local_opposite._proof_1_5
VC_EXP_DEP NeemExpansion.AutomatedORSet.local_opposite._proof_1_2
VC_EXP_DEP NeemExpansion.AutomatedORSet.local_opposite._proof_1_3
VC_EXP_DEP NeemExpansion.AutomatedORSet.local_opposite._simp_1_1
VC_EXP_DEP NeemExpansion.AutomatedORSet.local_opposite._proof_1_4
VC_EXP_DEP NeemExpansion.AutomatedORSet.kernel_stable
VC_EXP_DEP NeemExpansion.AutomatedORSet.kernel_stable._simp_1_1
VC_EXP_DEP NeemExpansion.AutomatedORSet.kernel_stable._proof_1_3
VC_EXP_DEP NeemExpansion.AutomatedORSet.kernel_stable._proof_1_2
VC_EXP_DEP NeemExpansion.Signature.local_empty_sides_of_diagonal
VC_EXP_DEP NeemExpansion.AutomatedORSet.local_common
VC_EXP_DEP NeemExpansion.AutomatedORSet.local_common._simp_1_1
VC_EXP_DEP NeemExpansion.AutomatedORSet.local_common._proof_1_5
VC_EXP_DEP NeemExpansion.AutomatedORSet.local_common._proof_1_4
VC_EXP_DEP NeemExpansion.AutomatedORSet.local_common._proof_1_2
VC_EXP_DEP NeemExpansion.AutomatedORSet.local_common._proof_1_3
VC_EXP_DEP NeemExpansion.AutomatedORSet.local_empty
VC_EXP_DEP NeemExpansion.AutomatedORSet.local_empty._proof_1_2
VC_EXP_DEP NeemExpansion.AutomatedORSet.local_empty._simp_1_1
VC_EXP_DEP NeemExpansion.AutomatedORSet.causal_common
VC_EXP_DEP NeemExpansion.AutomatedORSet.causal_common._proof_1_5
VC_EXP_DEP NeemExpansion.AutomatedORSet.causal_common._proof_1_4
VC_EXP_DEP NeemExpansion.AutomatedORSet.causal_common._proof_1_3
VC_EXP_DEP NeemExpansion.AutomatedORSet.causal_common._simp_1_1
VC_EXP_DEP NeemExpansion.AutomatedORSet.causal_common._proof_1_2
VC_EXP_DEP NeemExpansion.AutomatedORSet.comm
VC_EXP_DEP NeemExpansion.AutomatedORSet.comm._proof_1_2
VC_EXP_DEP NeemExpansion.AutomatedORSet.policy_order
VC_DEP Sal.MRDTs.Paper1.ORSet.Update.add.injEq
VC_DEP Sal.MRDTs.Paper1.ORSet.Update.remove.injEq
VC_EXP_DEP NeemExpansion.AutomatedORSet.policy_order._simp_1_1
VC_EXP_DEP NeemExpansion.AutomatedORSet.causal_absorber
VC_EXP_DEP NeemExpansion.AutomatedORSet.causal_absorber._proof_1_3
VC_EXP_DEP NeemExpansion.AutomatedORSet.causal_absorber._proof_1_9
VC_EXP_DEP NeemExpansion.Signature.causal_base_of_diagonal
VC_EXP_DEP NeemExpansion.AutomatedORSet.fresh_base
VC_EXP_DEP NeemExpansion.AutomatedORSet.diagonal
VC_EXP_DEP NeemExpansion.AutomatedORSet.diagonal._proof_1_2
VC_EXP_DEP NeemExpansion.AutomatedORSet.causal_commuting
VC_EXP_DEP NeemExpansion.AutomatedORSet.causal_commuting._simp_1_1
VC_EXP_DEP NeemExpansion.AutomatedORSet.causal_commuting._proof_1_4
VC_EXP_DEP NeemExpansion.AutomatedORSet.causal_commuting._proof_1_2
VC_EXP_DEP NeemExpansion.AutomatedORSet.causal_commuting._proof_1_3
VC_EXP_DEP NeemExpansion.AutomatedORSet.causal_commuting._proof_1_5
VC_EXP_DEP NeemExpansion.AutomatedORSet.noncomm_full
VC_EXP_DEP NeemExpansion.AutomatedORSet.commute_nonconflict
VC_EXP_DEP NeemExpansion.AutomatedORSet.commute_nonconflict._proof_1_4
VC_EXP_DEP NeemExpansion.AutomatedORSet.commute_nonconflict._proof_1_8
VC_EXP_DEP NeemExpansion.AutomatedORSet.commute_nonconflict._proof_1_2
VC_EXP_DEP NeemExpansion.AutomatedORSet.commute_nonconflict._proof_1_6
VC_EXP_DEP NeemExpansion.AutomatedORSet.conditional_base
VC_EXP_DEP NeemExpansion.AutomatedORSet.fresh_step
VC_EXP_DEP NeemExpansion.AutomatedORSet.fresh_step._simp_1_1
VC_EXP_DEP NeemExpansion.AutomatedORSet.fresh_step._proof_1_3
VC_EXP_DEP NeemExpansion.AutomatedORSet.fresh_step._proof_1_4
VC_EXP_DEP NeemExpansion.AutomatedORSet.fresh_step._proof_1_2
VC_EXP_DEP NeemExpansion.AutomatedORSet.initial
VC_EXP_DEP NeemExpansion.AutomatedORSet.local_singleton
VC_EXP_DEP NeemExpansion.AutomatedORSet.local_singleton._proof_1_4
VC_EXP_DEP NeemExpansion.AutomatedORSet.local_singleton._proof_1_3
VC_EXP_DEP NeemExpansion.AutomatedORSet.local_singleton._proof_1_5
VC_EXP_DEP NeemExpansion.AutomatedORSet.local_singleton._simp_1_1
VC_EXP_DEP NeemExpansion.AutomatedORSet.local_singleton._proof_1_2
VC_EXP_DEP NeemExpansion.AutomatedORSet.no_chain
VC_DEP Sal.MRDTs.Paper1.ConcreteMRDT.MetadataDependencies.ofConcrete._proof_2
VC_DEP Sal.MRDTs.Paper1.ConcreteMRDT.MetadataDependencies.ofConcrete._proof_1
VC_EXP_DEP NeemExpansion.PolicyExpansion.assemble
VC_EXP_DEP NeemExpansion.PolicyExpansion.Kit.initial
VC_EXP_DEP NeemExpansion.PolicyExpansion.Kit.eventCertificate
VC_EXP_DEP NeemExpansion.PolicyExpansion.Kit.localKernels
VC_EXP_DEP NeemExpansion.PolicyExpansion.Kit.policy_order
VC_EXP_DEP NeemExpansion.LocalAssembly.raw_local_redistribute
VC_EXP_DEP NeemExpansion.LocalAssembly.local_from_context
VC_DEP Sal.MRDTs.Paper1.ConcreteMRDT.Raw.Context.trans
VC_DEP Sal.MRDTs.Paper1.ConcreteMRDT.Raw.Context.supported₂
VC_DEP Sal.MRDTs.Paper1.ConcreteMRDT.MetadataDependencies.covers
VC_DEP Sal.MRDTs.Paper1.ConcreteMRDT.Raw.Context.supported₁
VC_DEP Sal.MRDTs.Paper1.LocalCoverage.nested_enumeration
VC_DEP Sal.MRDTs.Paper1.LocalCoverage.nested_order_acyclic
VC_DEP Sal.MRDTs.Paper1.LocalCoverage.nested_graph_acyclic
VC_DEP Sal.MRDTs.Paper1.LocalCoverage.add_sink_edges
VC_DEP Sal.MRDTs.exists_respecting_perm
VC_DEP Sal.MRDTs.Paper1.LocalCoverage.nested_enumeration._simp_1_1
VC_DEP Sal.MRDTs.Paper1.ConcreteMRDT.Raw.Context.closed₁
VC_DEP Sal.MRDTs.Paper1.ConcreteMRDT.Raw.Context.irrefl
VC_DEP Sal.MRDTs.Paper1.ConcreteMRDT.MetadataDependencies.past_subset
VC_DEP Sal.MRDTs.Paper1.ConcreteMRDT.Raw.Context.closed₂
VC_EXP_DEP NeemExpansion.LocalAssembly.local_of_canonical_nested
VC_EXP_DEP NeemExpansion.LocalAssembly.local_of_indexed_replays
VC_DEP Sal.MRDTs.Foundation.ReplayContext.timestamps_distinct
VC_EXP_DEP NeemExpansion.Signature.local_two_replays
VC_EXP_DEP NeemExpansion.Signature.LocalKernels.opposite
VC_EXP_DEP NeemExpansion.Signature.LocalKernels.pastSingleton
VC_EXP_DEP NeemExpansion.Signature.fresh_restrictedReplay
VC_EXP_DEP NeemExpansion.Signature.restrictedReplay_append
VC_EXP_DEP NeemExpansion.Signature.LocalKernels.freshBase
VC_EXP_DEP NeemExpansion.Signature.LocalKernels.seed
VC_EXP_DEP NeemExpansion.Signature.LocalKernels.emptyPast
VC_EXP_DEP NeemExpansion.Signature.local_independent_past
VC_EXP_DEP NeemExpansion.Signature.LocalKernels.freshStep
VC_EXP_DEP NeemExpansion.Signature.local_singleton_restrictedReplay
VC_EXP_DEP NeemExpansion.Signature.LocalKernels.common
VC_DEP Sal.MRDTs.Paper1.convergence_on_guarded
VC_DEP Sal.MRDTs.Foundation.commutes_symm
VC_DEP Sal.MRDTs.Foundation.distinctOps_of_events
VC_DEP Sal.MRDTs.Paper1.convergence_on_guarded._simp_1_8
VC_DEP Sal.MRDTs.Paper1.applySeq_bubble_to_front_loOn_guarded
VC_DEP Sal.MRDTs.Paper1.applySeq_swap_loOn_incomparable_guarded
VC_DEP Sal.MRDTs.Foundation.ReplayContext.vis_total_same_replica
VC_DEP Sal.MRDTs.Foundation.applySeq_swap_commute_basic
VC_DEP Sal.MRDTs.Paper1.applySeq_swap_via_cond_comm_lift_guarded
VC_DEP Sal.MRDTs.Paper1.GuardedReplay.Laws.conditional_commutation
VC_DEP Sal.MRDTs.Paper1.convergence_on_guarded._simp_1_6
VC_DEP Sal.MRDTs.Paper1.GuardedReplay.Laws.noncomm_exact
VC_DEP Sal.MRDTs.Foundation.respects.eq_1
VC_DEP Sal.MRDTs.Paper1.convergence_on_guarded._proof_1_5
VC_DEP Sal.MRDTs.Paper1.convergence_on_guarded._simp_1_7
VC_EXP_DEP NeemExpansion.PolicyExpansion.laws
VC_EXP_DEP NeemExpansion.PolicyExpansion.Kit.kernelStable
VC_EXP_DEP NeemExpansion.PolicyExpansion.Kit.conditionalBase
VC_EXP_DEP NeemExpansion.PolicyExpansion.Kit.noChain
VC_EXP_DEP NeemExpansion.Signature.conditional_log
VC_EXP_DEP NeemExpansion.PolicyExpansion.Kit.noncomm_exact
VC_EXP_DEP NeemExpansion.PolicyExpansion.Kit.comm
VC_EXP_DEP NeemExpansion.CausalCoverage.raw_causal_delta
VC_EXP_DEP NeemExpansion.CausalCoverage.causal_from_context
VC_EXP_DEP NeemExpansion.CausalCoverage.Kernels.freshStep
VC_EXP_DEP NeemExpansion.CausalCoverage.reset_of_context
VC_EXP_DEP NeemExpansion.CausalCoverage.EventCertificate.conflict_classification
VC_EXP_DEP NeemExpansion.CausalCoverage.EventCertificate.absorber_classification
VC_EXP_DEP NeemExpansion.CausalCoverage.EventCertificate.strict_asymmetric
VC_DEP Sal.MRDTs.Paper1.ConcreteMRDT.MetadataDependencies.past_closed
VC_EXP_DEP NeemExpansion.CausalCoverage.Kernels.strict
VC_EXP_DEP NeemExpansion.CausalCoverage.Kernels.commuting
VC_EXP_DEP NeemExpansion.CausalCoverage.Kernels.common
VC_EXP_DEP NeemExpansion.CausalCoverage.Kernels.base
VC_DEP Sal.MRDTs.Paper1.ConcreteMRDT.MetadataDependencies.closed_diff_of_max
VC_EXP_DEP NeemExpansion.CausalCoverage.Kernels.absorber
VC_EXP_DEP NeemExpansion.Signature.causal_restrictedReplay
VC_EXP_DEP NeemExpansion.Signature.causal_good_tail
VC_EXP_DEP NeemExpansion.Signature.causal_restricted_step
VC_EXP_DEP NeemExpansion.Signature.causal_good_tail._simp_1_1
VC_EXP_DEP NeemExpansion.Signature.causal_good_tail._simp_1_2
VC_EXP_DEP NeemExpansion.CausalCoverage.Kernels.freshBase
VC_EXP_DEP NeemExpansion.PolicyExpansion.Kit.causalKernels
VC_EXP_DEP NeemExpansion.PolicyExpansion.Kit.shared
VC_EXP_DEP NeemExpansion.PolicyExpansion.canonical_of_loWitness
VC_EXP_DEP NeemExpansion.PolicyExpansion.canonical_of_loWitness._simp_1_1
VC_DEP Sal.MRDTs.Paper1.OperationPolicy.lift_rc_iff
VC_AUDIT_COMPLETE
VC_AXIOMS [propext, Quot.sound, Classical.choice]
VC_DIRECT Sal.MRDTs.Instances.EfficientORSet.D
VC_DIRECT Sal.MRDTs.Paper1.EfficientORSet.EventSpec.conflict
VC_DIRECT Sal.MRDTs.Foundation.ReplayPolicy.order
VC_DIRECT Sal.MRDTs.MRDTSig.toUpdateSig
VC_DIRECT Sal.MRDTs.Instances.EfficientORSet.rc
VC_DIRECT Sal.MRDTs.Paper1.EfficientORSet.RawReplay.representation
VC_DIRECT Sal.MRDTs.Foundation.ReplayContext
VC_DIRECT Sal.MRDTs.Foundation.Op
VC_DIRECT Sal.MRDTs.MRDTSig.AppOp
VC_DIRECT Sal.MRDTs.MRDTSig.State
VC_DIRECT Sal.MRDTs.Instances.EfficientORSet.Record
VC_DIRECT Sal.MRDTs.Foundation.Replica
VC_DIRECT Sal.MRDTs.Foundation.Timestamp
VC_DIRECT Sal.MRDTs.Paper1.EfficientORSet.RawReplay.scheme
VC_EXP_DEP NeemExpansion.AutomatedEfficientORSet.automated_vcs
VC_EXP_DEP NeemExpansion.MaskCanonical.canonical
VC_EXP_DEP NeemExpansion.MaskCanonical.Kit.injective
VC_EXP_DEP NeemExpansion.MaskCanonical.projection_run
VC_DEP Sal.MRDTs.Foundation.applySeq_append_single
VC_EXP_DEP NeemExpansion.MaskCanonical.Kit.empty
VC_EXP_DEP NeemExpansion.MaskCanonical.Kit.projection
VC_DEP Sal.MRDTs.Paper1.GuardedReplay.exists_paperOrder_enumeration
VC_DEP Sal.MRDTs.Paper1.GuardedReplay.paperOrder_acyclic
VC_DEP Sal.MRDTs.Paper1.GuardedReplay.Laws.payload_no_chain
VC_DEP Sal.MRDTs.Paper1.GuardedReplay.Laws.no_chain
VC_DEP Sal.MRDTs.exists_respecting_perm
VC_EXP_DEP NeemExpansion.MaskCanonical.Kit.update
VC_EXP_DEP NeemExpansion.MaskCanonical.order_certificate
VC_DEP Sal.MRDTs.Foundation.ReplayContext.vis_total_same_replica
VC_EXP_DEP NeemExpansion.MaskCanonical.Kit.commutes_notkill
VC_DEP Sal.MRDTs.Foundation.ReplayContext.ts_unique
VC_DEP Sal.MRDTs.Foundation.ReplayContext.timestamps_distinct
VC_EXP_DEP NeemExpansion.MaskCanonical.Kit.noncomm_kill
VC_EXP_DEP NeemExpansion.MaskCanonical.Kit.killer_shape
VC_DEP Sal.MRDTs.Instances.EfficientORSet.instDecidableEqSetOp.decEq._proof_5
VC_DEP Sal.MRDTs.Instances.EfficientORSet.instDecidableEqSetOp.decEq._proof_4
VC_DEP Sal.MRDTs.Instances.EfficientORSet.instDecidableEqSetOp.decEq._proof_3
VC_DEP Sal.MRDTs.Instances.EfficientORSet.instDecidableEqSetOp.decEq._proof_1
VC_DEP Sal.MRDTs.Instances.EfficientORSet.instDecidableEqSetOp.decEq._proof_2
VC_DEP Sal.MRDTs.Instances.EfficientORSet.instDecidableEqSetOp.decEq._proof_6
VC_EXP_DEP NeemExpansion.PolicyExpansion.laws
VC_EXP_DEP NeemExpansion.PolicyExpansion.Kit.policy_order
VC_EXP_DEP NeemExpansion.PolicyExpansion.Kit.kernelStable
VC_EXP_DEP NeemExpansion.PolicyExpansion.Kit.conditionalBase
VC_EXP_DEP NeemExpansion.PolicyExpansion.Kit.noChain
VC_EXP_DEP NeemExpansion.Signature.conditional_log
VC_EXP_DEP NeemExpansion.PolicyExpansion.Kit.noncomm_exact
VC_EXP_DEP NeemExpansion.AutomatedEfficientORSet.semantic_shape
VC_EXP_DEP NeemExpansion.AutomatedEfficientORSet.mask_noncomm
VC_EXP_DEP NeemExpansion.AutomatedEfficientORSet.mask_commuting
VC_EXP_DEP NeemExpansion.AutomatedEfficientORSet.mask_commuting._proof_1_2
VC_EXP_DEP NeemExpansion.AutomatedEfficientORSet.mask_commuting._proof_1_3
VC_EXP_DEP NeemExpansion.AutomatedEfficientORSet.maskKit._proof_4
VC_DEP Sal.MRDTs.Instances.EfficientORSet.SetOp.add.injEq
VC_DEP Sal.MRDTs.Instances.EfficientORSet.SetOp.remove.injEq
VC_EXP_DEP NeemExpansion.AutomatedEfficientORSet.maskKit._proof_3
VC_EXP_DEP NeemExpansion.AutomatedEfficientORSet.maskKit._proof_1
VC_EXP_DEP NeemExpansion.AutomatedEfficientORSet.mask_update
VC_EXP_DEP NeemExpansion.AutomatedEfficientORSet.mask_update._proof_1_3
VC_EXP_DEP NeemExpansion.AutomatedEfficientORSet.mask_update._proof_1_2
VC_EXP_DEP NeemExpansion.AutomatedEfficientORSet.maskKit._proof_2
VC_EXP_DEP NeemExpansion.PolicyExpansion.assemble
VC_EXP_DEP NeemExpansion.PolicyExpansion.Kit.initial
VC_EXP_DEP NeemExpansion.PolicyExpansion.Kit.eventCertificate
VC_EXP_DEP NeemExpansion.PolicyExpansion.Kit.localKernels
VC_EXP_DEP NeemExpansion.LocalAssembly.raw_local_redistribute
VC_EXP_DEP NeemExpansion.LocalAssembly.local_from_context
VC_DEP Sal.MRDTs.Paper1.ConcreteMRDT.Raw.Context.trans
VC_DEP Sal.MRDTs.Paper1.ConcreteMRDT.Raw.Context.supported₂
VC_DEP Sal.MRDTs.Paper1.ConcreteMRDT.MetadataDependencies.covers
VC_DEP Sal.MRDTs.Paper1.ConcreteMRDT.Raw.Context.supported₁
VC_DEP Sal.MRDTs.Paper1.LocalCoverage.nested_enumeration
VC_DEP Sal.MRDTs.Paper1.LocalCoverage.nested_order_acyclic
VC_DEP Sal.MRDTs.Paper1.LocalCoverage.nested_graph_acyclic
VC_DEP Sal.MRDTs.Paper1.LocalCoverage.add_sink_edges
VC_DEP Sal.MRDTs.Paper1.LocalCoverage.nested_enumeration._simp_1_1
VC_DEP Sal.MRDTs.Paper1.ConcreteMRDT.Raw.Context.closed₁
VC_DEP Sal.MRDTs.Paper1.ConcreteMRDT.Raw.Context.irrefl
VC_DEP Sal.MRDTs.Paper1.ConcreteMRDT.MetadataDependencies.past_subset
VC_DEP Sal.MRDTs.Paper1.ConcreteMRDT.Raw.Context.closed₂
VC_EXP_DEP NeemExpansion.LocalAssembly.local_of_canonical_nested
VC_EXP_DEP NeemExpansion.LocalAssembly.local_of_indexed_replays
VC_EXP_DEP NeemExpansion.Signature.local_two_replays
VC_EXP_DEP NeemExpansion.Signature.LocalKernels.opposite
VC_EXP_DEP NeemExpansion.Signature.LocalKernels.pastSingleton
VC_EXP_DEP NeemExpansion.Signature.fresh_restrictedReplay
VC_EXP_DEP NeemExpansion.Signature.restrictedReplay_append
VC_EXP_DEP NeemExpansion.Signature.LocalKernels.freshBase
VC_EXP_DEP NeemExpansion.Signature.LocalKernels.seed
VC_EXP_DEP NeemExpansion.Signature.LocalKernels.emptyPast
VC_EXP_DEP NeemExpansion.Signature.local_independent_past
VC_EXP_DEP NeemExpansion.Signature.LocalKernels.freshStep
VC_EXP_DEP NeemExpansion.Signature.local_singleton_restrictedReplay
VC_EXP_DEP NeemExpansion.Signature.LocalKernels.common
VC_DEP Sal.MRDTs.Paper1.convergence_on_guarded
VC_DEP Sal.MRDTs.Foundation.commutes_symm
VC_DEP Sal.MRDTs.Foundation.distinctOps_of_events
VC_DEP Sal.MRDTs.Paper1.convergence_on_guarded._simp_1_8
VC_DEP Sal.MRDTs.Paper1.applySeq_bubble_to_front_loOn_guarded
VC_DEP Sal.MRDTs.Paper1.applySeq_swap_loOn_incomparable_guarded
VC_DEP Sal.MRDTs.Foundation.applySeq_swap_commute_basic
VC_DEP Sal.MRDTs.Paper1.applySeq_swap_via_cond_comm_lift_guarded
VC_DEP Sal.MRDTs.Paper1.GuardedReplay.Laws.conditional_commutation
VC_DEP Sal.MRDTs.Paper1.convergence_on_guarded._simp_1_6
VC_DEP Sal.MRDTs.Paper1.GuardedReplay.Laws.noncomm_exact
VC_DEP Sal.MRDTs.Foundation.respects.eq_1
VC_DEP Sal.MRDTs.Paper1.convergence_on_guarded._proof_1_5
VC_DEP Sal.MRDTs.Paper1.convergence_on_guarded._simp_1_7
VC_EXP_DEP NeemExpansion.PolicyExpansion.Kit.comm
VC_EXP_DEP NeemExpansion.CausalCoverage.raw_causal_delta
VC_EXP_DEP NeemExpansion.CausalCoverage.causal_from_context
VC_EXP_DEP NeemExpansion.CausalCoverage.Kernels.freshStep
VC_EXP_DEP NeemExpansion.CausalCoverage.reset_of_context
VC_EXP_DEP NeemExpansion.CausalCoverage.EventCertificate.conflict_classification
VC_EXP_DEP NeemExpansion.CausalCoverage.EventCertificate.absorber_classification
VC_EXP_DEP NeemExpansion.CausalCoverage.EventCertificate.strict_asymmetric
VC_DEP Sal.MRDTs.Paper1.ConcreteMRDT.MetadataDependencies.past_closed
VC_EXP_DEP NeemExpansion.CausalCoverage.Kernels.strict
VC_EXP_DEP NeemExpansion.CausalCoverage.Kernels.commuting
VC_EXP_DEP NeemExpansion.CausalCoverage.Kernels.common
VC_EXP_DEP NeemExpansion.CausalCoverage.Kernels.base
VC_DEP Sal.MRDTs.Paper1.ConcreteMRDT.MetadataDependencies.closed_diff_of_max
VC_EXP_DEP NeemExpansion.CausalCoverage.Kernels.absorber
VC_EXP_DEP NeemExpansion.Signature.causal_restrictedReplay
VC_EXP_DEP NeemExpansion.Signature.causal_good_tail
VC_EXP_DEP NeemExpansion.Signature.causal_restricted_step
VC_EXP_DEP NeemExpansion.Signature.causal_good_tail._simp_1_1
VC_EXP_DEP NeemExpansion.Signature.causal_good_tail._simp_1_2
VC_EXP_DEP NeemExpansion.CausalCoverage.Kernels.freshBase
VC_EXP_DEP NeemExpansion.PolicyExpansion.Kit.causalKernels
VC_EXP_DEP NeemExpansion.PolicyExpansion.Kit.shared
VC_DEP Sal.MRDTs.Paper1.ConcreteMRDT.MetadataDependencies.ofConcrete._proof_2
VC_DEP Sal.MRDTs.Paper1.ConcreteMRDT.MetadataDependencies.ofConcrete._proof_1
VC_EXP_DEP NeemExpansion.collection_shared
VC_EXP_DEP NeemExpansion.AutomatedEfficientORSet.causal_absorber
VC_EXP_DEP NeemExpansion.AutomatedEfficientORSet.causal_absorber._proof_1_3
VC_EXP_DEP NeemExpansion.AutomatedEfficientORSet.causal_absorber._proof_1_9
VC_EXP_DEP NeemExpansion.AutomatedEfficientORSet.causal_commuting
VC_EXP_DEP NeemExpansion.AutomatedEfficientORSet.causal_commuting._proof_1_5
VC_EXP_DEP NeemExpansion.AutomatedEfficientORSet.causal_commuting._simp_1_1
VC_EXP_DEP NeemExpansion.AutomatedEfficientORSet.causal_commuting._proof_1_2
VC_EXP_DEP NeemExpansion.AutomatedEfficientORSet.causal_commuting._proof_1_4
VC_EXP_DEP NeemExpansion.AutomatedEfficientORSet.causal_commuting._proof_1_3
VC_EXP_DEP NeemExpansion.AutomatedEfficientORSet.causal_strict
VC_EXP_DEP NeemExpansion.AutomatedEfficientORSet.causal_strict._proof_1_2
VC_EXP_DEP NeemExpansion.AutomatedEfficientORSet.causal_strict._proof_1_3
VC_EXP_DEP NeemExpansion.AutomatedEfficientORSet.causal_strict._simp_1_1
VC_EXP_DEP NeemExpansion.Signature.local_empty_sides_of_diagonal
VC_EXP_DEP NeemExpansion.AutomatedEfficientORSet.kernel_stable
VC_EXP_DEP NeemExpansion.AutomatedEfficientORSet.kernel_stable._proof_1_2
VC_EXP_DEP NeemExpansion.AutomatedEfficientORSet.kernel_stable._proof_1_3
VC_EXP_DEP NeemExpansion.AutomatedEfficientORSet.kernel_stable._simp_1_1
VC_EXP_DEP NeemExpansion.AutomatedEfficientORSet.absorber_classification
VC_EXP_DEP NeemExpansion.AutomatedEfficientORSet.absorber_classification._simp_1_1
VC_EXP_DEP NeemExpansion.AutomatedEfficientORSet.remove_add_noncomm
VC_EXP_DEP NeemExpansion.AutomatedEfficientORSet.commute_distinct_elements
VC_EXP_DEP NeemExpansion.AutomatedEfficientORSet.commute_distinct_elements._proof_1_4
VC_EXP_DEP NeemExpansion.AutomatedEfficientORSet.commute_distinct_elements._proof_1_7
VC_EXP_DEP NeemExpansion.AutomatedEfficientORSet.commute_distinct_elements._proof_1_5
VC_EXP_DEP NeemExpansion.AutomatedEfficientORSet.commute_distinct_elements._proof_1_6
VC_EXP_DEP NeemExpansion.AutomatedEfficientORSet.diagonal
VC_EXP_DEP NeemExpansion.AutomatedEfficientORSet.diagonal._proof_1_2
VC_EXP_DEP NeemExpansion.Signature.causal_base_of_diagonal
VC_EXP_DEP NeemExpansion.AutomatedEfficientORSet.initial
VC_EXP_DEP NeemExpansion.AutomatedEfficientORSet.fresh_base
VC_EXP_DEP NeemExpansion.AutomatedEfficientORSet.policy_order
VC_EXP_DEP NeemExpansion.AutomatedEfficientORSet.policy_order._simp_1_1
VC_EXP_DEP NeemExpansion.AutomatedEfficientORSet.local_opposite
VC_EXP_DEP NeemExpansion.AutomatedEfficientORSet.local_opposite._proof_1_4
VC_EXP_DEP NeemExpansion.AutomatedEfficientORSet.local_opposite._proof_1_5
VC_EXP_DEP NeemExpansion.AutomatedEfficientORSet.local_opposite._proof_1_2
VC_EXP_DEP NeemExpansion.AutomatedEfficientORSet.local_opposite._simp_1_1
VC_EXP_DEP NeemExpansion.AutomatedEfficientORSet.local_opposite._proof_1_3
VC_EXP_DEP NeemExpansion.AutomatedEfficientORSet.guarded_noncomm
VC_EXP_DEP NeemExpansion.AutomatedEfficientORSet.commute_nonconflict
VC_EXP_DEP NeemExpansion.AutomatedEfficientORSet.commute_nonconflict._proof_1_2
VC_EXP_DEP NeemExpansion.AutomatedEfficientORSet.commute_nonconflict._proof_1_8
VC_EXP_DEP NeemExpansion.AutomatedEfficientORSet.commute_nonconflict._proof_1_4
VC_EXP_DEP NeemExpansion.AutomatedEfficientORSet.commute_nonconflict._proof_1_6
VC_EXP_DEP NeemExpansion.AutomatedEfficientORSet.local_common
VC_EXP_DEP NeemExpansion.AutomatedEfficientORSet.local_common._proof_1_5
VC_EXP_DEP NeemExpansion.AutomatedEfficientORSet.local_common._proof_1_2
VC_EXP_DEP NeemExpansion.AutomatedEfficientORSet.local_common._proof_1_3
VC_EXP_DEP NeemExpansion.AutomatedEfficientORSet.local_common._proof_1_4
VC_EXP_DEP NeemExpansion.AutomatedEfficientORSet.local_common._simp_1_1
VC_EXP_DEP NeemExpansion.AutomatedEfficientORSet.local_singleton
VC_EXP_DEP NeemExpansion.AutomatedEfficientORSet.local_singleton._proof_1_3
VC_EXP_DEP NeemExpansion.AutomatedEfficientORSet.local_singleton._proof_1_2
VC_EXP_DEP NeemExpansion.AutomatedEfficientORSet.local_singleton._proof_1_5
VC_EXP_DEP NeemExpansion.AutomatedEfficientORSet.local_singleton._proof_1_4
VC_EXP_DEP NeemExpansion.AutomatedEfficientORSet.local_singleton._simp_1_1
VC_EXP_DEP NeemExpansion.AutomatedEfficientORSet.conditional_base
VC_EXP_DEP NeemExpansion.AutomatedEfficientORSet.conditional_base._proof_1_5
VC_EXP_DEP NeemExpansion.AutomatedEfficientORSet.conditional_base._proof_1_2
VC_EXP_DEP NeemExpansion.AutomatedEfficientORSet.conditional_base._proof_1_3
VC_EXP_DEP NeemExpansion.AutomatedEfficientORSet.conditional_base._proof_1_4
VC_EXP_DEP NeemExpansion.AutomatedEfficientORSet.conflict_classification
VC_EXP_DEP NeemExpansion.AutomatedEfficientORSet.conflict_classification._proof_1_5
VC_EXP_DEP NeemExpansion.AutomatedEfficientORSet.conflict_classification._proof_1_3
VC_EXP_DEP NeemExpansion.AutomatedEfficientORSet.conflict_classification._proof_1_2
VC_EXP_DEP NeemExpansion.AutomatedEfficientORSet.conflict_classification._proof_1_4
VC_DEP Sal.MRDTs.Foundation.instDecidableEqRcRes._proof_1
VC_DEP Sal.MRDTs.Foundation.RcRes.ofNat_ctorIdx
VC_DEP Sal.MRDTs.Foundation.instDecidableEqRcRes._proof_2
VC_EXP_DEP NeemExpansion.AutomatedEfficientORSet.strict_asymmetric
VC_EXP_DEP NeemExpansion.AutomatedEfficientORSet.strict_asymmetric._simp_1_1
VC_EXP_DEP NeemExpansion.AutomatedEfficientORSet.comm
VC_EXP_DEP NeemExpansion.AutomatedEfficientORSet.comm._proof_1_2
VC_EXP_DEP NeemExpansion.AutomatedEfficientORSet.no_chain
VC_EXP_DEP NeemExpansion.AutomatedEfficientORSet.causal_common
VC_EXP_DEP NeemExpansion.AutomatedEfficientORSet.causal_common._proof_1_5
VC_EXP_DEP NeemExpansion.AutomatedEfficientORSet.causal_common._proof_1_3
VC_EXP_DEP NeemExpansion.AutomatedEfficientORSet.causal_common._proof_1_4
VC_EXP_DEP NeemExpansion.AutomatedEfficientORSet.causal_common._proof_1_2
VC_EXP_DEP NeemExpansion.AutomatedEfficientORSet.causal_common._simp_1_1
VC_EXP_DEP NeemExpansion.AutomatedEfficientORSet.local_empty
VC_EXP_DEP NeemExpansion.AutomatedEfficientORSet.local_empty._simp_1_1
VC_EXP_DEP NeemExpansion.AutomatedEfficientORSet.local_empty._proof_1_2
VC_EXP_DEP NeemExpansion.AutomatedEfficientORSet.fresh_step
VC_EXP_DEP NeemExpansion.AutomatedEfficientORSet.fresh_step._simp_1_1
VC_EXP_DEP NeemExpansion.AutomatedEfficientORSet.fresh_step._proof_1_4
VC_EXP_DEP NeemExpansion.AutomatedEfficientORSet.fresh_step._proof_1_3
VC_EXP_DEP NeemExpansion.AutomatedEfficientORSet.fresh_step._proof_1_2
VC_AUDIT_COMPLETE
VC_AXIOMS [Classical.choice, propext, Quot.sound]
VC_EXP_DEP NeemExpansion.TransferSimple.Add.expanded_vcs
VC_EXP_DEP NeemExpansion.TransferSimple.Add.kernels
VC_EXP_DEP NeemExpansion.TransferSimple.Add.kernels._simp_1_3
VC_EXP_DEP NeemExpansion.TransferSimple.Add.kernels._simp_1_1
VC_EXP_DEP NeemExpansion.TransferSimple.Add.kernels._simp_1_2
VC_DEP Sal.MRDTs.Paper1.ConcreteMRDT.CommutingPort.scheme._proof_2
VC_DEP Sal.MRDTs.Paper1.ConcreteMRDT.CommutingPort.scheme._proof_1
VC_DEP Sal.MRDTs.Instances.AddStore.all_comm
VC_DEP Sal.MRDTs.Instances.AddStore.all_comm._simp_1_2
VC_EXP_DEP NeemExpansion.TransferSimple.assemble
VC_EXP_DEP NeemExpansion.TransferSimple.EmptyPastKernels.shared
VC_EXP_DEP NeemExpansion.TransferSimple.EmptyPastKernels.initial
VC_EXP_DEP NeemExpansion.TransferSimple.EmptyPastKernels.localEquation
VC_DEP Sal.MRDTs.Paper1.ConcreteMRDT.CommutingPort.past_eq
VC_EXP_DEP NeemExpansion.TransferSimple.EmptyPastKernels.comm
VC_EXP_DEP NeemExpansion.TransferSimple.EmptyPastKernels.causalSeed
VC_AUDIT_COMPLETE
VC_AXIOMS [Classical.choice, propext, Quot.sound]
VC_EXP_DEP NeemExpansion.TransferSimple.Add.expanded_vcs
VC_EXP_DEP NeemExpansion.TransferSimple.Add.kernels
VC_EXP_DEP NeemExpansion.TransferSimple.Add.kernels._simp_1_3
VC_EXP_DEP NeemExpansion.TransferSimple.Add.kernels._simp_1_1
VC_EXP_DEP NeemExpansion.TransferSimple.Add.kernels._simp_1_2
VC_DEP Sal.MRDTs.Paper1.ConcreteMRDT.CommutingPort.scheme._proof_2
VC_DEP Sal.MRDTs.Paper1.ConcreteMRDT.CommutingPort.scheme._proof_1
VC_DEP Sal.MRDTs.Instances.AddStore.all_comm
VC_DEP Sal.MRDTs.Instances.AddStore.all_comm._simp_1_2
VC_EXP_DEP NeemExpansion.TransferSimple.assemble
VC_EXP_DEP NeemExpansion.TransferSimple.EmptyPastKernels.shared
VC_EXP_DEP NeemExpansion.TransferSimple.EmptyPastKernels.initial
VC_EXP_DEP NeemExpansion.TransferSimple.EmptyPastKernels.localEquation
VC_DEP Sal.MRDTs.Paper1.ConcreteMRDT.CommutingPort.past_eq
VC_EXP_DEP NeemExpansion.TransferSimple.EmptyPastKernels.comm
VC_EXP_DEP NeemExpansion.TransferSimple.EmptyPastKernels.causalSeed
VC_AUDIT_COMPLETE
VC_AXIOMS [propext, Quot.sound, Classical.choice]
VC_DEP Sal.MRDTs.Instances.FinsetStore.all_comm
VC_DEP Sal.MRDTs.Instances.FinsetStore.all_comm._simp_1_2
VC_DEP Sal.MRDTs.Paper1.ConcreteMRDT.CommutingPort.scheme._proof_2
VC_DEP Sal.MRDTs.Paper1.ConcreteMRDT.CommutingPort.scheme._proof_1
VC_EXP_DEP NeemExpansion.TransferSimple.Finite.expanded_vcs
VC_EXP_DEP NeemExpansion.TransferSimple.Finite.kernels
VC_EXP_DEP NeemExpansion.TransferSimple.Finite.kernels._simp_1_2
VC_EXP_DEP NeemExpansion.TransferSimple.Finite.kernels._simp_1_1
VC_EXP_DEP NeemExpansion.TransferSimple.assemble
VC_EXP_DEP NeemExpansion.TransferSimple.EmptyPastKernels.shared
VC_EXP_DEP NeemExpansion.TransferSimple.EmptyPastKernels.initial
VC_EXP_DEP NeemExpansion.TransferSimple.EmptyPastKernels.localEquation
VC_DEP Sal.MRDTs.Paper1.ConcreteMRDT.CommutingPort.past_eq
VC_EXP_DEP NeemExpansion.TransferSimple.EmptyPastKernels.comm
VC_EXP_DEP NeemExpansion.TransferSimple.EmptyPastKernels.causalSeed
VC_AUDIT_COMPLETE
VC_AXIOMS [propext, Quot.sound, Classical.choice]
VC_EXP_DEP NeemExpansion.TransferSimple.Delta.expanded_vcs
VC_EXP_DEP NeemExpansion.TransferSimple.Delta.kernels
VC_EXP_DEP NeemExpansion.TransferSimple.Delta.kernels._proof_1_5
VC_EXP_DEP NeemExpansion.TransferSimple.Delta.kernels._proof_1_3
VC_EXP_DEP NeemExpansion.TransferSimple.Delta.kernels._proof_1_6
VC_EXP_DEP NeemExpansion.TransferSimple.Delta.kernels._proof_1_4
VC_EXP_DEP NeemExpansion.TransferSimple.Delta.kernels._proof_1_2
VC_DEP Sal.MRDTs.Instances.FlatCounters.all_comm
VC_DEP Sal.MRDTs.Instances.FlatCounters.all_comm._proof_1_1
VC_DEP Sal.MRDTs.Paper1.ConcreteMRDT.CommutingPort.scheme._proof_2
VC_DEP Sal.MRDTs.Paper1.ConcreteMRDT.CommutingPort.scheme._proof_1
VC_EXP_DEP NeemExpansion.TransferSimple.assemble
VC_EXP_DEP NeemExpansion.TransferSimple.EmptyPastKernels.shared
VC_EXP_DEP NeemExpansion.TransferSimple.EmptyPastKernels.initial
VC_EXP_DEP NeemExpansion.TransferSimple.EmptyPastKernels.localEquation
VC_DEP Sal.MRDTs.Paper1.ConcreteMRDT.CommutingPort.past_eq
VC_EXP_DEP NeemExpansion.TransferSimple.EmptyPastKernels.comm
VC_EXP_DEP NeemExpansion.TransferSimple.EmptyPastKernels.causalSeed
VC_AUDIT_COMPLETE
VC_AXIOMS [propext, Quot.sound, Classical.choice]
VC_EXP_DEP NeemExpansion.TransferSimple.Delta.expanded_vcs
VC_EXP_DEP NeemExpansion.TransferSimple.Delta.kernels
VC_EXP_DEP NeemExpansion.TransferSimple.Delta.kernels._proof_1_5
VC_EXP_DEP NeemExpansion.TransferSimple.Delta.kernels._proof_1_3
VC_EXP_DEP NeemExpansion.TransferSimple.Delta.kernels._proof_1_6
VC_EXP_DEP NeemExpansion.TransferSimple.Delta.kernels._proof_1_4
VC_EXP_DEP NeemExpansion.TransferSimple.Delta.kernels._proof_1_2
VC_DEP Sal.MRDTs.Instances.FlatCounters.all_comm
VC_DEP Sal.MRDTs.Instances.FlatCounters.all_comm._proof_1_1
VC_DEP Sal.MRDTs.Paper1.ConcreteMRDT.CommutingPort.scheme._proof_2
VC_DEP Sal.MRDTs.Paper1.ConcreteMRDT.CommutingPort.scheme._proof_1
VC_EXP_DEP NeemExpansion.TransferSimple.assemble
VC_EXP_DEP NeemExpansion.TransferSimple.EmptyPastKernels.shared
VC_EXP_DEP NeemExpansion.TransferSimple.EmptyPastKernels.initial
VC_EXP_DEP NeemExpansion.TransferSimple.EmptyPastKernels.localEquation
VC_DEP Sal.MRDTs.Paper1.ConcreteMRDT.CommutingPort.past_eq
VC_EXP_DEP NeemExpansion.TransferSimple.EmptyPastKernels.comm
VC_EXP_DEP NeemExpansion.TransferSimple.EmptyPastKernels.causalSeed
VC_DEP Sal.MRDTs.Instances.FlatCounters.instDecidableEqIOCOp._proof_1
VC_AUDIT_COMPLETE
VC_AXIOMS [propext, Quot.sound, Classical.choice]
VC_EXP_DEP NeemExpansion.TransferSimple.Delta.expanded_vcs
VC_EXP_DEP NeemExpansion.TransferSimple.Delta.kernels
VC_EXP_DEP NeemExpansion.TransferSimple.Delta.kernels._proof_1_5
VC_EXP_DEP NeemExpansion.TransferSimple.Delta.kernels._proof_1_3
VC_EXP_DEP NeemExpansion.TransferSimple.Delta.kernels._proof_1_6
VC_EXP_DEP NeemExpansion.TransferSimple.Delta.kernels._proof_1_4
VC_EXP_DEP NeemExpansion.TransferSimple.Delta.kernels._proof_1_2
VC_DEP Sal.MRDTs.Instances.FlatCounters.all_comm
VC_DEP Sal.MRDTs.Instances.FlatCounters.all_comm._proof_1_1
VC_DEP Sal.MRDTs.Paper1.ConcreteMRDT.CommutingPort.scheme._proof_2
VC_DEP Sal.MRDTs.Paper1.ConcreteMRDT.CommutingPort.scheme._proof_1
VC_EXP_DEP NeemExpansion.TransferSimple.assemble
VC_EXP_DEP NeemExpansion.TransferSimple.EmptyPastKernels.shared
VC_EXP_DEP NeemExpansion.TransferSimple.EmptyPastKernels.initial
VC_EXP_DEP NeemExpansion.TransferSimple.EmptyPastKernels.localEquation
VC_DEP Sal.MRDTs.Paper1.ConcreteMRDT.CommutingPort.past_eq
VC_EXP_DEP NeemExpansion.TransferSimple.EmptyPastKernels.comm
VC_EXP_DEP NeemExpansion.TransferSimple.EmptyPastKernels.causalSeed
VC_DEP Sal.MRDTs.Instances.FlatCounters.instDecidableEqPNOp._proof_1
VC_DEP Sal.MRDTs.Instances.FlatCounters.PNOp.ofNat_ctorIdx
VC_DEP Sal.MRDTs.Instances.FlatCounters.instDecidableEqPNOp._proof_2
VC_AUDIT_COMPLETE
VC_AXIOMS [Classical.choice, propext, Quot.sound]
VC_EXP_DEP NeemExpansion.TransferSimple.Boolean.expanded_vcs
VC_EXP_DEP NeemExpansion.TransferSimple.Boolean.kernels
VC_DEP Sal.MRDTs.Paper1.ConcreteMRDT.CommutingPort.scheme._proof_2
VC_DEP Sal.MRDTs.Paper1.ConcreteMRDT.CommutingPort.scheme._proof_1
VC_DEP Sal.MRDTs.Instances.FlatGrowOnly.all_comm
VC_DEP Sal.MRDTs.Instances.bor_rc
VC_EXP_DEP NeemExpansion.TransferSimple.assemble
VC_EXP_DEP NeemExpansion.TransferSimple.EmptyPastKernels.shared
VC_EXP_DEP NeemExpansion.TransferSimple.EmptyPastKernels.initial
VC_EXP_DEP NeemExpansion.TransferSimple.EmptyPastKernels.localEquation
VC_DEP Sal.MRDTs.Paper1.ConcreteMRDT.CommutingPort.past_eq
VC_EXP_DEP NeemExpansion.TransferSimple.EmptyPastKernels.comm
VC_EXP_DEP NeemExpansion.TransferSimple.EmptyPastKernels.causalSeed
VC_AUDIT_COMPLETE
VC_AXIOMS [Classical.choice, propext, Quot.sound]
VC_EXP_DEP NeemExpansion.TransferSimple.Boolean.expanded_vcs
VC_EXP_DEP NeemExpansion.TransferSimple.Boolean.kernels
VC_DEP Sal.MRDTs.Paper1.ConcreteMRDT.CommutingPort.scheme._proof_2
VC_DEP Sal.MRDTs.Paper1.ConcreteMRDT.CommutingPort.scheme._proof_1
VC_DEP Sal.MRDTs.Instances.FlatGrowOnly.all_comm
VC_DEP Sal.MRDTs.Instances.bor_rc
VC_EXP_DEP NeemExpansion.TransferSimple.assemble
VC_EXP_DEP NeemExpansion.TransferSimple.EmptyPastKernels.shared
VC_EXP_DEP NeemExpansion.TransferSimple.EmptyPastKernels.initial
VC_EXP_DEP NeemExpansion.TransferSimple.EmptyPastKernels.localEquation
VC_DEP Sal.MRDTs.Paper1.ConcreteMRDT.CommutingPort.past_eq
VC_EXP_DEP NeemExpansion.TransferSimple.EmptyPastKernels.comm
VC_EXP_DEP NeemExpansion.TransferSimple.EmptyPastKernels.causalSeed
VC_AUDIT_COMPLETE
VC_AXIOMS [Quot.sound, propext, Classical.choice]
VC_DIRECT Sal.MRDTs.Instances.LWWRegister.D
VC_DIRECT Sal.MRDTs.Instances.LWWRegister.all_comm
VC_EXP_DEP NeemExpansion.TransferLWW.expanded_vcs
VC_EXP_DEP NeemExpansion.TransferLWW.kernels
VC_DEP Sal.MRDTs.Instances.LWWRegister.instDecidableEqLWWOp.decEq._proof_2
VC_DEP Sal.MRDTs.Instances.LWWRegister.instDecidableEqLWWOp.decEq._proof_1
VC_DEP Sal.MRDTs.Paper1.ConcreteMRDT.CommutingPort.scheme._proof_2
VC_DEP Sal.MRDTs.Paper1.ConcreteMRDT.CommutingPort.scheme._proof_1
VC_DEP Sal.MRDTs.Instances.LWWRegister.all_comm
VC_EXP_DEP NeemExpansion.TransferSimple.assemble
VC_EXP_DEP NeemExpansion.TransferSimple.EmptyPastKernels.shared
VC_EXP_DEP NeemExpansion.TransferSimple.EmptyPastKernels.initial
VC_EXP_DEP NeemExpansion.TransferSimple.EmptyPastKernels.localEquation
VC_DEP Sal.MRDTs.Paper1.ConcreteMRDT.CommutingPort.past_eq
VC_EXP_DEP NeemExpansion.TransferSimple.EmptyPastKernels.comm
VC_EXP_DEP NeemExpansion.TransferSimple.EmptyPastKernels.causalSeed
VC_AUDIT_COMPLETE
VC_AXIOMS [propext, Quot.sound, Classical.choice]
VC_DIRECT Sal.EmbedRGA.OrderedPrefixCode
VC_DIRECT Sal.MRDTs.Instances.SidedEmbedRGA.S
VC_DIRECT Sal.MRDTs.Instances.SidedEmbedRGA.SRec
VC_DIRECT Sal.MRDTs.Paper1.CertifiedRGAVCReplay.Sided.policy
VC_DIRECT Sal.MRDTs.Paper1.CertifiedRGAVCReplay.Sided.representation
VC_DIRECT Sal.MRDTs.Paper1.CertifiedRGAVCReplay.Sided.scheme
VC_DIRECT Sal.MRDTs.Foundation.ReplayContext
VC_DIRECT Sal.MRDTs.MRDTSig.toUpdateSig
VC_DIRECT Sal.MRDTs.Foundation.Op
VC_DIRECT Sal.MRDTs.MRDTSig.AppOp
VC_DIRECT Sal.MRDTs.Paper1.ConcreteMRDT.MetadataDependencies.before
VC_EXP_DEP NeemExpansion.AutomatedRGA.Sided.automated_vcs
VC_DEP Sal.MRDTs.Instances.SidedEmbedRGA.instDecidableEqSOp.decEq._proof_6
VC_DEP Sal.MRDTs.Instances.SidedEmbedRGA.instDecidableEqSOp.decEq._proof_1
VC_DEP Sal.MRDTs.Instances.SidedEmbedRGA.instDecidableEqSOp.decEq._proof_4
VC_DEP Sal.MRDTs.Instances.SidedEmbedRGA.instDecidableEqSOp.decEq._proof_9
VC_DEP Sal.MRDTs.Instances.SidedEmbedRGA.instDecidableEqSOp.decEq._proof_7
VC_DEP Sal.MRDTs.Instances.SidedEmbedRGA.instDecidableEqSOp.decEq._proof_5
VC_DEP Sal.EmbedRGA.instDecidableEqSide._proof_2
VC_DEP Sal.EmbedRGA.instDecidableEqSide._proof_1
VC_DEP Sal.EmbedRGA.Side.ofNat_ctorIdx
VC_DEP Sal.MRDTs.Instances.SidedEmbedRGA.instDecidableEqSOp.decEq._proof_2
VC_DEP Sal.MRDTs.Instances.SidedEmbedRGA.instDecidableEqSOp.decEq._proof_8
VC_DEP Sal.MRDTs.Instances.SidedEmbedRGA.instDecidableEqSOp.decEq._proof_3
VC_DEP Sal.MRDTs.Instances.SidedEmbedRGA.sMerge2._unary._proof_2
VC_DEP Sal.MRDTs.Instances.SidedEmbedRGA.sMerge2._unary._proof_1
VC_EXP_DEP NeemExpansion.AutomatedRGA.Sided.adapter
VC_DEP Sal.MRDTs.Instances.SidedEmbedRGA.sKey_inj
VC_DEP Sal.EmbedRGA.sidedCoordOf_inj
VC_DEP Sal.EmbedRGA.sideSym_band_ne
VC_DEP Sal.EmbedRGA.sBlock_ne_nil
VC_DEP Sal.EmbedRGA.enc_ne_nil
VC_DEP Sal.EmbedRGA.enc_ne_nil._proof_1_2
VC_DEP Sal.EmbedRGA.enc_ne_nil._proof_1_1
VC_DEP Sal.EmbedRGA.OrderedPrefixCode.prefixFree
VC_DEP Sal.EmbedRGA.sideSym_inj
VC_DEP Sal.EmbedRGA.sBlock_eq
VC_DEP Sal.EmbedRGA.map_prefix_reflect
VC_DEP Sal.EmbedRGA.map_prefix_reflect._simp_1_3
VC_DEP Sal.MRDTs.Instances.SidedEmbedRGA.SHonestCore.del_has_ins
VC_EXP_DEP NeemExpansion.OrderedRecords.ChainCertificate.key_unique
VC_EXP_DEP NeemExpansion.OrderedRecords.ChainCertificate.injective
VC_EXP_DEP NeemExpansion.OrderedRecords.ChainCertificate.witness
VC_EXP_DEP NeemExpansion.AutomatedRGA.Sided.kit._proof_7
VC_EXP_DEP NeemExpansion.AutomatedRGA.Embedded.kit._simp_1
VC_EXP_DEP NeemExpansion.AutomatedRGA.Sided.provenance_step
VC_EXP_DEP NeemExpansion.AutomatedRGA.Sided.provenance_step._simp_1_2
VC_DEP Sal.MRDTs.Instances.SidedEmbedRGA.mem_sInsert._simp_1
VC_DEP Sal.MRDTs.Instances.SidedEmbedRGA.mem_sInsert
VC_DEP Sal.MRDTs.Instances.SidedEmbedRGA.mem_sInsert._simp_1_6
VC_EXP_DEP NeemExpansion.AutomatedRGA.Sided.kit._proof_10
VC_EXP_DEP NeemExpansion.AutomatedRGA.Sided.kit._proof_12
VC_EXP_DEP NeemExpansion.AutomatedRGA.Sided.kit._proof_6
VC_DEP Sal.MRDTs.Instances.SidedEmbedRGA.sMerge_sorted
VC_DEP Sal.MRDTs.Instances.SidedEmbedRGA.sMerge2_sorted
VC_DEP Sal.MRDTs.Instances.SidedEmbedRGA.sMerge2.eq_1
VC_DEP Sal.MRDTs.Instances.SidedEmbedRGA.sMerge2.eq_def
VC_DEP Sal.MRDTs.Instances.SidedEmbedRGA.sMerge2._unary.eq_def
VC_DEP Sal.MRDTs.Instances.SidedEmbedRGA.sMerge2.eq_3
VC_DEP Sal.EmbedRGA.keyLt_total
VC_DEP Sal.MRDTs.Instances.SidedEmbedRGA.mem_sMerge2
VC_DEP Sal.MRDTs.Instances.SidedEmbedRGA.sMerge2.induct
VC_DEP Sal.MRDTs.Instances.SidedEmbedRGA.sMerge2._unary.induct
VC_DEP Sal.MRDTs.Instances.SidedEmbedRGA.sMerge2.eq_2
VC_DEP Sal.MRDTs.Instances.SidedEmbedRGA.mem_sMerge2._simp_1_6
VC_DEP Sal.EmbedRGA.keyLt_trans
VC_DEP Sal.EmbedRGA.keyLt_trans._proof_1_9
VC_DEP Sal.EmbedRGA.keyLt_trans._proof_1_8
VC_DEP Sal.EmbedRGA.keyLt_trans._proof_1_10
VC_DEP Sal.EmbedRGA.keyLt_trans._proof_1_11
VC_EXP_DEP NeemExpansion.AutomatedRGA.Sided.kit._proof_5
VC_EXP_DEP NeemExpansion.AutomatedRGA.Sided.kit._proof_4
VC_EXP_DEP NeemExpansion.AutomatedRGA.Sided.kit._proof_13
VC_DEP Sal.MRDTs.Instances.SidedEmbedRGA.ssorted_ext
VC_DEP Sal.EmbedRGA.keyLt_asymm
VC_DEP Sal.EmbedRGA.keyLt_asymm._proof_1_9
VC_DEP Sal.EmbedRGA.keyLt_asymm._proof_1_8
VC_DEP Sal.EmbedRGA.keyLt_asymm._proof_1_10
VC_DEP Sal.EmbedRGA.keyLt_irrefl
VC_EXP_DEP NeemExpansion.AutomatedRGA.Sided.kit._proof_9
VC_EXP_DEP NeemExpansion.AutomatedRGA.Sided.ordered_step
VC_DEP Sal.MRDTs.Instances.SidedEmbedRGA.sInsert_sorted
VC_EXP_DEP NeemExpansion.AutomatedRGA.Sided.kit._proof_11
VC_EXP_DEP NeemExpansion.AutomatedRGA.Sided.merge_cell
VC_EXP_DEP NeemExpansion.AutomatedRGA.Sided.merge_cell._simp_1_1
VC_DEP Sal.MRDTs.Instances.SidedEmbedRGA.mem_sMerge2._simp_1
VC_EXP_DEP NeemExpansion.AutomatedRGA.Sided.kit._proof_3
VC_EXP_DEP NeemExpansion.AutomatedRGA.Sided.kit._proof_2
VC_EXP_DEP NeemExpansion.AutomatedRGA.Sided.kit._proof_1
VC_EXP_DEP NeemExpansion.AutomatedRGA.Sided.kit._proof_8
VC_EXP_DEP NeemExpansion.AutomatedRGA.Sided.membership_step
VC_EXP_DEP NeemExpansion.AutomatedRGA.Sided.membership_step._proof_1_5
VC_EXP_DEP NeemExpansion.AutomatedRGA.Sided.membership_step._proof_1_4
VC_DEP Sal.MRDTs.Instances.SidedEmbedRGA.SOp.del.injEq
VC_DEP Sal.MRDTs.Instances.SidedEmbedRGA.SHonestCore.chain_gen
VC_EXP_DEP NeemExpansion.OrderedRecords.assemble
VC_EXP_DEP NeemExpansion.Certified.causal
VC_EXP_DEP NeemExpansion.Certified.DeltaEvidence.birthFresh
VC_EXP_DEP NeemExpansion.Certified.DeltaEvidence.killedCovered
VC_EXP_DEP NeemExpansion.Certified.merge_mem
VC_EXP_DEP NeemExpansion.Certified.local_redistribute
VC_EXP_DEP NeemExpansion.Certified.local_redistribute._simp_1_1
VC_EXP_DEP NeemExpansion.Certified.LocalEvidence.newborn
VC_EXP_DEP NeemExpansion.Certified.LocalEvidence.common
VC_EXP_DEP NeemExpansion.OrderedRecords.represented_ordered
VC_EXP_DEP NeemExpansion.OrderedRecords.replay_ordered
VC_EXP_DEP NeemExpansion.OrderedRecords.Kit.update_ordered
VC_EXP_DEP NeemExpansion.OrderedRecords.Kit.init_ordered
VC_EXP_DEP NeemExpansion.OrderedRecords.provenance
VC_EXP_DEP NeemExpansion.OrderedRecords.Kit.update_provenance
VC_EXP_DEP NeemExpansion.OrderedRecords.Kit.init_carrier
VC_EXP_DEP NeemExpansion.CertifiedReplay.provenance
VC_EXP_DEP NeemExpansion.OrderedRecords.IssuerEvidence.unique_keys
VC_DEP Sal.MRDTs.Foundation.ReplayContext.ts_unique
VC_DEP Sal.MRDTs.Foundation.ReplayContext.timestamps_distinct
VC_EXP_DEP NeemExpansion.OrderedRecords.merged_ordered
VC_EXP_DEP NeemExpansion.OrderedRecords.Kit.merge_ordered
VC_EXP_DEP NeemExpansion.OrderedRecords.keys_compatible
VC_EXP_DEP NeemExpansion.OrderedRecords.membership
VC_EXP_DEP NeemExpansion.OrderedRecords.replay_alive
VC_EXP_DEP NeemExpansion.OrderedRecords.Kit.birth_not_killed
VC_EXP_DEP NeemExpansion.OrderedRecords.Kit.update_mem
VC_EXP_DEP NeemExpansion.OrderedRecords.Kit.written_id
VC_EXP_DEP NeemExpansion.OrderedRecords.IssuerEvidence.creator
VC_EXP_DEP NeemExpansion.CertifiedReplay.alive
VC_EXP_DEP NeemExpansion.CertifiedReplay.alive._simp_1_2
VC_EXP_DEP NeemExpansion.CertifiedReplay.alive._simp_1_1
VC_EXP_DEP NeemExpansion.Certified.shared
VC_EXP_DEP NeemExpansion.Certified.shared._simp_1_1
VC_EXP_DEP NeemExpansion.OrderedRecords.merge_carrier
VC_EXP_DEP NeemExpansion.OrderedRecords.compatible
VC_EXP_DEP NeemExpansion.OrderedRecords.Kit.merge_mem
VC_EXP_DEP NeemExpansion.OrderedRecords.Kit.ext
VC_EXP_DEP NeemExpansion.Certified.comm
VC_EXP_DEP NeemExpansion.Certified.comm._simp_1_1
VC_EXP_DEP NeemExpansion.OrderedRecords.fresh
VC_EXP_DEP NeemExpansion.Certified.initial
VC_DEP Sal.MRDTs.Paper1.ConcreteMRDT.Raw.Context.closed₁
VC_EXP_DEP NeemExpansion.OrderedRecords.delta_evidence
VC_DEP Sal.MRDTs.Paper1.ConcreteMRDT.MetadataDependencies.past_subset
VC_EXP_DEP NeemExpansion.OrderedRecords.local_evidence
VC_AUDIT_COMPLETE
VC_AXIOMS [Classical.choice, propext, Quot.sound]
VC_DIRECT Sal.MRDTs.Instances.RGA.RGAM
VC_DIRECT Sal.MRDTs.Instances.RGA.RGAM_all_comm
VC_EXP_DEP NeemExpansion.TransferProduct.NativeRGA.expanded_vcs
VC_DEP Sal.MRDTs.Instances.RGA.instDecidableEqRGAOp.decEq._proof_5
VC_DEP Sal.MRDTs.Instances.RGA.instDecidableEqRGAOp.decEq._proof_6
VC_DEP Sal.MRDTs.Instances.RGA.instDecidableEqRGAOp.decEq._proof_4
VC_DEP Sal.MRDTs.Instances.RGA.instDecidableEqRGAOp.decEq._proof_2
VC_DEP Sal.MRDTs.Instances.RGA.instDecidableEqRGAOp.decEq._proof_1
VC_DEP Sal.MRDTs.Instances.RGA.instDecidableEqRGAOp.decEq._proof_3
VC_DEP Sal.MRDTs.Instances.RGA.RGAM_all_comm
VC_DEP Sal.MRDTs.Instances.bor_rc
VC_DEP Sal.MRDTs.Paper1.ConcreteMRDT.CommutingPort.scheme._proof_2
VC_DEP Sal.MRDTs.Paper1.ConcreteMRDT.CommutingPort.scheme._proof_1
VC_EXP_DEP NeemExpansion.TransferProduct.NativeRGA.kernels
VC_EXP_DEP NeemExpansion.TransferSimple.assemble
VC_EXP_DEP NeemExpansion.TransferSimple.EmptyPastKernels.shared
VC_EXP_DEP NeemExpansion.TransferSimple.EmptyPastKernels.initial
VC_EXP_DEP NeemExpansion.TransferSimple.EmptyPastKernels.localEquation
VC_DEP Sal.MRDTs.Paper1.ConcreteMRDT.CommutingPort.past_eq
VC_EXP_DEP NeemExpansion.TransferSimple.EmptyPastKernels.comm
VC_EXP_DEP NeemExpansion.TransferSimple.EmptyPastKernels.causalSeed
VC_AUDIT_COMPLETE
VC_AXIOMS [propext, Quot.sound, Classical.choice]
VC_DIRECT Sal.EmbedRGA.OrderedPrefixCode
VC_DIRECT Sal.MRDTs.Paper1.ConcreteMRDT.Raw.MergeVCs.mk
VC_DIRECT Sal.MRDTs.Instances.SidedPeritext.Core
VC_DIRECT Sal.MRDTs.Paper1.CertifiedRGACoreVC.policy
VC_DIRECT Sal.MRDTs.Paper1.CertifiedRGACoreVC.representation
VC_DIRECT Sal.MRDTs.Paper1.CertifiedRGACoreVC.scheme
VC_DIRECT Sal.MRDTs.Foundation.ReplayContext
VC_DIRECT Sal.MRDTs.MRDTSig.toUpdateSig
VC_DIRECT Sal.MRDTs.Foundation.Op
VC_DIRECT Sal.MRDTs.MRDTSig.AppOp
VC_DIRECT Sal.MRDTs.MRDTSig.State
VC_DIRECT Sal.MRDTs.Paper1.ConcreteMRDT.Supported
VC_DIRECT Sal.MRDTs.Paper1.ConcreteMRDT.MetadataDependencies.Closed
VC_DIRECT Sal.MRDTs.MRDTSig.merge
VC_DIRECT Sal.MRDTs.Instances.SidedEmbedRGA.SRec
VC_DIRECT Sal.MRDTs.Instances.SidedPeritext.MarkEvent
VC_DIRECT Sal.MRDTs.MRDTSig.init
VC_DIRECT Sal.MRDTs.Instances.SidedEmbedRGA.SState
VC_DIRECT Sal.MRDTs.Foundation.UpdateSig.AppOp
VC_DIRECT Sal.MRDTs.Foundation.ReplayContext.vis
VC_DIRECT Sal.MRDTs.Paper1.paperOrder
VC_DIRECT Sal.MRDTs.Paper1.ConcreteMRDT.MetadataDependencies.before
VC_DIRECT Sal.MRDTs.Paper1.ConcreteMRDT.MetadataDependencies.Past
VC_DIRECT Sal.MRDTs.MRDTSig.update
VC_DIRECT Sal.MRDTs.Paper1.ConcreteMRDT.MetadataDependencies.past_subset
VC_DIRECT Sal.MRDTs.Foundation.ReplayContext.events
VC_DIRECT Sal.MRDTs.Foundation.listPermOf
VC_DIRECT Sal.MRDTs.Foundation.respects
VC_DIRECT Sal.MRDTs.Foundation.UpdateSig.State
VC_DIRECT Sal.MRDTs.Foundation.applySeq
VC_DIRECT Sal.MRDTs.Paper1.CertifiedRGACoreVC.NativeInsertOnly
VC_DIRECT Sal.MRDTs.Instances.SidedEmbedRGA.SHonestCore
VC_DIRECT Sal.MRDTs.projReplayContext₁
VC_DIRECT Sal.MRDTs.Instances.SidedEmbedRGA.S
VC_DIRECT Sal.MRDTs.Instances.SidedPeritext.Stores
VC_DIRECT Sal.MRDTs.Paper1.ConcreteMRDT.Raw.Context
VC_DIRECT Sal.MRDTs.Paper1.ConcreteMRDT.Raw.Context.closed₁
VC_DIRECT Sal.MRDTs.Paper1.ConcreteMRDT.Raw.Context.closed₂
VC_EXP_DEP NeemExpansion.CertifiedCore.expanded_vcs
VC_DEP Sal.MRDTs.Instances.SidedEmbedRGA.instDecidableEqSOp.decEq._proof_6
VC_DEP Sal.MRDTs.Instances.SidedEmbedRGA.instDecidableEqSOp.decEq._proof_1
VC_DEP Sal.MRDTs.Instances.SidedEmbedRGA.instDecidableEqSOp.decEq._proof_4
VC_DEP Sal.MRDTs.Instances.SidedEmbedRGA.instDecidableEqSOp.decEq._proof_9
VC_DEP Sal.MRDTs.Instances.SidedEmbedRGA.instDecidableEqSOp.decEq._proof_7
VC_DEP Sal.MRDTs.Instances.SidedEmbedRGA.instDecidableEqSOp.decEq._proof_5
VC_DEP Sal.EmbedRGA.instDecidableEqSide._proof_2
VC_DEP Sal.EmbedRGA.instDecidableEqSide._proof_1
VC_DEP Sal.EmbedRGA.Side.ofNat_ctorIdx
VC_DEP Sal.MRDTs.Instances.SidedEmbedRGA.instDecidableEqSOp.decEq._proof_2
VC_DEP Sal.MRDTs.Instances.SidedEmbedRGA.instDecidableEqSOp.decEq._proof_8
VC_DEP Sal.MRDTs.Instances.SidedEmbedRGA.instDecidableEqSOp.decEq._proof_3
VC_DEP Sal.MRDTs.Instances.SidedEmbedRGA.sMerge2._unary._proof_2
VC_DEP Sal.MRDTs.Instances.SidedEmbedRGA.sMerge2._unary._proof_1
VC_DEP Sal.MRDTs.projReplayContext₁._proof_2
VC_DEP Sal.MRDTs.inlOp_injective
VC_DEP Sal.MRDTs.Foundation.ReplayContext.vis_total_same_replica
VC_DEP Sal.MRDTs.projReplayContext₁._proof_1
VC_DEP Sal.MRDTs.Foundation.ReplayContext.timestamps_distinct
VC_EXP_DEP NeemExpansion.CertifiedCore.step_union
VC_EXP_DEP NeemExpansion.CertifiedCore.step_union._simp_1_3
VC_EXP_DEP NeemExpansion.CertifiedCore.step_union._simp_1_4
VC_EXP_DEP NeemExpansion.CertifiedCore.eq_of_normalize
VC_DEP Sal.MRDTs.Paper1.CertifiedRGAVCAlgebra.Sided.eq_of_toFinset
VC_DEP Sal.MRDTs.Instances.SidedEmbedRGA.ssorted_ext
VC_DEP Sal.EmbedRGA.keyLt_asymm
VC_DEP Sal.EmbedRGA.keyLt_asymm._proof_1_9
VC_DEP Sal.EmbedRGA.keyLt_asymm._proof_1_8
VC_DEP Sal.EmbedRGA.keyLt_asymm._proof_1_10
VC_DEP Sal.EmbedRGA.keyLt_irrefl
VC_EXP_DEP NeemExpansion.CertifiedCore.normalize_merge
VC_EXP_DEP NeemExpansion.CertifiedCore.text_merge_union
VC_EXP_DEP NeemExpansion.CertifiedCore.text_merge_union._simp_1_3
VC_EXP_DEP NeemExpansion.CertifiedCore.text_merge_union._simp_1_1
VC_EXP_DEP NeemExpansion.CertifiedRGA.merge_toFinset
VC_EXP_DEP NeemExpansion.CertifiedRGA.merge_toFinset._simp_1_1
VC_EXP_DEP NeemExpansion.CertifiedRGA.compatible
VC_DEP Sal.MRDTs.Foundation.ReplayContext.ts_unique
VC_EXP_DEP NeemExpansion.CertifiedRGA.provenance
VC_EXP_DEP NeemExpansion.CertifiedRGA.replay_membership
VC_EXP_DEP NeemExpansion.CertifiedSidedReplay.membership
VC_EXP_DEP NeemExpansion.CertifiedSidedReplay.step_membership
VC_DEP Sal.MRDTs.Instances.SidedEmbedRGA.SOp.del.injEq
VC_EXP_DEP NeemExpansion.CertifiedSidedReplay.step_membership._simp_1_3
VC_DEP Sal.MRDTs.Instances.SidedEmbedRGA.mem_sInsert
VC_DEP Sal.MRDTs.Instances.SidedEmbedRGA.mem_sInsert._simp_1_6
VC_DEP Sal.MRDTs.Instances.SidedEmbedRGA.SHonestCore.del_has_ins
VC_EXP_DEP NeemExpansion.CertifiedReplay.alive
VC_EXP_DEP NeemExpansion.CertifiedReplay.alive._simp_1_2
VC_EXP_DEP NeemExpansion.CertifiedReplay.alive._simp_1_1
VC_EXP_DEP NeemExpansion.CertifiedSidedReplay.provenance
VC_EXP_DEP NeemExpansion.CertifiedSidedReplay.update_provenance
VC_EXP_DEP NeemExpansion.CertifiedSidedReplay.update_provenance._simp_1_1
VC_EXP_DEP NeemExpansion.CertifiedReplay.provenance
VC_EXP_DEP NeemExpansion.CertifiedRGA.merge_toFinset._simp_1_6
VC_EXP_DEP NeemExpansion.CertifiedRGA.merge_toFinset._simp_1_4
VC_EXP_DEP NeemExpansion.CertifiedRGA.merge_toFinset._simp_1_2
VC_DEP Sal.MRDTs.Paper1.CertifiedRGAVCAlgebra.Sided.merge_membership
VC_DEP Sal.MRDTs.Paper1.CertifiedRGAVCAlgebra.Sided.merge_membership._simp_1_1
VC_DEP Sal.MRDTs.Instances.SidedEmbedRGA.mem_sMerge2
VC_DEP Sal.MRDTs.Instances.SidedEmbedRGA.sMerge2.eq_1
VC_DEP Sal.MRDTs.Instances.SidedEmbedRGA.sMerge2.eq_def
VC_DEP Sal.MRDTs.Instances.SidedEmbedRGA.sMerge2._unary.eq_def
VC_DEP Sal.MRDTs.Instances.SidedEmbedRGA.sMerge2.eq_3
VC_DEP Sal.MRDTs.Instances.SidedEmbedRGA.sMerge2.induct
VC_DEP Sal.MRDTs.Instances.SidedEmbedRGA.sMerge2._unary.induct
VC_DEP Sal.MRDTs.Instances.SidedEmbedRGA.sMerge2.eq_2
VC_DEP Sal.MRDTs.Instances.SidedEmbedRGA.mem_sMerge2._simp_1_6
VC_DEP Sal.MRDTs.Paper1.CertifiedRGAVCAlgebra.Sided.merge_membership._simp_1_2
VC_EXP_DEP NeemExpansion.CertifiedRGA.merge_toFinset._simp_1_3
VC_EXP_DEP NeemExpansion.CertifiedRGA.merge_toFinset._simp_1_5
VC_EXP_DEP NeemExpansion.CertifiedCore.text_mono
VC_EXP_DEP NeemExpansion.CertifiedCore.text_membership
VC_EXP_DEP NeemExpansion.CertifiedCore.represented_text
VC_DEP Sal.MRDTs.applySeq_prod
VC_DEP Sal.MRDTs.listPermOf_projList₁
VC_DEP Sal.MRDTs.mem_projList₁
VC_DEP Sal.MRDTs.mem_projList₁._simp_1_2
VC_DEP Sal.MRDTs.oplOp_inlOp
VC_DEP Sal.MRDTs.oplOp_eq_some
VC_DEP Sal.MRDTs.nodup_projList₁
VC_DEP Sal.MRDTs.mem_projReplayContext₁_events
VC_DEP Sal.MRDTs.respects_projList₁_of
VC_EXP_DEP NeemExpansion.CertifiedCore.text_merge_union._simp_1_2
VC_EXP_DEP NeemExpansion.CertifiedCore.normalize_update
VC_EXP_DEP NeemExpansion.CertifiedRGA.update_toFinset
VC_EXP_DEP NeemExpansion.CertifiedRGA.update_toFinset._simp_1_2
VC_EXP_DEP NeemExpansion.CertifiedRGA.update_toFinset._simp_1_3
VC_EXP_DEP NeemExpansion.CertifiedRGA.update_toFinset._simp_1_4
VC_EXP_DEP NeemExpansion.CertifiedRGA.update_toFinset._simp_1_1
VC_EXP_DEP NeemExpansion.CertifiedRGA.fresh_id
VC_EXP_DEP NeemExpansion.CertifiedRGA.update_toFinset._simp_1_5
VC_EXP_DEP NeemExpansion.CertifiedCore.merge_sorted
VC_EXP_DEP NeemExpansion.CertifiedRGA.merge_sorted
VC_EXP_DEP NeemExpansion.CertifiedRGA.keys_compatible
VC_EXP_DEP NeemExpansion.CertifiedRGA.keys_distinct
VC_DEP Sal.MRDTs.Instances.SidedEmbedRGA.sKey_inj
VC_DEP Sal.EmbedRGA.sidedCoordOf_inj
VC_DEP Sal.EmbedRGA.sideSym_band_ne
VC_DEP Sal.EmbedRGA.sBlock_ne_nil
VC_DEP Sal.EmbedRGA.enc_ne_nil
VC_DEP Sal.EmbedRGA.enc_ne_nil._proof_1_2
VC_DEP Sal.EmbedRGA.enc_ne_nil._proof_1_1
VC_DEP Sal.EmbedRGA.OrderedPrefixCode.prefixFree
VC_DEP Sal.EmbedRGA.sideSym_inj
VC_DEP Sal.EmbedRGA.sBlock_eq
VC_DEP Sal.EmbedRGA.map_prefix_reflect
VC_DEP Sal.EmbedRGA.map_prefix_reflect._simp_1_3
VC_DEP Sal.MRDTs.Instances.SidedEmbedRGA.SHonestCore.chain_gen
VC_DEP Sal.MRDTs.Instances.SidedEmbedRGA.sMerge_sorted
VC_DEP Sal.MRDTs.Instances.SidedEmbedRGA.sMerge2_sorted
VC_DEP Sal.EmbedRGA.keyLt_total
VC_DEP Sal.EmbedRGA.keyLt_trans
VC_DEP Sal.EmbedRGA.keyLt_trans._proof_1_9
VC_DEP Sal.EmbedRGA.keyLt_trans._proof_1_8
VC_DEP Sal.EmbedRGA.keyLt_trans._proof_1_10
VC_DEP Sal.EmbedRGA.keyLt_trans._proof_1_11
VC_EXP_DEP NeemExpansion.CertifiedRGA.sorted
VC_EXP_DEP NeemExpansion.CertifiedRGA.replay_sorted
VC_DEP Sal.MRDTs.Instances.SidedEmbedRGA.sFold_snoc
VC_EXP_DEP NeemExpansion.CertifiedRGA.raw_provenance
VC_DEP Sal.MRDTs.Instances.SidedEmbedRGA.sInsert_sorted
VC_EXP_DEP NeemExpansion.CertifiedCore.sorted
VC_DEP Sal.MRDTs.Paper1.ConcreteMRDT.Raw.Context.closed₁
VC_DEP Sal.MRDTs.Paper1.ConcreteMRDT.MetadataDependencies.past_subset
VC_EXP_DEP NeemExpansion.CertifiedCore.normalized_mono
VC_EXP_DEP NeemExpansion.CertifiedCore.mark_store_membership
VC_EXP_DEP NeemExpansion.CertifiedCore.mark_store_membership._simp_1_1
VC_DEP Sal.MRDTs.listPermOf_projList₂
VC_DEP Sal.MRDTs.mem_projList₂
VC_DEP Sal.MRDTs.mem_projList₂._simp_1_2
VC_DEP Sal.MRDTs.oprOp_inrOp
VC_DEP Sal.MRDTs.oprOp_eq_some
VC_DEP Sal.MRDTs.nodup_projList₂
VC_EXP_DEP NeemExpansion.CertifiedCore.store_fold_mem
VC_EXP_DEP NeemExpansion.CertifiedCore.store_fold_mem._simp_1_1
VC_EXP_DEP NeemExpansion.CertifiedCore.store_fold_mem._simp_1_2
VC_EXP_DEP NeemExpansion.CertifiedCore.delete_store_membership
VC_EXP_DEP NeemExpansion.CertifiedCore.delete_store_membership._simp_1_1
VC_DEP Sal.MRDTs.Paper1.ConcreteMRDT.Raw.Context.closed₂
VC_EXP_DEP NeemExpansion.CertifiedCore.initial
VC_AUDIT_COMPLETE
VC_AXIOMS [propext, Quot.sound, Classical.choice]
VC_DIRECT Sal.EmbedRGA.OrderedPrefixCode
VC_DIRECT Sal.MRDTs.Paper1.ConcreteMRDT.Raw.MergeVCs
VC_DIRECT Sal.MRDTs.Instances.SidedPeritext.Core
VC_DIRECT Sal.MRDTs.Paper1.CertifiedRGACoreVC.policy
VC_DIRECT Sal.MRDTs.Paper1.CertifiedRGACoreVC.representation
VC_DIRECT Sal.MRDTs.Paper1.CertifiedRGACoreVC.scheme
VC_DIRECT Sal.MRDTs.Paper1.ConcreteMRDT.Raw.MergeVCs.mk
VC_DIRECT Sal.MRDTs.Instances.SidedPeritext.RichCore
VC_DIRECT Sal.MRDTs.Paper1.CertifiedRGARichVC.policy
VC_DIRECT Sal.MRDTs.Paper1.CertifiedRGARichVC.representation
VC_DIRECT Sal.MRDTs.Paper1.CertifiedRGARichVC.scheme
VC_DIRECT Sal.MRDTs.Paper1.ConcreteMRDT.Raw.MergeVCs.merge_comm
VC_DIRECT Sal.MRDTs.Paper1.ConcreteMRDT.Raw.MergeVCs.init
VC_DIRECT Sal.MRDTs.Paper1.ConcreteMRDT.Raw.MergeVCs.causal_delta
VC_DIRECT Sal.MRDTs.Foundation.ReplayContext
VC_DIRECT Sal.MRDTs.MRDTSig.toUpdateSig
VC_DIRECT Sal.MRDTs.Foundation.Op
VC_DIRECT Sal.MRDTs.MRDTSig.AppOp
VC_DIRECT Sal.MRDTs.MRDTSig.State
VC_DIRECT Sal.MRDTs.Paper1.ConcreteMRDT.Raw.Context
VC_DIRECT Sal.MRDTs.Paper1.ConcreteMRDT.Raw.MergeVCs.local_redistribute
VC_DIRECT Sal.MRDTs.Paper1.ConcreteMRDT.Raw.Context.mk
VC_DIRECT Sal.MRDTs.Paper1.ConcreteMRDT.Raw.Context.trans
VC_DIRECT Sal.MRDTs.Paper1.ConcreteMRDT.Raw.Context.irrefl
VC_DIRECT Sal.MRDTs.Paper1.ConcreteMRDT.Raw.Context.supported₁
VC_DIRECT Sal.MRDTs.Paper1.ConcreteMRDT.Raw.Context.supported₂
VC_DIRECT Sal.MRDTs.Paper1.ConcreteMRDT.Raw.Context.closed₁
VC_DIRECT Sal.MRDTs.Paper1.ConcreteMRDT.Raw.Context.closed₂
VC_DIRECT Sal.MRDTs.Paper1.ConcreteMRDT.Raw.Context.semantic
VC_DIRECT Sal.MRDTs.Paper1.ConcreteMRDT.Raw.Context.metadata
VC_DIRECT Sal.MRDTs.Paper1.ConcreteMRDT.Raw.MergeVCs.shared
VC_EXP_DEP NeemExpansion.CertifiedCore.rich_expanded_vcs
VC_DEP Sal.MRDTs.Instances.SidedEmbedRGA.instDecidableEqSOp.decEq._proof_6
VC_DEP Sal.MRDTs.Instances.SidedEmbedRGA.instDecidableEqSOp.decEq._proof_1
VC_DEP Sal.MRDTs.Instances.SidedEmbedRGA.instDecidableEqSOp.decEq._proof_4
VC_DEP Sal.MRDTs.Instances.SidedEmbedRGA.instDecidableEqSOp.decEq._proof_9
VC_DEP Sal.MRDTs.Instances.SidedEmbedRGA.instDecidableEqSOp.decEq._proof_7
VC_DEP Sal.MRDTs.Instances.SidedEmbedRGA.instDecidableEqSOp.decEq._proof_5
VC_DEP Sal.EmbedRGA.instDecidableEqSide._proof_2
VC_DEP Sal.EmbedRGA.instDecidableEqSide._proof_1
VC_DEP Sal.EmbedRGA.Side.ofNat_ctorIdx
VC_DEP Sal.MRDTs.Instances.SidedEmbedRGA.instDecidableEqSOp.decEq._proof_2
VC_DEP Sal.MRDTs.Instances.SidedEmbedRGA.instDecidableEqSOp.decEq._proof_8
VC_DEP Sal.MRDTs.Instances.SidedEmbedRGA.instDecidableEqSOp.decEq._proof_3
VC_DEP Sal.MRDTs.Instances.SidedEmbedRGA.sMerge2._unary._proof_2
VC_DEP Sal.MRDTs.Instances.SidedEmbedRGA.sMerge2._unary._proof_1
VC_DEP Sal.MRDTs.projReplayContext₁._proof_2
VC_DEP Sal.MRDTs.inlOp_injective
VC_DEP Sal.MRDTs.Foundation.ReplayContext.vis_total_same_replica
VC_DEP Sal.MRDTs.projReplayContext₁._proof_1
VC_DEP Sal.MRDTs.Foundation.ReplayContext.timestamps_distinct
VC_DEP Sal.MRDTs.Paper1.ConcreteMRDT.Raw.Context.trans
VC_DEP Sal.MRDTs.Instances.PeritextRender.instDecidableEqMType._proof_1
VC_DEP Sal.MRDTs.Instances.PeritextRender.MType.ofNat_ctorIdx
VC_DEP Sal.MRDTs.Instances.PeritextRender.instDecidableEqMType._proof_2
VC_DEP Sal.MRDTs.Instances.PeritextRender.instDecidableEqMarkOp._proof_1
VC_DEP Sal.MRDTs.Instances.PeritextRender.MarkOp.ofNat_ctorIdx
VC_DEP Sal.MRDTs.Instances.PeritextRender.instDecidableEqMarkOp._proof_2
VC_DEP Sal.MRDTs.Paper1.ConcreteMRDT.Raw.MergeVCs.local_redistribute
VC_DEP Sal.MRDTs.Paper1.ConcreteMRDT.Raw.Context.supported₂
VC_DEP Sal.MRDTs.Paper1.ConcreteMRDT.Raw.MergeVCs.merge_comm
VC_EXP_DEP NeemExpansion.CertifiedCore.expanded_vcs
VC_EXP_DEP NeemExpansion.CertifiedCore.step_union
VC_EXP_DEP NeemExpansion.CertifiedCore.step_union._simp_1_3
VC_EXP_DEP NeemExpansion.CertifiedCore.step_union._simp_1_4
VC_EXP_DEP NeemExpansion.CertifiedCore.eq_of_normalize
VC_DEP Sal.MRDTs.Paper1.CertifiedRGAVCAlgebra.Sided.eq_of_toFinset
VC_DEP Sal.MRDTs.Instances.SidedEmbedRGA.ssorted_ext
VC_DEP Sal.EmbedRGA.keyLt_asymm
VC_DEP Sal.EmbedRGA.keyLt_asymm._proof_1_9
VC_DEP Sal.EmbedRGA.keyLt_asymm._proof_1_8
VC_DEP Sal.EmbedRGA.keyLt_asymm._proof_1_10
VC_DEP Sal.EmbedRGA.keyLt_irrefl
VC_EXP_DEP NeemExpansion.CertifiedCore.normalize_merge
VC_EXP_DEP NeemExpansion.CertifiedCore.text_merge_union
VC_EXP_DEP NeemExpansion.CertifiedCore.text_merge_union._simp_1_3
VC_EXP_DEP NeemExpansion.CertifiedCore.text_merge_union._simp_1_1
VC_EXP_DEP NeemExpansion.CertifiedRGA.merge_toFinset
VC_EXP_DEP NeemExpansion.CertifiedRGA.merge_toFinset._simp_1_1
VC_EXP_DEP NeemExpansion.CertifiedRGA.compatible
VC_DEP Sal.MRDTs.Foundation.ReplayContext.ts_unique
VC_EXP_DEP NeemExpansion.CertifiedRGA.provenance
VC_EXP_DEP NeemExpansion.CertifiedRGA.replay_membership
VC_EXP_DEP NeemExpansion.CertifiedSidedReplay.membership
VC_EXP_DEP NeemExpansion.CertifiedSidedReplay.step_membership
VC_DEP Sal.MRDTs.Instances.SidedEmbedRGA.SOp.del.injEq
VC_EXP_DEP NeemExpansion.CertifiedSidedReplay.step_membership._simp_1_3
VC_DEP Sal.MRDTs.Instances.SidedEmbedRGA.mem_sInsert
VC_DEP Sal.MRDTs.Instances.SidedEmbedRGA.mem_sInsert._simp_1_6
VC_DEP Sal.MRDTs.Instances.SidedEmbedRGA.SHonestCore.del_has_ins
VC_EXP_DEP NeemExpansion.CertifiedReplay.alive
VC_EXP_DEP NeemExpansion.CertifiedReplay.alive._simp_1_2
VC_EXP_DEP NeemExpansion.CertifiedReplay.alive._simp_1_1
VC_EXP_DEP NeemExpansion.CertifiedSidedReplay.provenance
VC_EXP_DEP NeemExpansion.CertifiedSidedReplay.update_provenance
VC_EXP_DEP NeemExpansion.CertifiedSidedReplay.update_provenance._simp_1_1
VC_EXP_DEP NeemExpansion.CertifiedReplay.provenance
VC_EXP_DEP NeemExpansion.CertifiedRGA.merge_toFinset._simp_1_6
VC_EXP_DEP NeemExpansion.CertifiedRGA.merge_toFinset._simp_1_4
VC_EXP_DEP NeemExpansion.CertifiedRGA.merge_toFinset._simp_1_2
VC_DEP Sal.MRDTs.Paper1.CertifiedRGAVCAlgebra.Sided.merge_membership
VC_DEP Sal.MRDTs.Paper1.CertifiedRGAVCAlgebra.Sided.merge_membership._simp_1_1
VC_DEP Sal.MRDTs.Instances.SidedEmbedRGA.mem_sMerge2
VC_DEP Sal.MRDTs.Instances.SidedEmbedRGA.sMerge2.eq_1
VC_DEP Sal.MRDTs.Instances.SidedEmbedRGA.sMerge2.eq_def
VC_DEP Sal.MRDTs.Instances.SidedEmbedRGA.sMerge2._unary.eq_def
VC_DEP Sal.MRDTs.Instances.SidedEmbedRGA.sMerge2.eq_3
VC_DEP Sal.MRDTs.Instances.SidedEmbedRGA.sMerge2.induct
VC_DEP Sal.MRDTs.Instances.SidedEmbedRGA.sMerge2._unary.induct
VC_DEP Sal.MRDTs.Instances.SidedEmbedRGA.sMerge2.eq_2
VC_DEP Sal.MRDTs.Instances.SidedEmbedRGA.mem_sMerge2._simp_1_6
VC_DEP Sal.MRDTs.Paper1.CertifiedRGAVCAlgebra.Sided.merge_membership._simp_1_2
VC_EXP_DEP NeemExpansion.CertifiedRGA.merge_toFinset._simp_1_3
VC_EXP_DEP NeemExpansion.CertifiedRGA.merge_toFinset._simp_1_5
VC_EXP_DEP NeemExpansion.CertifiedCore.text_mono
VC_EXP_DEP NeemExpansion.CertifiedCore.text_membership
VC_EXP_DEP NeemExpansion.CertifiedCore.represented_text
VC_DEP Sal.MRDTs.applySeq_prod
VC_DEP Sal.MRDTs.listPermOf_projList₁
VC_DEP Sal.MRDTs.mem_projList₁
VC_DEP Sal.MRDTs.mem_projList₁._simp_1_2
VC_DEP Sal.MRDTs.oplOp_inlOp
VC_DEP Sal.MRDTs.oplOp_eq_some
VC_DEP Sal.MRDTs.nodup_projList₁
VC_DEP Sal.MRDTs.mem_projReplayContext₁_events
VC_DEP Sal.MRDTs.respects_projList₁_of
VC_EXP_DEP NeemExpansion.CertifiedCore.text_merge_union._simp_1_2
VC_EXP_DEP NeemExpansion.CertifiedCore.normalize_update
VC_EXP_DEP NeemExpansion.CertifiedRGA.update_toFinset
VC_EXP_DEP NeemExpansion.CertifiedRGA.update_toFinset._simp_1_2
VC_EXP_DEP NeemExpansion.CertifiedRGA.update_toFinset._simp_1_3
VC_EXP_DEP NeemExpansion.CertifiedRGA.update_toFinset._simp_1_4
VC_EXP_DEP NeemExpansion.CertifiedRGA.update_toFinset._simp_1_1
VC_EXP_DEP NeemExpansion.CertifiedRGA.fresh_id
VC_EXP_DEP NeemExpansion.CertifiedRGA.update_toFinset._simp_1_5
VC_EXP_DEP NeemExpansion.CertifiedCore.merge_sorted
VC_EXP_DEP NeemExpansion.CertifiedRGA.merge_sorted
VC_EXP_DEP NeemExpansion.CertifiedRGA.keys_compatible
VC_EXP_DEP NeemExpansion.CertifiedRGA.keys_distinct
VC_DEP Sal.MRDTs.Instances.SidedEmbedRGA.sKey_inj
VC_DEP Sal.EmbedRGA.sidedCoordOf_inj
VC_DEP Sal.EmbedRGA.sideSym_band_ne
VC_DEP Sal.EmbedRGA.sBlock_ne_nil
VC_DEP Sal.EmbedRGA.enc_ne_nil
VC_DEP Sal.EmbedRGA.enc_ne_nil._proof_1_2
VC_DEP Sal.EmbedRGA.enc_ne_nil._proof_1_1
VC_DEP Sal.EmbedRGA.OrderedPrefixCode.prefixFree
VC_DEP Sal.EmbedRGA.sideSym_inj
VC_DEP Sal.EmbedRGA.sBlock_eq
VC_DEP Sal.EmbedRGA.map_prefix_reflect
VC_DEP Sal.EmbedRGA.map_prefix_reflect._simp_1_3
VC_DEP Sal.MRDTs.Instances.SidedEmbedRGA.SHonestCore.chain_gen
VC_DEP Sal.MRDTs.Instances.SidedEmbedRGA.sMerge_sorted
VC_DEP Sal.MRDTs.Instances.SidedEmbedRGA.sMerge2_sorted
VC_DEP Sal.EmbedRGA.keyLt_total
VC_DEP Sal.EmbedRGA.keyLt_trans
VC_DEP Sal.EmbedRGA.keyLt_trans._proof_1_9
VC_DEP Sal.EmbedRGA.keyLt_trans._proof_1_8
VC_DEP Sal.EmbedRGA.keyLt_trans._proof_1_10
VC_DEP Sal.EmbedRGA.keyLt_trans._proof_1_11
VC_EXP_DEP NeemExpansion.CertifiedRGA.sorted
VC_EXP_DEP NeemExpansion.CertifiedRGA.replay_sorted
VC_DEP Sal.MRDTs.Instances.SidedEmbedRGA.sFold_snoc
VC_EXP_DEP NeemExpansion.CertifiedRGA.raw_provenance
VC_DEP Sal.MRDTs.Instances.SidedEmbedRGA.sInsert_sorted
VC_EXP_DEP NeemExpansion.CertifiedCore.sorted
VC_DEP Sal.MRDTs.Paper1.ConcreteMRDT.Raw.Context.closed₁
VC_DEP Sal.MRDTs.Paper1.ConcreteMRDT.MetadataDependencies.past_subset
VC_EXP_DEP NeemExpansion.CertifiedCore.normalized_mono
VC_EXP_DEP NeemExpansion.CertifiedCore.mark_store_membership
VC_EXP_DEP NeemExpansion.CertifiedCore.mark_store_membership._simp_1_1
VC_DEP Sal.MRDTs.listPermOf_projList₂
VC_DEP Sal.MRDTs.mem_projList₂
VC_DEP Sal.MRDTs.mem_projList₂._simp_1_2
VC_DEP Sal.MRDTs.oprOp_inrOp
VC_DEP Sal.MRDTs.oprOp_eq_some
VC_DEP Sal.MRDTs.nodup_projList₂
VC_EXP_DEP NeemExpansion.CertifiedCore.store_fold_mem
VC_EXP_DEP NeemExpansion.CertifiedCore.store_fold_mem._simp_1_1
VC_EXP_DEP NeemExpansion.CertifiedCore.store_fold_mem._simp_1_2
VC_EXP_DEP NeemExpansion.CertifiedCore.delete_store_membership
VC_EXP_DEP NeemExpansion.CertifiedCore.delete_store_membership._simp_1_1
VC_DEP Sal.MRDTs.Paper1.ConcreteMRDT.Raw.Context.closed₂
VC_EXP_DEP NeemExpansion.CertifiedCore.initial
VC_DEP Sal.MRDTs.Paper1.ConcreteMRDT.Raw.MergeVCs.init
VC_DEP Sal.MRDTs.Paper1.ConcreteMRDT.Raw.Context.supported₁
VC_DEP Sal.MRDTs.Paper1.ConcreteMRDT.Raw.MergeVCs.causal_delta
VC_DEP Sal.MRDTs.Paper1.ConcreteMRDT.Raw.Context.semantic
VC_DEP Sal.MRDTs.Paper1.ConcreteMRDT.Raw.Context.irrefl
VC_DEP Sal.MRDTs.Paper1.ConcreteMRDT.Raw.MergeVCs.shared
VC_DEP Sal.MRDTs.Paper1.ConcreteMRDT.Raw.Context.metadata
VC_AUDIT_COMPLETE
VC_AXIOMS [propext, Quot.sound, Classical.choice]
VC_DIRECT Sal.EmbedRGA.OrderedPrefixCode
VC_DIRECT Sal.MRDTs.Instances.EmbedRGA.E
VC_DIRECT Sal.MRDTs.Instances.EmbedRGA.ERec
VC_DIRECT Sal.MRDTs.Paper1.CertifiedRGAVCReplay.Embedded.policy
VC_DIRECT Sal.MRDTs.Paper1.CertifiedRGAVCReplay.Embedded.representation
VC_DIRECT Sal.MRDTs.Paper1.CertifiedRGAVCReplay.Embedded.scheme
VC_DIRECT Sal.MRDTs.Foundation.ReplayContext
VC_DIRECT Sal.MRDTs.MRDTSig.toUpdateSig
VC_DIRECT Sal.MRDTs.Foundation.Op
VC_DIRECT Sal.MRDTs.MRDTSig.AppOp
VC_DIRECT Sal.MRDTs.Paper1.ConcreteMRDT.MetadataDependencies.before
VC_EXP_DEP NeemExpansion.AutomatedRGA.Embedded.automated_vcs
VC_EXP_DEP NeemExpansion.AutomatedRGA.Embedded.kit._proof_8
VC_EXP_DEP NeemExpansion.AutomatedRGA.Embedded.kit._simp_1
VC_EXP_DEP NeemExpansion.AutomatedRGA.Embedded.membership_step
VC_EXP_DEP NeemExpansion.AutomatedRGA.Embedded.membership_step._proof_1_4
VC_EXP_DEP NeemExpansion.AutomatedRGA.Embedded.membership_step._proof_1_5
VC_DEP Sal.MRDTs.Instances.EmbedRGA.mem_eInsert._simp_1
VC_DEP Sal.MRDTs.Instances.EmbedRGA.mem_eInsert
VC_DEP Sal.MRDTs.Instances.EmbedRGA.mem_eInsert._simp_1_6
VC_DEP Sal.MRDTs.Instances.EmbedRGA.EOp.del.injEq
VC_DEP Sal.MRDTs.Instances.EmbedRGA.eMerge2._unary._proof_1
VC_DEP Sal.MRDTs.Instances.EmbedRGA.eMerge2._unary._proof_2
VC_DEP Sal.MRDTs.Instances.EmbedRGA.instDecidableEqEOp.decEq._proof_8
VC_DEP Sal.MRDTs.Instances.EmbedRGA.instDecidableEqEOp.decEq._proof_4
VC_DEP Sal.MRDTs.Instances.EmbedRGA.instDecidableEqEOp.decEq._proof_6
VC_DEP Sal.MRDTs.Instances.EmbedRGA.instDecidableEqEOp.decEq._proof_5
VC_DEP Sal.MRDTs.Instances.EmbedRGA.instDecidableEqEOp.decEq._proof_2
VC_DEP Sal.MRDTs.Instances.EmbedRGA.instDecidableEqEOp.decEq._proof_1
VC_DEP Sal.MRDTs.Instances.EmbedRGA.instDecidableEqEOp.decEq._proof_3
VC_DEP Sal.MRDTs.Instances.EmbedRGA.instDecidableEqEOp.decEq._proof_7
VC_EXP_DEP NeemExpansion.AutomatedRGA.Embedded.kit._proof_1
VC_EXP_DEP NeemExpansion.AutomatedRGA.Embedded.kit._proof_3
VC_EXP_DEP NeemExpansion.AutomatedRGA.Embedded.kit._proof_2
VC_EXP_DEP NeemExpansion.AutomatedRGA.Embedded.kit._proof_9
VC_EXP_DEP NeemExpansion.AutomatedRGA.Embedded.ordered_step
VC_DEP Sal.MRDTs.Instances.EmbedRGA.eInsert_sorted
VC_DEP Sal.EmbedRGA.keyLt_total
VC_DEP Sal.EmbedRGA.keyLt_trans
VC_DEP Sal.EmbedRGA.keyLt_trans._proof_1_9
VC_DEP Sal.EmbedRGA.keyLt_trans._proof_1_8
VC_DEP Sal.EmbedRGA.keyLt_trans._proof_1_10
VC_DEP Sal.EmbedRGA.keyLt_trans._proof_1_11
VC_EXP_DEP NeemExpansion.AutomatedRGA.Embedded.kit._proof_11
VC_EXP_DEP NeemExpansion.AutomatedRGA.Embedded.merge_cell
VC_EXP_DEP NeemExpansion.AutomatedRGA.Embedded.merge_cell._simp_1_1
VC_DEP Sal.MRDTs.Instances.EmbedRGA.mem_eMerge2._simp_1
VC_DEP Sal.MRDTs.Instances.EmbedRGA.mem_eMerge2
VC_DEP Sal.MRDTs.Instances.EmbedRGA.eMerge2.eq_1
VC_DEP Sal.MRDTs.Instances.EmbedRGA.eMerge2.eq_def
VC_DEP Sal.MRDTs.Instances.EmbedRGA.eMerge2._unary.eq_def
VC_DEP Sal.MRDTs.Instances.EmbedRGA.eMerge2.eq_2
VC_DEP Sal.MRDTs.Instances.EmbedRGA.eMerge2.eq_3
VC_DEP Sal.MRDTs.Instances.EmbedRGA.eMerge2.induct
VC_DEP Sal.MRDTs.Instances.EmbedRGA.eMerge2._unary.induct
VC_DEP Sal.MRDTs.Instances.EmbedRGA.mem_eMerge2._simp_1_6
VC_EXP_DEP NeemExpansion.AutomatedRGA.Embedded.kit._proof_10
VC_EXP_DEP NeemExpansion.AutomatedRGA.Embedded.kit._proof_12
VC_EXP_DEP NeemExpansion.AutomatedRGA.Embedded.kit._proof_7
VC_EXP_DEP NeemExpansion.AutomatedRGA.Embedded.kit._proof_5
VC_DEP Sal.MRDTs.Instances.EmbedRGA.eMerge_sorted
VC_DEP Sal.MRDTs.Instances.EmbedRGA.eMerge2_sorted
VC_EXP_DEP NeemExpansion.AutomatedRGA.Embedded.kit._proof_6
VC_EXP_DEP NeemExpansion.AutomatedRGA.Embedded.kit._proof_4
VC_EXP_DEP NeemExpansion.AutomatedRGA.Embedded.provenance_step
VC_EXP_DEP NeemExpansion.AutomatedRGA.Embedded.provenance_step._simp_1_2
VC_EXP_DEP NeemExpansion.AutomatedRGA.Embedded.kit._proof_13
VC_DEP Sal.MRDTs.Instances.EmbedRGA.esorted_ext
VC_DEP Sal.EmbedRGA.keyLt_asymm
VC_DEP Sal.EmbedRGA.keyLt_asymm._proof_1_9
VC_DEP Sal.EmbedRGA.keyLt_asymm._proof_1_8
VC_DEP Sal.EmbedRGA.keyLt_asymm._proof_1_10
VC_DEP Sal.EmbedRGA.keyLt_irrefl
VC_EXP_DEP NeemExpansion.AutomatedRGA.Embedded.adapter
VC_DEP Sal.MRDTs.Instances.EmbedRGA.EHonestCore.del_has_ins
VC_DEP Sal.EmbedRGA.coordOf_inj
VC_DEP Sal.EmbedRGA.OrderedPrefixCode.prefixFree
VC_DEP Sal.EmbedRGA.enc_ne_nil
VC_DEP Sal.EmbedRGA.enc_ne_nil._proof_1_2
VC_DEP Sal.EmbedRGA.enc_ne_nil._proof_1_1
VC_DEP Sal.EmbedRGA.key_inj
VC_DEP Sal.MRDTs.Instances.EmbedRGA.EHonestCore.chain_gen
VC_EXP_DEP NeemExpansion.OrderedRecords.ChainCertificate.key_unique
VC_EXP_DEP NeemExpansion.OrderedRecords.ChainCertificate.injective
VC_EXP_DEP NeemExpansion.OrderedRecords.ChainCertificate.witness
VC_EXP_DEP NeemExpansion.OrderedRecords.assemble
VC_EXP_DEP NeemExpansion.Certified.causal
VC_EXP_DEP NeemExpansion.Certified.DeltaEvidence.birthFresh
VC_EXP_DEP NeemExpansion.Certified.DeltaEvidence.killedCovered
VC_EXP_DEP NeemExpansion.Certified.merge_mem
VC_EXP_DEP NeemExpansion.Certified.local_redistribute
VC_EXP_DEP NeemExpansion.Certified.local_redistribute._simp_1_1
VC_EXP_DEP NeemExpansion.Certified.LocalEvidence.newborn
VC_EXP_DEP NeemExpansion.Certified.LocalEvidence.common
VC_EXP_DEP NeemExpansion.OrderedRecords.represented_ordered
VC_EXP_DEP NeemExpansion.OrderedRecords.replay_ordered
VC_EXP_DEP NeemExpansion.OrderedRecords.Kit.update_ordered
VC_EXP_DEP NeemExpansion.OrderedRecords.Kit.init_ordered
VC_EXP_DEP NeemExpansion.OrderedRecords.provenance
VC_EXP_DEP NeemExpansion.OrderedRecords.Kit.update_provenance
VC_EXP_DEP NeemExpansion.OrderedRecords.Kit.init_carrier
VC_EXP_DEP NeemExpansion.CertifiedReplay.provenance
VC_EXP_DEP NeemExpansion.OrderedRecords.IssuerEvidence.unique_keys
VC_DEP Sal.MRDTs.Foundation.ReplayContext.ts_unique
VC_DEP Sal.MRDTs.Foundation.ReplayContext.timestamps_distinct
VC_EXP_DEP NeemExpansion.OrderedRecords.merged_ordered
VC_EXP_DEP NeemExpansion.OrderedRecords.Kit.merge_ordered
VC_EXP_DEP NeemExpansion.OrderedRecords.keys_compatible
VC_EXP_DEP NeemExpansion.OrderedRecords.membership
VC_EXP_DEP NeemExpansion.OrderedRecords.replay_alive
VC_EXP_DEP NeemExpansion.OrderedRecords.Kit.birth_not_killed
VC_EXP_DEP NeemExpansion.OrderedRecords.Kit.update_mem
VC_EXP_DEP NeemExpansion.OrderedRecords.Kit.written_id
VC_EXP_DEP NeemExpansion.OrderedRecords.IssuerEvidence.creator
VC_EXP_DEP NeemExpansion.CertifiedReplay.alive
VC_EXP_DEP NeemExpansion.CertifiedReplay.alive._simp_1_2
VC_EXP_DEP NeemExpansion.CertifiedReplay.alive._simp_1_1
VC_EXP_DEP NeemExpansion.Certified.shared
VC_EXP_DEP NeemExpansion.Certified.shared._simp_1_1
VC_EXP_DEP NeemExpansion.OrderedRecords.merge_carrier
VC_EXP_DEP NeemExpansion.OrderedRecords.compatible
VC_EXP_DEP NeemExpansion.OrderedRecords.Kit.merge_mem
VC_EXP_DEP NeemExpansion.OrderedRecords.Kit.ext
VC_EXP_DEP NeemExpansion.Certified.comm
VC_EXP_DEP NeemExpansion.Certified.comm._simp_1_1
VC_EXP_DEP NeemExpansion.OrderedRecords.fresh
VC_EXP_DEP NeemExpansion.Certified.initial
VC_DEP Sal.MRDTs.Paper1.ConcreteMRDT.Raw.Context.closed₁
VC_EXP_DEP NeemExpansion.OrderedRecords.delta_evidence
VC_DEP Sal.MRDTs.Paper1.ConcreteMRDT.MetadataDependencies.past_subset
VC_EXP_DEP NeemExpansion.OrderedRecords.local_evidence
VC_AUDIT_COMPLETE
VC_AXIOMS [propext, Quot.sound, Classical.choice]
VC_DIRECT Sal.EmbedRGA.unaryCode
VC_EXP_DEP NeemExpansion.AutomatedRGA.anchored_queue
VC_EXP_DEP NeemExpansion.AutomatedRGA.Embedded.automated_vcs
VC_EXP_DEP NeemExpansion.AutomatedRGA.Embedded.kit._proof_8
VC_EXP_DEP NeemExpansion.AutomatedRGA.Embedded.kit._simp_1
VC_EXP_DEP NeemExpansion.AutomatedRGA.Embedded.membership_step
VC_EXP_DEP NeemExpansion.AutomatedRGA.Embedded.membership_step._proof_1_4
VC_EXP_DEP NeemExpansion.AutomatedRGA.Embedded.membership_step._proof_1_5
VC_DEP Sal.MRDTs.Instances.EmbedRGA.mem_eInsert._simp_1
VC_DEP Sal.MRDTs.Instances.EmbedRGA.mem_eInsert
VC_DEP Sal.MRDTs.Instances.EmbedRGA.mem_eInsert._simp_1_6
VC_DEP Sal.MRDTs.Instances.EmbedRGA.EOp.del.injEq
VC_DEP Sal.MRDTs.Instances.EmbedRGA.eMerge2._unary._proof_1
VC_DEP Sal.MRDTs.Instances.EmbedRGA.eMerge2._unary._proof_2
VC_DEP Sal.MRDTs.Instances.EmbedRGA.instDecidableEqEOp.decEq._proof_8
VC_DEP Sal.MRDTs.Instances.EmbedRGA.instDecidableEqEOp.decEq._proof_4
VC_DEP Sal.MRDTs.Instances.EmbedRGA.instDecidableEqEOp.decEq._proof_6
VC_DEP Sal.MRDTs.Instances.EmbedRGA.instDecidableEqEOp.decEq._proof_5
VC_DEP Sal.MRDTs.Instances.EmbedRGA.instDecidableEqEOp.decEq._proof_2
VC_DEP Sal.MRDTs.Instances.EmbedRGA.instDecidableEqEOp.decEq._proof_1
VC_DEP Sal.MRDTs.Instances.EmbedRGA.instDecidableEqEOp.decEq._proof_3
VC_DEP Sal.MRDTs.Instances.EmbedRGA.instDecidableEqEOp.decEq._proof_7
VC_EXP_DEP NeemExpansion.AutomatedRGA.Embedded.kit._proof_1
VC_EXP_DEP NeemExpansion.AutomatedRGA.Embedded.kit._proof_3
VC_EXP_DEP NeemExpansion.AutomatedRGA.Embedded.kit._proof_2
VC_EXP_DEP NeemExpansion.AutomatedRGA.Embedded.kit._proof_9
VC_EXP_DEP NeemExpansion.AutomatedRGA.Embedded.ordered_step
VC_DEP Sal.MRDTs.Instances.EmbedRGA.eInsert_sorted
VC_DEP Sal.EmbedRGA.keyLt_total
VC_DEP Sal.EmbedRGA.keyLt_trans
VC_DEP Sal.EmbedRGA.keyLt_trans._proof_1_9
VC_DEP Sal.EmbedRGA.keyLt_trans._proof_1_8
VC_DEP Sal.EmbedRGA.keyLt_trans._proof_1_10
VC_DEP Sal.EmbedRGA.keyLt_trans._proof_1_11
VC_EXP_DEP NeemExpansion.AutomatedRGA.Embedded.kit._proof_11
VC_EXP_DEP NeemExpansion.AutomatedRGA.Embedded.merge_cell
VC_EXP_DEP NeemExpansion.AutomatedRGA.Embedded.merge_cell._simp_1_1
VC_DEP Sal.MRDTs.Instances.EmbedRGA.mem_eMerge2._simp_1
VC_DEP Sal.MRDTs.Instances.EmbedRGA.mem_eMerge2
VC_DEP Sal.MRDTs.Instances.EmbedRGA.eMerge2.eq_1
VC_DEP Sal.MRDTs.Instances.EmbedRGA.eMerge2.eq_def
VC_DEP Sal.MRDTs.Instances.EmbedRGA.eMerge2._unary.eq_def
VC_DEP Sal.MRDTs.Instances.EmbedRGA.eMerge2.eq_2
VC_DEP Sal.MRDTs.Instances.EmbedRGA.eMerge2.eq_3
VC_DEP Sal.MRDTs.Instances.EmbedRGA.eMerge2.induct
VC_DEP Sal.MRDTs.Instances.EmbedRGA.eMerge2._unary.induct
VC_DEP Sal.MRDTs.Instances.EmbedRGA.mem_eMerge2._simp_1_6
VC_EXP_DEP NeemExpansion.AutomatedRGA.Embedded.kit._proof_10
VC_EXP_DEP NeemExpansion.AutomatedRGA.Embedded.kit._proof_12
VC_EXP_DEP NeemExpansion.AutomatedRGA.Embedded.kit._proof_7
VC_EXP_DEP NeemExpansion.AutomatedRGA.Embedded.kit._proof_5
VC_DEP Sal.MRDTs.Instances.EmbedRGA.eMerge_sorted
VC_DEP Sal.MRDTs.Instances.EmbedRGA.eMerge2_sorted
VC_EXP_DEP NeemExpansion.AutomatedRGA.Embedded.kit._proof_6
VC_EXP_DEP NeemExpansion.AutomatedRGA.Embedded.kit._proof_4
VC_EXP_DEP NeemExpansion.AutomatedRGA.Embedded.provenance_step
VC_EXP_DEP NeemExpansion.AutomatedRGA.Embedded.provenance_step._simp_1_2
VC_EXP_DEP NeemExpansion.AutomatedRGA.Embedded.kit._proof_13
VC_DEP Sal.MRDTs.Instances.EmbedRGA.esorted_ext
VC_DEP Sal.EmbedRGA.keyLt_asymm
VC_DEP Sal.EmbedRGA.keyLt_asymm._proof_1_9
VC_DEP Sal.EmbedRGA.keyLt_asymm._proof_1_8
VC_DEP Sal.EmbedRGA.keyLt_asymm._proof_1_10
VC_DEP Sal.EmbedRGA.keyLt_irrefl
VC_EXP_DEP NeemExpansion.AutomatedRGA.Embedded.adapter
VC_DEP Sal.MRDTs.Instances.EmbedRGA.EHonestCore.del_has_ins
VC_DEP Sal.EmbedRGA.coordOf_inj
VC_DEP Sal.EmbedRGA.OrderedPrefixCode.prefixFree
VC_DEP Sal.EmbedRGA.enc_ne_nil
VC_DEP Sal.EmbedRGA.enc_ne_nil._proof_1_2
VC_DEP Sal.EmbedRGA.enc_ne_nil._proof_1_1
VC_DEP Sal.EmbedRGA.key_inj
VC_DEP Sal.MRDTs.Instances.EmbedRGA.EHonestCore.chain_gen
VC_EXP_DEP NeemExpansion.OrderedRecords.ChainCertificate.key_unique
VC_EXP_DEP NeemExpansion.OrderedRecords.ChainCertificate.injective
VC_EXP_DEP NeemExpansion.OrderedRecords.ChainCertificate.witness
VC_EXP_DEP NeemExpansion.OrderedRecords.assemble
VC_EXP_DEP NeemExpansion.Certified.causal
VC_EXP_DEP NeemExpansion.Certified.DeltaEvidence.birthFresh
VC_EXP_DEP NeemExpansion.Certified.DeltaEvidence.killedCovered
VC_EXP_DEP NeemExpansion.Certified.merge_mem
VC_EXP_DEP NeemExpansion.Certified.local_redistribute
VC_EXP_DEP NeemExpansion.Certified.local_redistribute._simp_1_1
VC_EXP_DEP NeemExpansion.Certified.LocalEvidence.newborn
VC_EXP_DEP NeemExpansion.Certified.LocalEvidence.common
VC_EXP_DEP NeemExpansion.OrderedRecords.represented_ordered
VC_EXP_DEP NeemExpansion.OrderedRecords.replay_ordered
VC_EXP_DEP NeemExpansion.OrderedRecords.Kit.update_ordered
VC_EXP_DEP NeemExpansion.OrderedRecords.Kit.init_ordered
VC_EXP_DEP NeemExpansion.OrderedRecords.provenance
VC_EXP_DEP NeemExpansion.OrderedRecords.Kit.update_provenance
VC_EXP_DEP NeemExpansion.OrderedRecords.Kit.init_carrier
VC_EXP_DEP NeemExpansion.CertifiedReplay.provenance
VC_EXP_DEP NeemExpansion.OrderedRecords.IssuerEvidence.unique_keys
VC_DEP Sal.MRDTs.Foundation.ReplayContext.ts_unique
VC_DEP Sal.MRDTs.Foundation.ReplayContext.timestamps_distinct
VC_EXP_DEP NeemExpansion.OrderedRecords.merged_ordered
VC_EXP_DEP NeemExpansion.OrderedRecords.Kit.merge_ordered
VC_EXP_DEP NeemExpansion.OrderedRecords.keys_compatible
VC_EXP_DEP NeemExpansion.OrderedRecords.membership
VC_EXP_DEP NeemExpansion.OrderedRecords.replay_alive
VC_EXP_DEP NeemExpansion.OrderedRecords.Kit.birth_not_killed
VC_EXP_DEP NeemExpansion.OrderedRecords.Kit.update_mem
VC_EXP_DEP NeemExpansion.OrderedRecords.Kit.written_id
VC_EXP_DEP NeemExpansion.OrderedRecords.IssuerEvidence.creator
VC_EXP_DEP NeemExpansion.CertifiedReplay.alive
VC_EXP_DEP NeemExpansion.CertifiedReplay.alive._simp_1_2
VC_EXP_DEP NeemExpansion.CertifiedReplay.alive._simp_1_1
VC_EXP_DEP NeemExpansion.Certified.shared
VC_EXP_DEP NeemExpansion.Certified.shared._simp_1_1
VC_EXP_DEP NeemExpansion.OrderedRecords.merge_carrier
VC_EXP_DEP NeemExpansion.OrderedRecords.compatible
VC_EXP_DEP NeemExpansion.OrderedRecords.Kit.merge_mem
VC_EXP_DEP NeemExpansion.OrderedRecords.Kit.ext
VC_EXP_DEP NeemExpansion.Certified.comm
VC_EXP_DEP NeemExpansion.Certified.comm._simp_1_1
VC_EXP_DEP NeemExpansion.OrderedRecords.fresh
VC_EXP_DEP NeemExpansion.Certified.initial
VC_DEP Sal.MRDTs.Paper1.ConcreteMRDT.Raw.Context.closed₁
VC_EXP_DEP NeemExpansion.OrderedRecords.delta_evidence
VC_DEP Sal.MRDTs.Paper1.ConcreteMRDT.MetadataDependencies.past_subset
VC_EXP_DEP NeemExpansion.OrderedRecords.local_evidence
VC_DEP Sal.EmbedRGA.unaryEnc_not_prefix
VC_DEP Sal.EmbedRGA.unaryEnc_mono
VC_AUDIT_COMPLETE
VC_AXIOMS [propext, Quot.sound, Classical.choice]
VC_DIRECT Sal.EmbedRGA.OrderedPrefixCode
VC_DIRECT Sal.MRDTs.Instances.Peritext.Element
VC_DIRECT Sal.MRDTs.Instances.Peritext.instDecidableEqElement
VC_DIRECT Sal.MRDTs.Instances.Peritext.instInhabitedElement
VC_EXP_DEP NeemExpansion.AutomatedRGA.peritext
VC_DEP Sal.MRDTs.Instances.Peritext.instDecidableEqMark.decEq._proof_59
VC_DEP Sal.MRDTs.Instances.Peritext.instDecidableEqMark.decEq._proof_30
VC_DEP Sal.MRDTs.Instances.Peritext.instDecidableEqMark.decEq._proof_35
VC_DEP Sal.MRDTs.Instances.Peritext.instDecidableEqMark.decEq._proof_2
VC_DEP Sal.MRDTs.Instances.Peritext.instDecidableEqMark.decEq._proof_49
VC_DEP Sal.MRDTs.Instances.Peritext.instDecidableEqMark.decEq._proof_10
VC_DEP Sal.MRDTs.Instances.Peritext.instDecidableEqMark.decEq._proof_5
VC_DEP Sal.MRDTs.Instances.Peritext.instDecidableEqMark.decEq._proof_32
VC_DEP Sal.MRDTs.Instances.Peritext.instDecidableEqMark.decEq._proof_50
VC_DEP Sal.MRDTs.Instances.Peritext.instDecidableEqMark.decEq._proof_39
VC_DEP Sal.MRDTs.Instances.Peritext.instDecidableEqMark.decEq._proof_6
VC_DEP Sal.MRDTs.Instances.Peritext.instDecidableEqMark.decEq._proof_18
VC_DEP Sal.MRDTs.Instances.Peritext.instDecidableEqMark.decEq._proof_43
VC_DEP Sal.MRDTs.Instances.Peritext.instDecidableEqMark.decEq._proof_20
VC_DEP Sal.MRDTs.Instances.Peritext.instDecidableEqMark.decEq._proof_58
VC_DEP Sal.MRDTs.Instances.Peritext.instDecidableEqMark.decEq._proof_24
VC_DEP Sal.MRDTs.Instances.Peritext.instDecidableEqMark.decEq._proof_17
VC_DEP Sal.MRDTs.Instances.Peritext.instDecidableEqMark.decEq._proof_4
VC_DEP Sal.MRDTs.Instances.Peritext.instDecidableEqMark.decEq._proof_47
VC_DEP Sal.MRDTs.Instances.Peritext.instDecidableEqMark.decEq._proof_12
VC_DEP Sal.MRDTs.Instances.Peritext.instDecidableEqMark.decEq._proof_61
VC_DEP Sal.MRDTs.Instances.Peritext.instDecidableEqMark.decEq._proof_29
VC_DEP Sal.MRDTs.Instances.Peritext.instDecidableEqMark.decEq._proof_55
VC_DEP Sal.MRDTs.Instances.Peritext.instDecidableEqMark.decEq._proof_37
VC_DEP Sal.MRDTs.Instances.Peritext.instDecidableEqMark.decEq._proof_44
VC_DEP Sal.MRDTs.Instances.Peritext.instDecidableEqMark.decEq._proof_25
VC_DEP Sal.MRDTs.Instances.Peritext.instDecidableEqMark.decEq._proof_48
VC_DEP Sal.MRDTs.Instances.Peritext.instDecidableEqMark.decEq._proof_64
VC_DEP Sal.MRDTs.Instances.Peritext.instDecidableEqMark.decEq._proof_33
VC_DEP Sal.MRDTs.Instances.Peritext.instDecidableEqMark.decEq._proof_60
VC_DEP Sal.MRDTs.Instances.Peritext.instDecidableEqMark.decEq._proof_45
VC_DEP Sal.MRDTs.Instances.Peritext.instDecidableEqMark.decEq._proof_22
VC_DEP Sal.MRDTs.Instances.Peritext.instDecidableEqMark.decEq._proof_63
VC_DEP Sal.MRDTs.Instances.Peritext.instDecidableEqMark.decEq._proof_31
VC_DEP Sal.MRDTs.Instances.Peritext.instDecidableEqMark.decEq._proof_52
VC_DEP Sal.MRDTs.Instances.Peritext.instDecidableEqMark.decEq._proof_3
VC_DEP Sal.MRDTs.Instances.Peritext.instDecidableEqMark.decEq._proof_7
VC_DEP Sal.MRDTs.Instances.Peritext.instDecidableEqMark.decEq._proof_56
VC_DEP Sal.MRDTs.Instances.Peritext.instDecidableEqMark.decEq._proof_19
VC_DEP Sal.MRDTs.Instances.Peritext.instDecidableEqMark.decEq._proof_14
VC_DEP Sal.MRDTs.Instances.Peritext.instDecidableEqMark.decEq._proof_8
VC_DEP Sal.MRDTs.Instances.Peritext.instDecidableEqMark.decEq._proof_26
VC_DEP Sal.MRDTs.Instances.Peritext.instDecidableEqMark.decEq._proof_38
VC_DEP Sal.MRDTs.Instances.Peritext.instDecidableEqMark.decEq._proof_46
VC_DEP Sal.MRDTs.Instances.Peritext.instDecidableEqMark.decEq._proof_21
VC_DEP Sal.MRDTs.Instances.Peritext.instDecidableEqMark.decEq._proof_53
VC_DEP Sal.MRDTs.Instances.Peritext.instDecidableEqMark.decEq._proof_41
VC_DEP Sal.MRDTs.Instances.Peritext.instDecidableEqMark.decEq._proof_51
VC_DEP Sal.MRDTs.Instances.Peritext.instDecidableEqMark.decEq._proof_28
VC_DEP Sal.MRDTs.Instances.Peritext.instDecidableEqMark.decEq._proof_27
VC_DEP Sal.MRDTs.Instances.Peritext.instDecidableEqMark.decEq._proof_54
VC_DEP Sal.MRDTs.Instances.Peritext.instDecidableEqMark.decEq._proof_23
VC_DEP Sal.MRDTs.Instances.Peritext.instDecidableEqMark.decEq._proof_42
VC_DEP Sal.MRDTs.Instances.Peritext.instDecidableEqMark.decEq._proof_34
VC_DEP Sal.MRDTs.Instances.Peritext.instDecidableEqMark.decEq._proof_36
VC_DEP Sal.MRDTs.Instances.Peritext.instDecidableEqMark.decEq._proof_1
VC_DEP Sal.MRDTs.Instances.Peritext.instDecidableEqMark.decEq._proof_62
VC_DEP Sal.MRDTs.Instances.Peritext.instDecidableEqMark.decEq._proof_13
VC_DEP Sal.MRDTs.Instances.Peritext.instDecidableEqMark.decEq._proof_40
VC_DEP Sal.MRDTs.Instances.Peritext.instDecidableEqMark.decEq._proof_15
VC_DEP Sal.MRDTs.Instances.Peritext.instDecidableEqMark.decEq._proof_57
VC_DEP Sal.MRDTs.Instances.Peritext.instDecidableEqMark.decEq._proof_9
VC_DEP Sal.MRDTs.Instances.Peritext.instDecidableEqMark.decEq._proof_11
VC_DEP Sal.MRDTs.Instances.Peritext.instDecidableEqMark.decEq._proof_65
VC_DEP Sal.MRDTs.Instances.Peritext.instDecidableEqMark.decEq._proof_16
VC_DEP Sal.MRDTs.Instances.Peritext.instDecidableEqElement.decEq._proof_7
VC_DEP Sal.MRDTs.Instances.Peritext.instDecidableEqElement.decEq._proof_4
VC_DEP Sal.MRDTs.Instances.Peritext.instDecidableEqElement.decEq._proof_3
VC_DEP Sal.MRDTs.Instances.Peritext.instDecidableEqElement.decEq._proof_8
VC_DEP Sal.MRDTs.Instances.Peritext.instDecidableEqElement.decEq._proof_2
VC_DEP Sal.MRDTs.Instances.Peritext.instDecidableEqElement.decEq._proof_6
VC_DEP Sal.MRDTs.Instances.Peritext.instDecidableEqElement.decEq._proof_5
VC_DEP Sal.MRDTs.Instances.Peritext.instDecidableEqElement.decEq._proof_1
VC_EXP_DEP NeemExpansion.AutomatedRGA.Embedded.automated_vcs
VC_EXP_DEP NeemExpansion.AutomatedRGA.Embedded.kit._proof_8
VC_EXP_DEP NeemExpansion.AutomatedRGA.Embedded.kit._simp_1
VC_EXP_DEP NeemExpansion.AutomatedRGA.Embedded.membership_step
VC_EXP_DEP NeemExpansion.AutomatedRGA.Embedded.membership_step._proof_1_4
VC_EXP_DEP NeemExpansion.AutomatedRGA.Embedded.membership_step._proof_1_5
VC_DEP Sal.MRDTs.Instances.EmbedRGA.mem_eInsert._simp_1
VC_DEP Sal.MRDTs.Instances.EmbedRGA.mem_eInsert
VC_DEP Sal.MRDTs.Instances.EmbedRGA.mem_eInsert._simp_1_6
VC_DEP Sal.MRDTs.Instances.EmbedRGA.EOp.del.injEq
VC_DEP Sal.MRDTs.Instances.EmbedRGA.eMerge2._unary._proof_1
VC_DEP Sal.MRDTs.Instances.EmbedRGA.eMerge2._unary._proof_2
VC_DEP Sal.MRDTs.Instances.EmbedRGA.instDecidableEqEOp.decEq._proof_8
VC_DEP Sal.MRDTs.Instances.EmbedRGA.instDecidableEqEOp.decEq._proof_4
VC_DEP Sal.MRDTs.Instances.EmbedRGA.instDecidableEqEOp.decEq._proof_6
VC_DEP Sal.MRDTs.Instances.EmbedRGA.instDecidableEqEOp.decEq._proof_5
VC_DEP Sal.MRDTs.Instances.EmbedRGA.instDecidableEqEOp.decEq._proof_2
VC_DEP Sal.MRDTs.Instances.EmbedRGA.instDecidableEqEOp.decEq._proof_1
VC_DEP Sal.MRDTs.Instances.EmbedRGA.instDecidableEqEOp.decEq._proof_3
VC_DEP Sal.MRDTs.Instances.EmbedRGA.instDecidableEqEOp.decEq._proof_7
VC_EXP_DEP NeemExpansion.AutomatedRGA.Embedded.kit._proof_1
VC_EXP_DEP NeemExpansion.AutomatedRGA.Embedded.kit._proof_3
VC_EXP_DEP NeemExpansion.AutomatedRGA.Embedded.kit._proof_2
VC_EXP_DEP NeemExpansion.AutomatedRGA.Embedded.kit._proof_9
VC_EXP_DEP NeemExpansion.AutomatedRGA.Embedded.ordered_step
VC_DEP Sal.MRDTs.Instances.EmbedRGA.eInsert_sorted
VC_DEP Sal.EmbedRGA.keyLt_total
VC_DEP Sal.EmbedRGA.keyLt_trans
VC_DEP Sal.EmbedRGA.keyLt_trans._proof_1_9
VC_DEP Sal.EmbedRGA.keyLt_trans._proof_1_8
VC_DEP Sal.EmbedRGA.keyLt_trans._proof_1_10
VC_DEP Sal.EmbedRGA.keyLt_trans._proof_1_11
VC_EXP_DEP NeemExpansion.AutomatedRGA.Embedded.kit._proof_11
VC_EXP_DEP NeemExpansion.AutomatedRGA.Embedded.merge_cell
VC_EXP_DEP NeemExpansion.AutomatedRGA.Embedded.merge_cell._simp_1_1
VC_DEP Sal.MRDTs.Instances.EmbedRGA.mem_eMerge2._simp_1
VC_DEP Sal.MRDTs.Instances.EmbedRGA.mem_eMerge2
VC_DEP Sal.MRDTs.Instances.EmbedRGA.eMerge2.eq_1
VC_DEP Sal.MRDTs.Instances.EmbedRGA.eMerge2.eq_def
VC_DEP Sal.MRDTs.Instances.EmbedRGA.eMerge2._unary.eq_def
VC_DEP Sal.MRDTs.Instances.EmbedRGA.eMerge2.eq_2
VC_DEP Sal.MRDTs.Instances.EmbedRGA.eMerge2.eq_3
VC_DEP Sal.MRDTs.Instances.EmbedRGA.eMerge2.induct
VC_DEP Sal.MRDTs.Instances.EmbedRGA.eMerge2._unary.induct
VC_DEP Sal.MRDTs.Instances.EmbedRGA.mem_eMerge2._simp_1_6
VC_EXP_DEP NeemExpansion.AutomatedRGA.Embedded.kit._proof_10
VC_EXP_DEP NeemExpansion.AutomatedRGA.Embedded.kit._proof_12
VC_EXP_DEP NeemExpansion.AutomatedRGA.Embedded.kit._proof_7
VC_EXP_DEP NeemExpansion.AutomatedRGA.Embedded.kit._proof_5
VC_DEP Sal.MRDTs.Instances.EmbedRGA.eMerge_sorted
VC_DEP Sal.MRDTs.Instances.EmbedRGA.eMerge2_sorted
VC_EXP_DEP NeemExpansion.AutomatedRGA.Embedded.kit._proof_6
VC_EXP_DEP NeemExpansion.AutomatedRGA.Embedded.kit._proof_4
VC_EXP_DEP NeemExpansion.AutomatedRGA.Embedded.provenance_step
VC_EXP_DEP NeemExpansion.AutomatedRGA.Embedded.provenance_step._simp_1_2
VC_EXP_DEP NeemExpansion.AutomatedRGA.Embedded.kit._proof_13
VC_DEP Sal.MRDTs.Instances.EmbedRGA.esorted_ext
VC_DEP Sal.EmbedRGA.keyLt_asymm
VC_DEP Sal.EmbedRGA.keyLt_asymm._proof_1_9
VC_DEP Sal.EmbedRGA.keyLt_asymm._proof_1_8
VC_DEP Sal.EmbedRGA.keyLt_asymm._proof_1_10
VC_DEP Sal.EmbedRGA.keyLt_irrefl
VC_EXP_DEP NeemExpansion.AutomatedRGA.Embedded.adapter
VC_DEP Sal.MRDTs.Instances.EmbedRGA.EHonestCore.del_has_ins
VC_DEP Sal.EmbedRGA.coordOf_inj
VC_DEP Sal.EmbedRGA.OrderedPrefixCode.prefixFree
VC_DEP Sal.EmbedRGA.enc_ne_nil
VC_DEP Sal.EmbedRGA.enc_ne_nil._proof_1_2
VC_DEP Sal.EmbedRGA.enc_ne_nil._proof_1_1
VC_DEP Sal.EmbedRGA.key_inj
VC_DEP Sal.MRDTs.Instances.EmbedRGA.EHonestCore.chain_gen
VC_EXP_DEP NeemExpansion.OrderedRecords.ChainCertificate.key_unique
VC_EXP_DEP NeemExpansion.OrderedRecords.ChainCertificate.injective
VC_EXP_DEP NeemExpansion.OrderedRecords.ChainCertificate.witness
VC_EXP_DEP NeemExpansion.OrderedRecords.assemble
VC_EXP_DEP NeemExpansion.Certified.causal
VC_EXP_DEP NeemExpansion.Certified.DeltaEvidence.birthFresh
VC_EXP_DEP NeemExpansion.Certified.DeltaEvidence.killedCovered
VC_EXP_DEP NeemExpansion.Certified.merge_mem
VC_EXP_DEP NeemExpansion.Certified.local_redistribute
VC_EXP_DEP NeemExpansion.Certified.local_redistribute._simp_1_1
VC_EXP_DEP NeemExpansion.Certified.LocalEvidence.newborn
VC_EXP_DEP NeemExpansion.Certified.LocalEvidence.common
VC_EXP_DEP NeemExpansion.OrderedRecords.represented_ordered
VC_EXP_DEP NeemExpansion.OrderedRecords.replay_ordered
VC_EXP_DEP NeemExpansion.OrderedRecords.Kit.update_ordered
VC_EXP_DEP NeemExpansion.OrderedRecords.Kit.init_ordered
VC_EXP_DEP NeemExpansion.OrderedRecords.provenance
VC_EXP_DEP NeemExpansion.OrderedRecords.Kit.update_provenance
VC_EXP_DEP NeemExpansion.OrderedRecords.Kit.init_carrier
VC_EXP_DEP NeemExpansion.CertifiedReplay.provenance
VC_EXP_DEP NeemExpansion.OrderedRecords.IssuerEvidence.unique_keys
VC_DEP Sal.MRDTs.Foundation.ReplayContext.ts_unique
VC_DEP Sal.MRDTs.Foundation.ReplayContext.timestamps_distinct
VC_EXP_DEP NeemExpansion.OrderedRecords.merged_ordered
VC_EXP_DEP NeemExpansion.OrderedRecords.Kit.merge_ordered
VC_EXP_DEP NeemExpansion.OrderedRecords.keys_compatible
VC_EXP_DEP NeemExpansion.OrderedRecords.membership
VC_EXP_DEP NeemExpansion.OrderedRecords.replay_alive
VC_EXP_DEP NeemExpansion.OrderedRecords.Kit.birth_not_killed
VC_EXP_DEP NeemExpansion.OrderedRecords.Kit.update_mem
VC_EXP_DEP NeemExpansion.OrderedRecords.Kit.written_id
VC_EXP_DEP NeemExpansion.OrderedRecords.IssuerEvidence.creator
VC_EXP_DEP NeemExpansion.CertifiedReplay.alive
VC_EXP_DEP NeemExpansion.CertifiedReplay.alive._simp_1_2
VC_EXP_DEP NeemExpansion.CertifiedReplay.alive._simp_1_1
VC_EXP_DEP NeemExpansion.Certified.shared
VC_EXP_DEP NeemExpansion.Certified.shared._simp_1_1
VC_EXP_DEP NeemExpansion.OrderedRecords.merge_carrier
VC_EXP_DEP NeemExpansion.OrderedRecords.compatible
VC_EXP_DEP NeemExpansion.OrderedRecords.Kit.merge_mem
VC_EXP_DEP NeemExpansion.OrderedRecords.Kit.ext
VC_EXP_DEP NeemExpansion.Certified.comm
VC_EXP_DEP NeemExpansion.Certified.comm._simp_1_1
VC_EXP_DEP NeemExpansion.OrderedRecords.fresh
VC_EXP_DEP NeemExpansion.Certified.initial
VC_DEP Sal.MRDTs.Paper1.ConcreteMRDT.Raw.Context.closed₁
VC_EXP_DEP NeemExpansion.OrderedRecords.delta_evidence
VC_DEP Sal.MRDTs.Paper1.ConcreteMRDT.MetadataDependencies.past_subset
VC_EXP_DEP NeemExpansion.OrderedRecords.local_evidence
VC_AUDIT_COMPLETE
VC_AXIOMS [propext, Quot.sound, Classical.choice]
VC_DIRECT Sal.EmbedRGA.OrderedPrefixCode
VC_DIRECT Sal.MRDTs.Paper1.ConcreteMRDT.Raw.MergeVCs.mk
VC_DIRECT Sal.MRDTs.Instances.SidedEmbedRGA.FugueMax.datatype
VC_DIRECT Sal.MRDTs.Paper1.CertifiedFugueVCReplay.policy
VC_DIRECT Sal.MRDTs.Paper1.CertifiedFugueVCReplay.representation
VC_DIRECT Sal.MRDTs.Paper1.CertifiedFugueVCReplay.scheme
VC_DIRECT Sal.MRDTs.Foundation.ReplayContext
VC_DIRECT Sal.MRDTs.MRDTSig.toUpdateSig
VC_DIRECT Sal.MRDTs.Foundation.Op
VC_DIRECT Sal.MRDTs.MRDTSig.AppOp
VC_DIRECT Sal.MRDTs.MRDTSig.State
VC_DIRECT Sal.MRDTs.Paper1.ConcreteMRDT.Supported
VC_DIRECT Sal.MRDTs.Paper1.ConcreteMRDT.MetadataDependencies.Closed
VC_DIRECT Sal.MRDTs.MRDTSig.merge
VC_DIRECT Sal.MRDTs.Instances.SidedEmbedRGA.FugueMax.rawMerge
VC_DIRECT Sal.MRDTs.Instances.SidedEmbedRGA.FugueMax.State.live
VC_DIRECT Sal.MRDTs.Instances.SidedEmbedRGA.SRec
VC_DIRECT Sal.MRDTs.Paper1.SetMergeAlgebra.merge
VC_DIRECT Sal.MRDTs.Instances.SidedEmbedRGA.FugueMax.Payload
VC_DIRECT Sal.MRDTs.Instances.SidedEmbedRGA.MRec
VC_DIRECT Sal.MRDTs.Instances.SidedEmbedRGA.instDecidableEqMRec
VC_DIRECT Sal.MRDTs.Instances.SidedEmbedRGA.FugueMax.State.births
VC_DIRECT Sal.MRDTs.Instances.SidedEmbedRGA.FugueMax.State
VC_DIRECT Sal.MRDTs.Instances.SidedEmbedRGA.FugueMax.State.mk
VC_DIRECT Sal.MRDTs.Instances.SidedEmbedRGA.sMerge
VC_DIRECT Sal.MRDTs.MRDTSig.init
VC_DIRECT Sal.MRDTs.Paper1.CertifiedFugueVCReplay.initial
VC_DIRECT Sal.MRDTs.Foundation.UpdateSig.AppOp
VC_DIRECT Sal.MRDTs.Foundation.ReplayContext.vis
VC_DIRECT Sal.MRDTs.Paper1.paperOrder
VC_DIRECT Sal.MRDTs.Paper1.ConcreteMRDT.MetadataDependencies.before
VC_DIRECT Sal.MRDTs.Paper1.ConcreteMRDT.MetadataDependencies.Past
VC_DIRECT Sal.MRDTs.MRDTSig.update
VC_DIRECT Sal.MRDTs.Foundation.ReplayContext.events
VC_DIRECT Sal.MRDTs.Foundation.listPermOf
VC_DIRECT Sal.MRDTs.Foundation.respects
VC_DIRECT Sal.MRDTs.Foundation.UpdateSig.State
VC_DIRECT Sal.MRDTs.Foundation.applySeq
VC_DIRECT Sal.MRDTs.Configuration
VC_DIRECT Sal.MRDTs.MintHonest
VC_DIRECT Sal.MRDTs.Instances.SidedEmbedRGA.FugueMax.applicable
VC_DIRECT Sal.MRDTs.Configuration.replayContext
VC_DIRECT Sal.MRDTs.Instances.SidedEmbedRGA.FugueMax.rawUpdate
VC_DIRECT Sal.MRDTs.MRDTSig.mk
VC_DIRECT Sal.MRDTs.Instances.SidedEmbedRGA.FugueMax.instDecidableEqState
VC_DIRECT Sal.MRDTs.Instances.SidedEmbedRGA.FugueMax.instDecidableEqPayload
VC_DIRECT Sal.MRDTs.Instances.SidedEmbedRGA.sIds
VC_DIRECT Sal.MRDTs.Instances.SidedEmbedRGA.FugueMax.recordOf
VC_DIRECT Sal.MRDTs.Instances.SidedEmbedRGA.mIsIns
VC_DIRECT Sal.MRDTs.Paper1.ConcreteMRDT.MetadataDependencies.past_subset
VC_DIRECT Sal.MRDTs.Paper1.ConcreteMRDT.Raw.Context
VC_DIRECT Sal.MRDTs.Paper1.ConcreteMRDT.Raw.Context.closed₁
VC_EXP_DEP NeemExpansion.CertifiedFugueVCExpansion.expanded_vcs
VC_DEP Sal.MRDTs.Instances.SidedEmbedRGA.instDecidableEqMRec.decEq._proof_4
VC_DEP Sal.MRDTs.Instances.SidedEmbedRGA.instDecidableEqMRec.decEq._proof_5
VC_DEP Sal.MRDTs.Instances.SidedEmbedRGA.instDecidableEqMRec.decEq._proof_7
VC_DEP Sal.MRDTs.Instances.SidedEmbedRGA.instDecidableEqMRec.decEq._proof_1
VC_DEP Sal.MRDTs.Instances.SidedEmbedRGA.instDecidableEqMRec.decEq._proof_3
VC_DEP Sal.EmbedRGA.instDecidableEqFMEntry.decEq._proof_5
VC_DEP Sal.EmbedRGA.instDecidableEqFMEntry.decEq._proof_2
VC_DEP Sal.EmbedRGA.instDecidableEqFMEntry.decEq._proof_1
VC_DEP Sal.EmbedRGA.instDecidableEqFMEntry.decEq._proof_7
VC_DEP Sal.EmbedRGA.instDecidableEqFMEntry.decEq._proof_6
VC_DEP Sal.EmbedRGA.instDecidableEqFMEntry.decEq._proof_4
VC_DEP Sal.EmbedRGA.instDecidableEqFMEntry.decEq._proof_3
VC_DEP Sal.MRDTs.Instances.SidedEmbedRGA.instDecidableEqMRec.decEq._proof_6
VC_DEP Sal.MRDTs.Instances.SidedEmbedRGA.instDecidableEqMOp.decEq._proof_7
VC_DEP Sal.MRDTs.Instances.SidedEmbedRGA.instDecidableEqMOp.decEq._proof_3
VC_DEP Sal.MRDTs.Instances.SidedEmbedRGA.instDecidableEqMOp.decEq._proof_5
VC_DEP Sal.MRDTs.Instances.SidedEmbedRGA.instDecidableEqMOp.decEq._proof_6
VC_DEP Sal.EmbedRGA.instDecidableEqSide._proof_2
VC_DEP Sal.EmbedRGA.instDecidableEqSide._proof_1
VC_DEP Sal.EmbedRGA.Side.ofNat_ctorIdx
VC_DEP Sal.MRDTs.Instances.SidedEmbedRGA.instDecidableEqMOp.decEq._proof_4
VC_DEP Sal.MRDTs.Instances.SidedEmbedRGA.instDecidableEqMOp.decEq._proof_2
VC_DEP Sal.MRDTs.Instances.SidedEmbedRGA.instDecidableEqMOp.decEq._proof_1
VC_DEP Sal.MRDTs.Instances.SidedEmbedRGA.instDecidableEqMRec.decEq._proof_2
VC_EXP_DEP NeemExpansion.CertifiedFugue.represented_births
VC_DEP Sal.MRDTs.Instances.SidedEmbedRGA.FugueMax.instDecidableEqPayload.decEq._proof_4
VC_DEP Sal.MRDTs.Instances.SidedEmbedRGA.FugueMax.instDecidableEqPayload.decEq._proof_5
VC_DEP Sal.MRDTs.Instances.SidedEmbedRGA.FugueMax.instDecidableEqPayload.decEq._proof_3
VC_DEP Sal.MRDTs.Instances.SidedEmbedRGA.FugueMax.instDecidableEqPayload.decEq._proof_1
VC_DEP Sal.MRDTs.Instances.SidedEmbedRGA.FugueMax.instDecidableEqPayload.decEq._proof_2
VC_DEP Sal.MRDTs.Instances.SidedEmbedRGA.sMerge2._unary._proof_2
VC_DEP Sal.MRDTs.Instances.SidedEmbedRGA.sMerge2._unary._proof_1
VC_DEP Sal.MRDTs.Instances.SidedEmbedRGA.FugueMax.instDecidableEqState.decEq._proof_2
VC_DEP Sal.MRDTs.Instances.SidedEmbedRGA.FugueMax.instDecidableEqState.decEq._proof_3
VC_DEP Sal.MRDTs.Instances.SidedEmbedRGA.FugueMax.instDecidableEqState.decEq._proof_1
VC_DEP Sal.MRDTs.Configuration.vis_total_same_replica
VC_DEP Sal.MRDTs.Configuration.timestamps_distinct
VC_EXP_DEP NeemExpansion.CertifiedFugue.births
VC_EXP_DEP NeemExpansion.CertifiedFugue.births._simp_1_2
VC_EXP_DEP NeemExpansion.CertifiedFugue.births._simp_1_3
VC_EXP_DEP NeemExpansion.CertifiedFugue.births._simp_1_1
VC_EXP_DEP NeemExpansion.CertifiedFugueVCExpansion.merge_sorted
VC_EXP_DEP NeemExpansion.CertifiedFugueVCExpansion.sorted
VC_EXP_DEP NeemExpansion.CertifiedFugueVCExpansion.evidence
VC_EXP_DEP NeemExpansion.CertifiedFugue.chain_of_mint
VC_EXP_DEP NeemExpansion.CertifiedFugue.generated_chain
VC_EXP_DEP NeemExpansion.CertifiedFugue.generated_chain._simp_1_1
VC_EXP_DEP NeemExpansion.CertifiedFugue.generated_chain._proof_1_3
VC_EXP_DEP NeemExpansion.CertifiedFugue.lookup_chain
VC_DEP Sal.MRDTs.Instances.SidedEmbedRGA.mChainOf_eq_of_rec
VC_DEP Sal.MRDTs.Instances.SidedEmbedRGA.mRecOfId_of_minted
VC_DEP Sal.MRDTs.Instances.SidedEmbedRGA.mRecOfId.eq_1
VC_DEP Sal.MRDTs.Instances.SidedEmbedRGA.mChainOf_zero
VC_DEP Sal.MRDTs.Instances.SidedEmbedRGA.mChainOf_zero._simp_1_1
VC_DEP Sal.MRDTs.Instances.SidedEmbedRGA.mGenInsAfter_someFalse
VC_EXP_DEP NeemExpansion.CertifiedFugue.generated_chain._proof_1_7
VC_EXP_DEP NeemExpansion.CertifiedFugue.generated_chain._proof_1_6
VC_EXP_DEP NeemExpansion.CertifiedFugue.generated_chain._proof_1_2
VC_EXP_DEP NeemExpansion.CertifiedFugue.generated_chain._proof_1_4
VC_DEP Sal.MRDTs.Instances.SidedEmbedRGA.mGenInsAfter_someTrue
VC_DEP Sal.MRDTs.Instances.SidedEmbedRGA.mGenInsAfter_none
VC_DEP Sal.MRDTs.Instances.SidedEmbedRGA.succOfM_mem
VC_DEP Sal.MRDTs.Instances.SidedEmbedRGA.succOfM_pair
VC_DEP Sal.MRDTs.Instances.SidedEmbedRGA.foldl_maxKey_mem
VC_DEP Sal.MRDTs.Instances.SidedEmbedRGA.mKeys_shape
VC_DEP Sal.MRDTs.Instances.SidedEmbedRGA.succCandM_sub
VC_EXP_DEP NeemExpansion.CertifiedFugue.generated_chain._proof_1_8
VC_DEP Sal.EmbedRGA.tagOK_key
VC_DEP Sal.EmbedRGA.fmBlock_head_R
VC_DEP Sal.EmbedRGA.tagOK_head
VC_DEP Sal.EmbedRGA.tagOK_head._proof_1_1
VC_DEP Sal.EmbedRGA.fmBlock_head_L
VC_DEP Sal.EmbedRGA.enc_ne_nil
VC_DEP Sal.EmbedRGA.enc_ne_nil._proof_1_2
VC_DEP Sal.EmbedRGA.enc_ne_nil._proof_1_1
VC_DEP Sal.EmbedRGA.OrderedPrefixCode.prefixFree
VC_DEP Sal.EmbedRGA.fmCoordOf_symbols
VC_DEP Sal.EmbedRGA.fmBlock_symbols
VC_DEP Sal.EmbedRGA.fwTag_symbols
VC_DEP Sal.EmbedRGA.fwTag_symbols._proof_1_10
VC_DEP Sal.EmbedRGA.fwTag_symbols._proof_1_8
VC_DEP Sal.EmbedRGA.fwTag_symbols._simp_1_5
VC_DEP Sal.EmbedRGA.fwTag_symbols._proof_1_9
VC_DEP Sal.EmbedRGA.fwTag_symbols._proof_1_7
VC_DEP Sal.EmbedRGA.fwTag_symbols._simp_1_6
VC_DEP Sal.EmbedRGA.symL_le
VC_DEP Sal.EmbedRGA.symL_ne3
VC_DEP Sal.EmbedRGA.symR_ne3
VC_DEP Sal.EmbedRGA.symR_le
VC_DEP Sal.EmbedRGA.tagOK_symbols_le
VC_DEP Sal.EmbedRGA.tagOK_symbols_le._simp_1_2
VC_DEP Sal.EmbedRGA.tagOK_symbols_le._proof_1_3
VC_DEP Sal.EmbedRGA.tagOK_symbols_le._proof_1_1
VC_DEP Sal.EmbedRGA.tagOK_key._proof_1_1
VC_EXP_DEP NeemExpansion.CertifiedFugue.generated_chain._proof_1_5
VC_DEP Sal.MRDTs.Instances.SidedEmbedRGA.FugueMax.canIssue_delete_iff
VC_DEP Sal.MRDTs.Instances.SidedEmbedRGA.FugueMax.canIssue_delete_iff._simp_1_3
VC_DEP Sal.MRDTs.Instances.SidedEmbedRGA.FugueMax.delete_position_finite
VC_DEP Sal.MRDTs.Instances.SidedEmbedRGA.FugueMax.delete_position_finite._proof_1_1
VC_DEP Sal.MRDTs.Instances.SidedEmbedRGA.FugueMax.delete_position_finite._proof_1_2
VC_DEP Sal.MRDTs.Instances.SidedEmbedRGA.FugueMax.canIssue_delete_iff._simp_1_2
VC_DEP Sal.MRDTs.Instances.SidedEmbedRGA.FugueMax.canIssue_insert_iff
VC_DEP Sal.MRDTs.Instances.SidedEmbedRGA.FugueMax.canIssue_insert_iff._simp_1_4
VC_DEP Sal.MRDTs.Instances.SidedEmbedRGA.FugueMax.canIssue_insert_iff._simp_1_3
VC_DEP Sal.MRDTs.Instances.SidedEmbedRGA.FugueMax.insert_position_finite
VC_DEP Sal.MRDTs.Instances.SidedEmbedRGA.FugueMax.insert_position_finite._proof_1_2
VC_DEP Sal.MRDTs.Instances.SidedEmbedRGA.FugueMax.insert_position_finite._proof_1_1
VC_DEP Sal.MRDTs.Instances.SidedEmbedRGA.FugueMax.canIssue_insert_iff._simp_1_2
VC_DEP Sal.MRDTs.Configuration.causal_mono
VC_EXP_DEP NeemExpansion.CertifiedFugue.provenance
VC_EXP_DEP NeemExpansion.CertifiedReplay.provenance
VC_EXP_DEP NeemExpansion.CertifiedFugue.update_provenance
VC_DEP Sal.MRDTs.Instances.SidedEmbedRGA.mem_sInsert
VC_DEP Sal.MRDTs.Instances.SidedEmbedRGA.mem_sInsert._simp_1_6
VC_EXP_DEP NeemExpansion.CertifiedFugue.update_provenance._simp_1_1
VC_EXP_DEP NeemExpansion.CertifiedFugue.delete_birth_of_mint
VC_DEP Sal.MRDTs.Instances.SidedEmbedRGA.MOp.del.inj
VC_EXP_DEP NeemExpansion.CertifiedFugue.sorted
VC_EXP_DEP NeemExpansion.CertifiedFugue.replay_sorted
VC_EXP_DEP NeemExpansion.CertifiedFugue.keys_distinct
VC_DEP Sal.MRDTs.Instances.SidedEmbedRGA.sKey_inj
VC_DEP Sal.EmbedRGA.fmCoordOf_inj
VC_DEP Sal.EmbedRGA.fmCoordOf_inj._proof_1_12
VC_DEP Sal.EmbedRGA.fw_head_band
VC_DEP Sal.EmbedRGA.fw_head_band._proof_1_1
VC_DEP Sal.EmbedRGA.symLc_inj
VC_DEP Sal.EmbedRGA.fwTag_cancel
VC_DEP Sal.EmbedRGA.fwTag_append
VC_DEP Sal.EmbedRGA.fw_group_inj
VC_DEP Sal.EmbedRGA.fw_inj
VC_DEP Sal.EmbedRGA.fw_inj._proof_1_1
VC_DEP Sal.EmbedRGA.fwTag_cancel._proof_1_1
VC_DEP Sal.EmbedRGA.keyLt_total
VC_DEP Sal.EmbedRGA.fwTag_cancel._proof_1_2
VC_DEP Sal.EmbedRGA.tagOK_prefixFree
VC_DEP Sal.EmbedRGA.key_body_prefixFree
VC_DEP Sal.EmbedRGA.keyLt_first_diff
VC_DEP Sal.EmbedRGA.keyLt_first_diff._simp_1_3
VC_DEP Sal.EmbedRGA.compl_map_symL
VC_DEP Sal.EmbedRGA.symRc_inj
VC_DEP Sal.EmbedRGA.fmCoordOf_inj._proof_1_11
VC_DEP Sal.EmbedRGA.compl_map_symR
VC_DEP Sal.EmbedRGA.fmCoordOf_inj._proof_1_9
VC_DEP Sal.EmbedRGA.fmBlock_ne_nil
VC_DEP Sal.EmbedRGA.fmCoordOf_inj._proof_1_10
VC_DEP Sal.EmbedRGA.map_prefix_reflect
VC_DEP Sal.EmbedRGA.map_prefix_reflect._simp_1_3
VC_EXP_DEP NeemExpansion.CertifiedFugue.HistoryEvidence.chain
VC_DEP Sal.MRDTs.Instances.SidedEmbedRGA.sInsert_sorted
VC_DEP Sal.EmbedRGA.keyLt_trans
VC_DEP Sal.EmbedRGA.keyLt_trans._proof_1_9
VC_DEP Sal.EmbedRGA.keyLt_trans._proof_1_8
VC_DEP Sal.EmbedRGA.keyLt_trans._proof_1_10
VC_DEP Sal.EmbedRGA.keyLt_trans._proof_1_11
VC_EXP_DEP NeemExpansion.CertifiedFugueVCExpansion.keys_compatible
VC_EXP_DEP NeemExpansion.CertifiedFugueVCExpansion.membership
VC_EXP_DEP NeemExpansion.CertifiedFugue.replay_membership
VC_EXP_DEP NeemExpansion.CertifiedFugue.replay_alive
VC_EXP_DEP NeemExpansion.CertifiedFugue.HistoryEvidence.delete
VC_EXP_DEP NeemExpansion.CertifiedFugue.step_membership
VC_DEP Sal.MRDTs.Instances.SidedEmbedRGA.MOp.del.injEq
VC_EXP_DEP NeemExpansion.CertifiedFugue.step_membership._simp_1_3
VC_DEP Sal.MRDTs.Foundation.ReplayContext.ts_unique
VC_DEP Sal.MRDTs.Foundation.ReplayContext.timestamps_distinct
VC_EXP_DEP NeemExpansion.CertifiedReplay.alive
VC_EXP_DEP NeemExpansion.CertifiedReplay.alive._simp_1_2
VC_EXP_DEP NeemExpansion.CertifiedReplay.alive._simp_1_1
VC_DEP Sal.MRDTs.Instances.SidedEmbedRGA.sMerge_sorted
VC_DEP Sal.MRDTs.Instances.SidedEmbedRGA.sMerge2_sorted
VC_DEP Sal.MRDTs.Instances.SidedEmbedRGA.sMerge2.eq_1
VC_DEP Sal.MRDTs.Instances.SidedEmbedRGA.sMerge2.eq_def
VC_DEP Sal.MRDTs.Instances.SidedEmbedRGA.sMerge2._unary.eq_def
VC_DEP Sal.MRDTs.Instances.SidedEmbedRGA.sMerge2.eq_3
VC_DEP Sal.MRDTs.Instances.SidedEmbedRGA.mem_sMerge2
VC_DEP Sal.MRDTs.Instances.SidedEmbedRGA.sMerge2.induct
VC_DEP Sal.MRDTs.Instances.SidedEmbedRGA.sMerge2._unary.induct
VC_DEP Sal.MRDTs.Instances.SidedEmbedRGA.sMerge2.eq_2
VC_DEP Sal.MRDTs.Instances.SidedEmbedRGA.mem_sMerge2._simp_1_6
VC_EXP_DEP NeemExpansion.CertifiedFugueVCExpansion.update_toFinset
VC_EXP_DEP NeemExpansion.CertifiedFugueVCExpansion.update_toFinset._simp_1_2
VC_EXP_DEP NeemExpansion.CertifiedFugueVCExpansion.fresh_id
VC_EXP_DEP NeemExpansion.CertifiedFugueVCExpansion.update_toFinset._simp_1_1
VC_EXP_DEP NeemExpansion.CertifiedFugueVCExpansion.update_toFinset._simp_1_4
VC_EXP_DEP NeemExpansion.CertifiedFugueVCExpansion.update_toFinset._simp_1_6
VC_EXP_DEP NeemExpansion.CertifiedFugueVCExpansion.update_toFinset._simp_1_5
VC_EXP_DEP NeemExpansion.CertifiedFugueVCExpansion.recordStep_mem
VC_EXP_DEP NeemExpansion.CertifiedFugueVCExpansion.expanded_vcs._simp_1_3
VC_EXP_DEP NeemExpansion.CertifiedFugueVCExpansion.eq_of_toFinset
VC_DEP Sal.MRDTs.Instances.SidedEmbedRGA.ssorted_ext
VC_DEP Sal.EmbedRGA.keyLt_asymm
VC_DEP Sal.EmbedRGA.keyLt_asymm._proof_1_9
VC_DEP Sal.EmbedRGA.keyLt_asymm._proof_1_8
VC_DEP Sal.EmbedRGA.keyLt_asymm._proof_1_10
VC_DEP Sal.EmbedRGA.keyLt_irrefl
VC_EXP_DEP NeemExpansion.CertifiedFugueVCExpansion.fresh_born
VC_DEP Sal.MRDTs.Paper1.CertifiedFugueVCReplay.initial
VC_EXP_DEP NeemExpansion.CertifiedFugueVCExpansion.finite_local
VC_EXP_DEP NeemExpansion.Certified.local_redistribute
VC_EXP_DEP NeemExpansion.Certified.local_redistribute._simp_1_1
VC_EXP_DEP NeemExpansion.Certified.merge_mem
VC_EXP_DEP NeemExpansion.Certified.LocalEvidence.newborn
VC_EXP_DEP NeemExpansion.Certified.LocalEvidence.common
VC_EXP_DEP NeemExpansion.CertifiedFugueVCExpansion.expanded_vcs._simp_1_1
VC_EXP_DEP NeemExpansion.CertifiedFugueVCExpansion.merge_toFinset
VC_EXP_DEP NeemExpansion.CertifiedFugueVCExpansion.merge_toFinset._simp_1_6
VC_EXP_DEP NeemExpansion.CertifiedFugueVCExpansion.merge_toFinset._simp_1_3
VC_EXP_DEP NeemExpansion.CertifiedFugueVCExpansion.merge_toFinset._simp_1_2
VC_EXP_DEP NeemExpansion.CertifiedFugueVCExpansion.merge_toFinset._simp_1_5
VC_EXP_DEP NeemExpansion.CertifiedFugueVCExpansion.compatible
VC_EXP_DEP NeemExpansion.CertifiedFugueVCExpansion.merge_toFinset._simp_1_1
VC_DEP Sal.MRDTs.Paper1.CertifiedRGAVCAlgebra.Sided.merge_membership
VC_DEP Sal.MRDTs.Paper1.CertifiedRGAVCAlgebra.Sided.merge_membership._simp_1_1
VC_DEP Sal.MRDTs.Paper1.CertifiedRGAVCAlgebra.Sided.merge_membership._simp_1_2
VC_EXP_DEP NeemExpansion.CertifiedFugueVCExpansion.merge_toFinset._simp_1_4
VC_DEP Sal.MRDTs.Paper1.ConcreteMRDT.Raw.Context.closed₁
VC_EXP_DEP NeemExpansion.CertifiedFugueVCExpansion.finite_causal
VC_EXP_DEP NeemExpansion.Certified.causal
VC_EXP_DEP NeemExpansion.Certified.DeltaEvidence.birthFresh
VC_EXP_DEP NeemExpansion.Certified.DeltaEvidence.killedCovered
VC_DEP Sal.MRDTs.Paper1.ConcreteMRDT.MetadataDependencies.past_subset
VC_EXP_DEP NeemExpansion.CertifiedFugueVCExpansion.expanded_vcs._simp_1_2
VC_EXP_DEP NeemExpansion.CertifiedFugueVCExpansion.killed_covered
VC_EXP_DEP NeemExpansion.CertifiedFugueVCExpansion.expanded_vcs._simp_1_4
VC_EXP_DEP NeemExpansion.CertifiedFugueVCExpansion.common_record
VC_AUDIT_COMPLETE
VC_AXIOMS [Classical.choice, propext, Quot.sound]
VC_DIRECT Sal.MRDTs.Instances.BoundedCounter.BC
VC_DIRECT Sal.MRDTs.Instances.BoundedCounter.BC_all_comm
VC_EXP_DEP NeemExpansion.TransferGuardedCommuting.Bounded.expanded_vcs
VC_EXP_DEP NeemExpansion.TransferGuardedCommuting.Bounded.kernels
VC_EXP_DEP NeemExpansion.TransferGuardedCommuting.Bounded.kernels._proof_1_8
VC_DEP Sal.MRDTs.Instances.BoundedCounter.instDecidableEqBCOp._proof_1
VC_DEP Sal.MRDTs.Instances.BoundedCounter.BCOp.ofNat_ctorIdx
VC_DEP Sal.MRDTs.Instances.BoundedCounter.instDecidableEqBCOp._proof_2
VC_EXP_DEP NeemExpansion.TransferGuardedCommuting.Bounded.kernels._proof_1_14
VC_EXP_DEP NeemExpansion.TransferGuardedCommuting.Bounded.kernels._proof_1_7
VC_EXP_DEP NeemExpansion.TransferGuardedCommuting.Bounded.kernels._proof_1_10
VC_EXP_DEP NeemExpansion.TransferGuardedCommuting.Bounded.kernels._proof_1_4
VC_EXP_DEP NeemExpansion.TransferGuardedCommuting.Bounded.kernels._proof_1_16
VC_EXP_DEP NeemExpansion.TransferGuardedCommuting.Bounded.kernels._proof_1_6
VC_EXP_DEP NeemExpansion.TransferGuardedCommuting.Bounded.kernels._proof_1_12
VC_EXP_DEP NeemExpansion.TransferGuardedCommuting.Bounded.kernels._proof_1_11
VC_EXP_DEP NeemExpansion.TransferGuardedCommuting.Bounded.kernels._proof_1_18
VC_EXP_DEP NeemExpansion.TransferGuardedCommuting.Bounded.kernels._proof_1_15
VC_EXP_DEP NeemExpansion.TransferGuardedCommuting.Bounded.kernels._proof_1_17
VC_EXP_DEP NeemExpansion.TransferGuardedCommuting.Bounded.kernels._proof_1_3
VC_EXP_DEP NeemExpansion.TransferGuardedCommuting.Bounded.kernels._proof_1_5
VC_EXP_DEP NeemExpansion.TransferGuardedCommuting.Bounded.kernels._proof_1_13
VC_EXP_DEP NeemExpansion.TransferGuardedCommuting.Bounded.kernels._proof_1_9
VC_DEP Sal.MRDTs.Instances.BoundedCounter.BC_all_comm
VC_DEP Sal.MRDTs.Instances.BoundedCounter.BC_all_comm._proof_1_2
VC_DEP Sal.MRDTs.Instances.BoundedCounter.BC_all_comm._proof_1_3
VC_DEP Sal.MRDTs.Instances.BoundedCounter.BC_all_comm._proof_1_6
VC_DEP Sal.MRDTs.Instances.BoundedCounter.bcUpdate_inc_fst
VC_DEP Sal.MRDTs.Instances.BoundedCounter.bcState_ext
VC_DEP Sal.MRDTs.Instances.BoundedCounter.BC_all_comm._proof_1_4
VC_DEP Sal.MRDTs.Instances.BoundedCounter.BC_all_comm._proof_1_1
VC_DEP Sal.MRDTs.Instances.BoundedCounter.bcUpdate_dec_snd
VC_DEP Sal.MRDTs.Instances.BoundedCounter.BC_all_comm._proof_1_8
VC_DEP Sal.MRDTs.Instances.BoundedCounter.BC_all_comm._proof_1_7
VC_DEP Sal.MRDTs.Instances.BoundedCounter.BC_all_comm._proof_1_5
VC_DEP Sal.MRDTs.Paper1.ConcreteMRDT.CommutingPort.scheme._proof_2
VC_DEP Sal.MRDTs.Paper1.ConcreteMRDT.CommutingPort.scheme._proof_1
VC_EXP_DEP NeemExpansion.TransferSimple.assemble
VC_EXP_DEP NeemExpansion.TransferSimple.EmptyPastKernels.shared
VC_EXP_DEP NeemExpansion.TransferSimple.EmptyPastKernels.initial
VC_EXP_DEP NeemExpansion.TransferSimple.EmptyPastKernels.localEquation
VC_DEP Sal.MRDTs.Paper1.ConcreteMRDT.CommutingPort.past_eq
VC_EXP_DEP NeemExpansion.TransferSimple.EmptyPastKernels.comm
VC_EXP_DEP NeemExpansion.TransferSimple.EmptyPastKernels.causalSeed
VC_AUDIT_COMPLETE
VC_AXIOMS [propext, Quot.sound, Classical.choice]
VC_DIRECT Sal.MRDTs.Instances.TreeMove.D
VC_DIRECT Sal.MRDTs.Instances.TreeMove.all_comm
VC_EXP_DEP NeemExpansion.TransferGuardedCommuting.Tree.expanded_vcs
VC_DEP Sal.MRDTs.Instances.TreeMove.all_comm
VC_DEP Sal.MRDTs.Instances.TreeMove.all_comm._simp_1_2
VC_DEP Sal.MRDTs.Instances.TreeMove.instTotalEventEventLE
VC_DEP Sal.MRDTs.Instances.TreeMove.instAntisymmEventEventLE
VC_DEP Sal.MRDTs.Instances.TreeMove.eventKey_injective
VC_DEP Sal.MRDTs.Instances.TreeMove.instIsTransEventEventLE
VC_DEP Sal.MRDTs.Instances.TreeMove.instDecidableEqMove.decEq._proof_2
VC_DEP Sal.MRDTs.Instances.TreeMove.instDecidableEqMove.decEq._proof_4
VC_DEP Sal.MRDTs.Instances.TreeMove.instDecidableEqMove.decEq._proof_3
VC_DEP Sal.MRDTs.Instances.TreeMove.instDecidableEqMove.decEq._proof_1
VC_DEP Sal.MRDTs.Paper1.ConcreteMRDT.CommutingPort.scheme._proof_2
VC_DEP Sal.MRDTs.Paper1.ConcreteMRDT.CommutingPort.scheme._proof_1
VC_EXP_DEP NeemExpansion.TransferGuardedCommuting.Tree.kernels
VC_EXP_DEP NeemExpansion.TransferGuardedCommuting.Tree.kernels._simp_1_1
VC_EXP_DEP NeemExpansion.TransferGuardedCommuting.Tree.kernels._simp_1_2
VC_EXP_DEP NeemExpansion.TransferSimple.assemble
VC_EXP_DEP NeemExpansion.TransferSimple.EmptyPastKernels.shared
VC_EXP_DEP NeemExpansion.TransferSimple.EmptyPastKernels.initial
VC_EXP_DEP NeemExpansion.TransferSimple.EmptyPastKernels.localEquation
VC_DEP Sal.MRDTs.Paper1.ConcreteMRDT.CommutingPort.past_eq
VC_EXP_DEP NeemExpansion.TransferSimple.EmptyPastKernels.comm
VC_EXP_DEP NeemExpansion.TransferSimple.EmptyPastKernels.causalSeed
VC_AUDIT_COMPLETE
VC_AXIOMS [propext, Quot.sound, Classical.choice]
VC_DIRECT Sal.MRDTs.Instances.AegisSheet.D
VC_DIRECT Sal.MRDTs.Instances.AegisSheet.all_comm
VC_EXP_DEP NeemExpansion.TransferAegisSheet.expanded_vcs
VC_DEP Sal.MRDTs.Instances.AegisSheet.instDecidableEqAxis._proof_1
VC_DEP Sal.MRDTs.Instances.AegisSheet.Axis.ofNat_ctorIdx
VC_DEP Sal.MRDTs.Instances.AegisSheet.instDecidableEqAxis._proof_2
VC_DEP Sal.MRDTs.Instances.AegisSheet.instDecidableEqRangeSpec.decEq._proof_4
VC_DEP Sal.MRDTs.Instances.AegisSheet.instDecidableEqRangeSpec.decEq._proof_1
VC_DEP Sal.MRDTs.Instances.AegisSheet.instDecidableEqRangeSpec.decEq._proof_5
VC_DEP Sal.MRDTs.Instances.AegisSheet.instDecidableEqRangeSpec.decEq._proof_3
VC_DEP Sal.MRDTs.Instances.AegisSheet.instDecidableEqRangeSpec.decEq._proof_2
VC_DEP Sal.MRDTs.Instances.AegisSheet.instDecidableEqCommand.decEq._proof_1
VC_DEP Sal.MRDTs.Instances.AegisSheet.instDecidableEqCommand.decEq._proof_3
VC_DEP Sal.MRDTs.Instances.AegisSheet.instDecidableEqCommand.decEq._proof_4
VC_DEP Sal.MRDTs.Instances.AegisSheet.instDecidableEqCommand.decEq._proof_7
VC_DEP Sal.MRDTs.Instances.AegisSheet.instDecidableEqCommand.decEq._proof_6
VC_DEP Sal.MRDTs.Instances.AegisSheet.instDecidableEqPurge.decEq._proof_2
VC_DEP Sal.MRDTs.Instances.AegisSheet.instDecidableEqPurge.decEq._proof_4
VC_DEP Sal.MRDTs.Instances.AegisSheet.instDecidableEqPurge.decEq._proof_3
VC_DEP Sal.MRDTs.Instances.AegisSheet.instDecidableEqPurge.decEq._proof_5
VC_DEP Sal.MRDTs.Instances.AegisSheet.instDecidableEqPurge.decEq._proof_1
VC_DEP Sal.MRDTs.Instances.AegisSheet.instDecidableEqAction.decEq._proof_1
VC_DEP Sal.MRDTs.Instances.AegisSheet.instDecidableEqAction.decEq._proof_9
VC_DEP Sal.MRDTs.Instances.AegisSheet.instDecidableEqAction.decEq._proof_12
VC_DEP Sal.MRDTs.Instances.AegisSheet.instDecidableEqAction.decEq._proof_2
VC_DEP Sal.MRDTs.Instances.AegisSheet.instDecidableEqAction.decEq._proof_7
VC_DEP Sal.MRDTs.Instances.AegisSheet.instDecidableEqAction.decEq._proof_6
VC_DEP Sal.MRDTs.Instances.AegisSheet.instDecidableEqAction.decEq._proof_19
VC_DEP Sal.MRDTs.Instances.AegisSheet.instDecidableEqAction.decEq._proof_17
VC_DEP Sal.MRDTs.Instances.AegisSheet.instDecidableEqAction.decEq._proof_10
VC_DEP Sal.MRDTs.Instances.AegisSheet.instDecidableEqAction.decEq._proof_18
VC_DEP Sal.MRDTs.Instances.AegisSheet.instDecidableEqAction.decEq._proof_8
VC_DEP Sal.MRDTs.Instances.AegisSheet.instDecidableEqRangeUpdate.decEq._proof_1
VC_DEP Sal.MRDTs.Instances.AegisSheet.instDecidableEqRangeUpdate.decEq._proof_2
VC_DEP Sal.MRDTs.Instances.AegisSheet.instDecidableEqRangeUpdate.decEq._proof_4
VC_DEP Sal.MRDTs.Instances.AegisSheet.instDecidableEqRangeUpdate.decEq._proof_3
VC_DEP Sal.MRDTs.Instances.AegisSheet.instDecidableEqRangeUpdate.decEq._proof_5
VC_DEP Sal.MRDTs.Instances.AegisSheet.instDecidableEqCellUpdate.decEq._proof_5
VC_DEP Sal.MRDTs.Instances.AegisSheet.instDecidableEqCellUpdate.decEq._proof_1
VC_DEP Sal.MRDTs.Instances.AegisSheet.instDecidableEqCellUpdate.decEq._proof_4
VC_DEP Sal.MRDTs.Instances.AegisSheet.instDecidableEqCellUpdate.decEq._proof_2
VC_DEP Sal.MRDTs.Instances.AegisSheet.instDecidableEqCellUpdate.decEq._proof_3
VC_DEP Sal.MRDTs.Instances.AegisSheet.instDecidableEqCellUpdate.decEq._proof_6
VC_DEP Sal.MRDTs.Instances.AegisSheet.instDecidableEqAction.decEq._proof_20
VC_DEP Sal.MRDTs.Instances.AegisSheet.instDecidableEqAction.decEq._proof_13
VC_DEP Sal.MRDTs.Instances.AegisSheet.instDecidableEqAction.decEq._proof_5
VC_DEP Sal.MRDTs.Instances.AegisSheet.instDecidableEqAction.decEq._proof_3
VC_DEP Sal.MRDTs.Instances.AegisSheet.instDecidableEqAxisUpdate.decEq._proof_6
VC_DEP Sal.MRDTs.Instances.AegisSheet.instDecidableEqAxisUpdate.decEq._proof_1
VC_DEP Sal.MRDTs.Instances.AegisSheet.instDecidableEqAxisUpdateKind._proof_2
VC_DEP Sal.MRDTs.Instances.AegisSheet.instDecidableEqAxisUpdateKind._proof_1
VC_DEP Sal.MRDTs.Instances.AegisSheet.AxisUpdateKind.ofNat_ctorIdx
VC_DEP Sal.MRDTs.Instances.AegisSheet.instDecidableEqAxisUpdate.decEq._proof_3
VC_DEP Sal.MRDTs.Instances.AegisSheet.instDecidableEqAxisUpdate.decEq._proof_2
VC_DEP Sal.MRDTs.Instances.AegisSheet.instDecidableEqAxisUpdate.decEq._proof_5
VC_DEP Sal.MRDTs.Instances.AegisSheet.instDecidableEqAxisUpdate.decEq._proof_4
VC_DEP Sal.MRDTs.Instances.AegisSheet.instDecidableEqAction.decEq._proof_11
VC_DEP Sal.MRDTs.Instances.AegisSheet.instDecidableEqAction.decEq._proof_4
VC_DEP Sal.MRDTs.Instances.AegisSheet.instDecidableEqAction.decEq._proof_14
VC_DEP Sal.MRDTs.Instances.AegisSheet.instDecidableEqAction.decEq._proof_15
VC_DEP Sal.MRDTs.Instances.AegisSheet.instDecidableEqAction.decEq._proof_16
VC_DEP Sal.MRDTs.Instances.AegisSheet.instDecidableEqCommand.decEq._proof_2
VC_DEP Sal.MRDTs.Instances.AegisSheet.instDecidableEqCommand.decEq._proof_5
VC_DEP Sal.MRDTs.Instances.AegisSheet.instDecidableEqSheetOp.decEq._proof_2
VC_DEP Sal.MRDTs.Instances.AegisSheet.instDecidableEqSheetOp.decEq._proof_1
VC_DEP Sal.MRDTs.Instances.AegisSheet.instDecidableEqSheetOp.decEq._proof_3
VC_DEP Sal.MRDTs.Paper1.ConcreteMRDT.CommutingPort.scheme._proof_2
VC_DEP Sal.MRDTs.Paper1.ConcreteMRDT.CommutingPort.scheme._proof_1
VC_EXP_DEP NeemExpansion.TransferAegisSheet.kernels
VC_EXP_DEP NeemExpansion.TransferAegisSheet.kernels._simp_1_1
VC_EXP_DEP NeemExpansion.TransferAegisSheet.kernels._simp_1_2
VC_DEP Sal.MRDTs.Instances.AegisSheet.all_comm
VC_DEP Sal.MRDTs.Instances.AegisSheet.all_comm._simp_1_2
VC_EXP_DEP NeemExpansion.TransferSimple.assemble
VC_EXP_DEP NeemExpansion.TransferSimple.EmptyPastKernels.shared
VC_EXP_DEP NeemExpansion.TransferSimple.EmptyPastKernels.initial
VC_EXP_DEP NeemExpansion.TransferSimple.EmptyPastKernels.localEquation
VC_DEP Sal.MRDTs.Paper1.ConcreteMRDT.CommutingPort.past_eq
VC_EXP_DEP NeemExpansion.TransferSimple.EmptyPastKernels.comm
VC_EXP_DEP NeemExpansion.TransferSimple.EmptyPastKernels.causalSeed
VC_AUDIT_COMPLETE
VC_AXIOMS [propext, Quot.sound, Classical.choice]
VC_DIRECT Sal.MRDTs.Instances.MVRLive.D
VC_DIRECT Sal.MRDTs.Instances.MVRLive.issuance
VC_DIRECT Sal.MRDTs.Paper1.CertifiedQueueMVR.MVR.RawVC.policy
VC_DIRECT Sal.MRDTs.Paper1.CertifiedQueueMVR.MVR.RawVC.scheme
VC_DIRECT Sal.MRDTs.Foundation.ReplayContext
VC_DIRECT Sal.MRDTs.MRDTSig.toUpdateSig
VC_DIRECT Sal.MRDTs.Foundation.Op
VC_DIRECT Sal.MRDTs.MRDTSig.AppOp
VC_DIRECT Sal.MRDTs.Paper1.ConcreteMRDT.MetadataDependencies.before
VC_EXP_DEP NeemExpansion.AutomatedMVR.automated_vcs
VC_EXP_DEP NeemExpansion.GenericCertifiedRecords.Model.five_vcs
VC_EXP_DEP NeemExpansion.Certified.causal
VC_EXP_DEP NeemExpansion.Certified.DeltaEvidence.birthFresh
VC_EXP_DEP NeemExpansion.Certified.DeltaEvidence.killedCovered
VC_EXP_DEP NeemExpansion.Certified.merge_mem
VC_EXP_DEP NeemExpansion.GenericCertifiedRecords.Model.survive_subset
VC_EXP_DEP NeemExpansion.Certified.local_redistribute
VC_EXP_DEP NeemExpansion.Certified.local_redistribute._simp_1_1
VC_EXP_DEP NeemExpansion.Certified.LocalEvidence.newborn
VC_EXP_DEP NeemExpansion.Certified.LocalEvidence.common
VC_DEP Sal.MRDTs.Paper1.ConcreteMRDT.Raw.Context.supported₂
VC_EXP_DEP NeemExpansion.Certified.shared
VC_EXP_DEP NeemExpansion.Certified.shared._simp_1_1
VC_EXP_DEP NeemExpansion.GenericCertifiedRecords.Model.merge_cell
VC_EXP_DEP NeemExpansion.GenericCertifiedRecords.Model.birth_fresh
VC_EXP_DEP NeemExpansion.GenericCertifiedRecords.Model.written_tag
VC_DEP Sal.MRDTs.Foundation.ReplayContext.ts_unique
VC_DEP Sal.MRDTs.Foundation.ReplayContext.timestamps_distinct
VC_DEP Sal.MRDTs.Configuration.vis_total_same_replica
VC_DEP Sal.MRDTs.Configuration.timestamps_distinct
VC_EXP_DEP NeemExpansion.Certified.comm
VC_EXP_DEP NeemExpansion.Certified.comm._simp_1_1
VC_EXP_DEP NeemExpansion.GenericCertifiedRecords.Model.empty
VC_EXP_DEP NeemExpansion.GenericCertifiedRecords.Model.represented
VC_DEP Sal.MRDTs.initConfig._proof_7
VC_DEP Sal.MRDTs.initConfig._proof_3
VC_DEP Sal.MRDTs.initConfig._proof_10
VC_DEP Sal.MRDTs.initConfig._proof_2
VC_DEP Sal.MRDTs.initConfig._proof_9
VC_DEP Sal.MRDTs.initConfig._proof_8
VC_DEP Sal.MRDTs.initConfig._proof_5
VC_DEP Sal.MRDTs.initConfig._proof_4
VC_DEP Sal.MRDTs.initConfig._proof_1
VC_DEP Sal.MRDTs.initConfig._proof_6
VC_DEP Sal.MRDTs.vfoldAux._unary._proof_2
VC_DEP Sal.MRDTs.mem_supportOf_of
VC_DEP Sal.MRDTs.reaches_le
VC_DEP Sal.MRDTs.maximalCommonAncestorsWithAny_eq_singleton_of_mem_support
VC_DEP Sal.MRDTs.maximalCommonAncestorsWithAny_eq_singleton_of_mem_support._simp_1_1
VC_DEP Sal.MRDTs.mem_maximalCommonAncestorsWithAny
VC_DEP Sal.MRDTs.maximalCommonAncestorsWithAny_le
VC_DEP Sal.MRDTs.exists_of_mem_supportOf
VC_DEP Sal.MRDTs.supportOf_maximalCommonAncestorsWithAny_subset
VC_DEP Sal.MRDTs.supportOf_mono
VC_DEP Sal.MRDTs.vfoldAux._unary._proof_1
VC_DEP Sal.MRDTs.vfoldAux._unary._proof_3
VC_DEP Sal.MRDTs.Configuration.parents_lt
VC_EXP_DEP NeemExpansion.GenericCertifiedRecords.Model.target_visible
VC_DEP Sal.MRDTs.CertifiedExecution.mintHonest
VC_DEP Sal.MRDTs.MintCertifiedReachV.mintHonest
VC_DEP Sal.MRDTs.MintCertifiedReach.mintHonest
VC_EXP_DEP NeemExpansion.GenericCertifiedRecords.Model.issued_birth
VC_EXP_DEP NeemExpansion.GenericCertifiedRecords.Model.provenance
VC_EXP_DEP NeemExpansion.GenericCertifiedRecords.Model.update_cell
VC_EXP_DEP NeemExpansion.CertifiedReplay.provenance
VC_EXP_DEP NeemExpansion.GenericCertifiedRecords.Model.issuer_cell
VC_EXP_DEP NeemExpansion.Certified.initial
VC_DEP Sal.MRDTs.Paper1.ConcreteMRDT.Raw.Context.supported₁
VC_EXP_DEP NeemExpansion.GenericCertifiedRecords.Model.carrier_injective
VC_DEP Sal.MRDTs.Paper1.ConcreteMRDT.Raw.Context.closed₁
VC_DEP Sal.MRDTs.Paper1.ConcreteMRDT.MetadataDependencies.past_subset
VC_DEP Sal.MRDTs.Instances.MVR.instDecidableEqMVROp.decEq._proof_2
VC_DEP Sal.MRDTs.Instances.MVR.instDecidableEqMVROp.decEq._proof_1
VC_DEP Sal.MRDTs.Instances.MVR.instDecidableEqMVROp.decEq._proof_3
VC_EXP_DEP NeemExpansion.AutomatedMVR.model._proof_6
VC_EXP_DEP NeemExpansion.AutomatedMVR.model._simp_2
VC_EXP_DEP NeemExpansion.AutomatedMVR.model._proof_4
VC_EXP_DEP NeemExpansion.AutomatedMVR.model._proof_2
VC_EXP_DEP NeemExpansion.AutomatedMVR.model._proof_1
VC_EXP_DEP NeemExpansion.AutomatedMVR.model._proof_3
VC_EXP_DEP NeemExpansion.AutomatedMVR.model._proof_5
VC_AUDIT_COMPLETE
