⚠ [3107/3588] Replayed Sal.MRDTs.Metatheory.Join.ReplayOrderBasics
warning: Sal/MRDTs/Metatheory/Join/ReplayOrderBasics.lean:47:32: unused variable `h_mem`

Note: This linter can be disabled with `set_option linter.unusedVariables false`
⚠ [3109/3588] Replayed Sal.MRDTs.Metatheory.Join.SetRelativeReplay
warning: Sal/MRDTs/Metatheory/Join/SetRelativeReplay.lean:124:0: automatically included section variable(s) unused in theorem `Sal.MRDTs.Foundation.applySeq_swap_via_cond_comm_lift_core`:
  [ReplayPolicy D]
consider restructuring your `variable` declarations so that the variables are not in scope or explicitly omit them:
  omit [ReplayPolicy D] in theorem ...

Note: This linter can be disabled with `set_option linter.unusedSectionVars false`
warning: Sal/MRDTs/Metatheory/Join/SetRelativeReplay.lean:165:0: automatically included section variable(s) unused in theorem `Sal.MRDTs.Foundation.loOn_of_lo`:
  [ReplayPolicy D]
consider restructuring your `variable` declarations so that the variables are not in scope or explicitly omit them:
  omit [ReplayPolicy D] in theorem ...

Note: This linter can be disabled with `set_option linter.unusedSectionVars false`
warning: Sal/MRDTs/Metatheory/Join/SetRelativeReplay.lean:173:0: automatically included section variable(s) unused in theorem `Sal.MRDTs.Foundation.loOn_mono`:
  [ReplayPolicy D]
consider restructuring your `variable` declarations so that the variables are not in scope or explicitly omit them:
  omit [ReplayPolicy D] in theorem ...

Note: This linter can be disabled with `set_option linter.unusedSectionVars false`
warning: Sal/MRDTs/Metatheory/Join/SetRelativeReplay.lean:183:0: automatically included section variable(s) unused in theorem `Sal.MRDTs.Foundation.respects_loOn_mono`:
  [ReplayPolicy D]
consider restructuring your `variable` declarations so that the variables are not in scope or explicitly omit them:
  omit [ReplayPolicy D] in theorem ...

Note: This linter can be disabled with `set_option linter.unusedSectionVars false`
warning: Sal/MRDTs/Metatheory/Join/SetRelativeReplay.lean:192:0: automatically included section variable(s) unused in theorem `Sal.MRDTs.Foundation.respects_lo_of_respects_loOn`:
  [ReplayPolicy D]
consider restructuring your `variable` declarations so that the variables are not in scope or explicitly omit them:
  omit [ReplayPolicy D] in theorem ...

Note: This linter can be disabled with `set_option linter.unusedSectionVars false`
warning: Sal/MRDTs/Metatheory/Join/SetRelativeReplay.lean:217:0: automatically included section variable(s) unused in theorem `Sal.MRDTs.Foundation.distinctOps_of_events`:
  [ReplayPolicy D]
  [ReplayPolicy D]
consider restructuring your `variable` declarations so that the variables are not in scope or explicitly omit them:
  omit [ReplayPolicy D] [ReplayPolicy D] in theorem ...

Note: This linter can be disabled with `set_option linter.unusedSectionVars false`
warning: Sal/MRDTs/Metatheory/Join/SetRelativeReplay.lean:253:8: automatically included section variable(s) unused in theorem `_private.Sal.MRDTs.Metatheory.Join.SetRelativeReplay.0.Sal.MRDTs.Foundation.loOnNe_vis_or_rc`:
  [ReplayPolicy D]
consider restructuring your `variable` declarations so that the variables are not in scope or explicitly omit them:
  omit [ReplayPolicy D] in theorem ...

Note: This linter can be disabled with `set_option linter.unusedSectionVars false`
warning: Sal/MRDTs/Metatheory/Join/SetRelativeReplay.lean:264:8: automatically included section variable(s) unused in theorem `_private.Sal.MRDTs.Metatheory.Join.SetRelativeReplay.0.Sal.MRDTs.Foundation.loRcEdge_not_followed_by_loVisEdge`:
  [ReplayPolicy D]
consider restructuring your `variable` declarations so that the variables are not in scope or explicitly omit them:
  omit [ReplayPolicy D] in theorem ...

Note: This linter can be disabled with `set_option linter.unusedSectionVars false`
warning: Sal/MRDTs/Metatheory/Join/SetRelativeReplay.lean:280:8: automatically included section variable(s) unused in theorem `_private.Sal.MRDTs.Metatheory.Join.SetRelativeReplay.0.Sal.MRDTs.Foundation.transGen_loOnNe_vis_then_rc`:
  [ReplayPolicy D]
consider restructuring your `variable` declarations so that the variables are not in scope or explicitly omit them:
  omit [ReplayPolicy D] in theorem ...

Note: This linter can be disabled with `set_option linter.unusedSectionVars false`
warning: Sal/MRDTs/Metatheory/Join/SetRelativeReplay.lean:305:0: automatically included section variable(s) unused in theorem `Sal.MRDTs.Foundation.loOnNe_acyclic_of_policy_paths`:
  [ReplayPolicy D]
consider restructuring your `variable` declarations so that the variables are not in scope or explicitly omit them:
  omit [ReplayPolicy D] in theorem ...

Note: This linter can be disabled with `set_option linter.unusedSectionVars false`
warning: Sal/MRDTs/Metatheory/Join/SetRelativeReplay.lean:330:0: automatically included section variable(s) unused in theorem `Sal.MRDTs.Foundation.exists_loOn_respecting_perm_of_acyclic`:
  [ReplayPolicy D]
consider restructuring your `variable` declarations so that the variables are not in scope or explicitly omit them:
  omit [ReplayPolicy D] in theorem ...

Note: This linter can be disabled with `set_option linter.unusedSectionVars false`
warning: Sal/MRDTs/Metatheory/Join/SetRelativeReplay.lean:364:0: automatically included section variable(s) unused in theorem `Sal.MRDTs.Foundation.exists_loOn_maximal_of_acyclic`:
  [ReplayPolicy D]
consider restructuring your `variable` declarations so that the variables are not in scope or explicitly omit them:
  omit [ReplayPolicy D] in theorem ...

Note: This linter can be disabled with `set_option linter.unusedSectionVars false`
warning: Sal/MRDTs/Metatheory/Join/SetRelativeReplay.lean:411:0: automatically included section variable(s) unused in theorem `Sal.MRDTs.Foundation.loOn_rc_no_succ`:
  [ReplayPolicy D]
consider restructuring your `variable` declarations so that the variables are not in scope or explicitly omit them:
  omit [ReplayPolicy D] in theorem ...

Note: This linter can be disabled with `set_option linter.unusedSectionVars false`
warning: Sal/MRDTs/Metatheory/Join/SetRelativeReplay.lean:433:0: automatically included section variable(s) unused in theorem `Sal.MRDTs.Foundation.transGen_loOnNe_structure`:
  [ReplayPolicy D]
consider restructuring your `variable` declarations so that the variables are not in scope or explicitly omit them:
  omit [ReplayPolicy D] in theorem ...

Note: This linter can be disabled with `set_option linter.unusedSectionVars false`
warning: Sal/MRDTs/Metatheory/Join/SetRelativeReplay.lean:465:0: automatically included section variable(s) unused in theorem `Sal.MRDTs.Foundation.loOnNe_acyclic`:
  [ReplayPolicy D]
consider restructuring your `variable` declarations so that the variables are not in scope or explicitly omit them:
  omit [ReplayPolicy D] in theorem ...

Note: This linter can be disabled with `set_option linter.unusedSectionVars false`
warning: Sal/MRDTs/Metatheory/Join/SetRelativeReplay.lean:499:0: automatically included section variable(s) unused in theorem `Sal.MRDTs.Foundation.exists_loOn_maximal`:
  [ReplayPolicy D]
consider restructuring your `variable` declarations so that the variables are not in scope or explicitly omit them:
  omit [ReplayPolicy D] in theorem ...

Note: This linter can be disabled with `set_option linter.unusedSectionVars false`
warning: Sal/MRDTs/Metatheory/Join/SetRelativeReplay.lean:516:0: automatically included section variable(s) unused in theorem `Sal.MRDTs.Foundation.exists_loOn_respecting_perm`:
  [ReplayPolicy D]
consider restructuring your `variable` declarations so that the variables are not in scope or explicitly omit them:
  omit [ReplayPolicy D] in theorem ...

Note: This linter can be disabled with `set_option linter.unusedSectionVars false`
warning: Sal/MRDTs/Metatheory/Join/SetRelativeReplay.lean:531:0: automatically included section variable(s) unused in theorem `Sal.MRDTs.Foundation.applySeq_swap_loOn_incomparable`:
  [ReplayPolicy D]
consider restructuring your `variable` declarations so that the variables are not in scope or explicitly omit them:
  omit [ReplayPolicy D] in theorem ...

Note: This linter can be disabled with `set_option linter.unusedSectionVars false`
warning: Sal/MRDTs/Metatheory/Join/SetRelativeReplay.lean:574:0: automatically included section variable(s) unused in theorem `Sal.MRDTs.Foundation.applySeq_bubble_to_front_loOn`:
  [ReplayPolicy D]
consider restructuring your `variable` declarations so that the variables are not in scope or explicitly omit them:
  omit [ReplayPolicy D] in theorem ...

Note: This linter can be disabled with `set_option linter.unusedSectionVars false`
warning: Sal/MRDTs/Metatheory/Join/SetRelativeReplay.lean:639:0: automatically included section variable(s) unused in theorem `Sal.MRDTs.Foundation.convergence_on`:
  [ReplayPolicy D]
consider restructuring your `variable` declarations so that the variables are not in scope or explicitly omit them:
  omit [ReplayPolicy D] in theorem ...

Note: This linter can be disabled with `set_option linter.unusedSectionVars false`
warning: Sal/MRDTs/Metatheory/Join/SetRelativeReplay.lean:911:0: automatically included section variable(s) unused in theorem `Sal.MRDTs.Foundation.perm_ending_in_loOn_max`:
  [ReplayPolicy D]
consider restructuring your `variable` declarations so that the variables are not in scope or explicitly omit them:
  omit [ReplayPolicy D] in theorem ...

Note: This linter can be disabled with `set_option linter.unusedSectionVars false`
warning: Sal/MRDTs/Metatheory/Join/SetRelativeReplay.lean:964:0: automatically included section variable(s) unused in theorem `Sal.MRDTs.Foundation.normalize_peel_tail`:
  [ReplayPolicy D]
consider restructuring your `variable` declarations so that the variables are not in scope or explicitly omit them:
  omit [ReplayPolicy D] in theorem ...

Note: This linter can be disabled with `set_option linter.unusedSectionVars false`
warning: Sal/MRDTs/Metatheory/Join/SetRelativeReplay.lean:1061:0: automatically included section variable(s) unused in theorem `Sal.MRDTs.Foundation.isCanonicalState_congr`:
  [ReplayPolicy D]
consider restructuring your `variable` declarations so that the variables are not in scope or explicitly omit them:
  omit [ReplayPolicy D] in theorem ...

Note: This linter can be disabled with `set_option linter.unusedSectionVars false`
warning: Sal/MRDTs/Metatheory/Join/SetRelativeReplay.lean:1080:0: automatically included section variable(s) unused in theorem `Sal.MRDTs.Foundation.isCanonicalState_unique`:
  [ReplayPolicy D]
consider restructuring your `variable` declarations so that the variables are not in scope or explicitly omit them:
  omit [ReplayPolicy D] in theorem ...

Note: This linter can be disabled with `set_option linter.unusedSectionVars false`
warning: Sal/MRDTs/Metatheory/Join/SetRelativeReplay.lean:1092:0: automatically included section variable(s) unused in theorem `Sal.MRDTs.Foundation.isCanonicalState_exists`:
  [ReplayPolicy D]
consider restructuring your `variable` declarations so that the variables are not in scope or explicitly omit them:
  omit [ReplayPolicy D] in theorem ...

Note: This linter can be disabled with `set_option linter.unusedSectionVars false`
warning: Sal/MRDTs/Metatheory/Join/SetRelativeReplay.lean:1108:0: automatically included section variable(s) unused in theorem `Sal.MRDTs.Foundation.isCanonicalState_lo_witness`:
  [ReplayPolicy D]
consider restructuring your `variable` declarations so that the variables are not in scope or explicitly omit them:
  omit [ReplayPolicy D] in theorem ...

Note: This linter can be disabled with `set_option linter.unusedSectionVars false`
warning: Sal/MRDTs/Metatheory/Join/SetRelativeReplay.lean:1121:0: automatically included section variable(s) unused in theorem `Sal.MRDTs.Foundation.isCanonicalState_peel`:
  [ReplayPolicy D]
consider restructuring your `variable` declarations so that the variables are not in scope or explicitly omit them:
  omit [ReplayPolicy D] in theorem ...

Note: This linter can be disabled with `set_option linter.unusedSectionVars false`
warning: Sal/MRDTs/Metatheory/Join/SetRelativeReplay.lean:1146:0: automatically included section variable(s) unused in theorem `Sal.MRDTs.Foundation.isCanonicalState_extend`:
  [ReplayPolicy D]
consider restructuring your `variable` declarations so that the variables are not in scope or explicitly omit them:
  omit [ReplayPolicy D] in theorem ...

Note: This linter can be disabled with `set_option linter.unusedSectionVars false`
warning: Sal/MRDTs/Metatheory/Join/SetRelativeReplay.lean:1334:27: unused variable `he`

Note: This linter can be disabled with `set_option linter.unusedVariables false`
warning: Sal/MRDTs/Metatheory/Join/SetRelativeReplay.lean:1635:24: unused variable `hx`

Note: This linter can be disabled with `set_option linter.unusedVariables false`
warning: Sal/MRDTs/Metatheory/Join/SetRelativeReplay.lean:1635:44: unused variable `hy`

Note: This linter can be disabled with `set_option linter.unusedVariables false`
warning: Sal/MRDTs/Metatheory/Join/SetRelativeReplay.lean:1636:5: unused variable `hne`

Note: This linter can be disabled with `set_option linter.unusedVariables false`
⚠ [3113/3588] Replayed Sal.MRDTs.Framework.ReplayLaws
warning: Sal/MRDTs/Framework/ReplayLaws.lean:560:5: unused variable `h_comm`

Note: This linter can be disabled with `set_option linter.unusedVariables false`
warning: Sal/MRDTs/Framework/ReplayLaws.lean:563:24: unused variable `hx`

Note: This linter can be disabled with `set_option linter.unusedVariables false`
warning: Sal/MRDTs/Framework/ReplayLaws.lean:563:44: unused variable `hy`

Note: This linter can be disabled with `set_option linter.unusedVariables false`
warning: Sal/MRDTs/Framework/ReplayLaws.lean:564:5: unused variable `hne`

Note: This linter can be disabled with `set_option linter.unusedVariables false`
warning: Sal/MRDTs/Framework/ReplayLaws.lean:598:0: automatically included section variable(s) unused in theorem `Sal.MRDTs.listPermOf_inter`:
  [ReplayPolicy D]
consider restructuring your `variable` declarations so that the variables are not in scope or explicitly omit them:
  omit [ReplayPolicy D] in theorem ...

Note: This linter can be disabled with `set_option linter.unusedSectionVars false`
⚠ [3114/3588] Replayed Sal.MRDTs.Metatheory.Join.Convergence_CounterModel
warning: Sal/MRDTs/Metatheory/Join/Convergence_CounterModel.lean:171:71: this tactic is never executed

Note: This linter can be disabled with `set_option linter.unreachableTactic false`
warning: Sal/MRDTs/Metatheory/Join/Convergence_CounterModel.lean:174:71: this tactic is never executed

Note: This linter can be disabled with `set_option linter.unreachableTactic false`
warning: Sal/MRDTs/Metatheory/Join/Convergence_CounterModel.lean:171:71: 'decide' tactic does nothing

Note: This linter can be disabled with `set_option linter.unusedTactic false`
warning: Sal/MRDTs/Metatheory/Join/Convergence_CounterModel.lean:174:71: 'decide' tactic does nothing

Note: This linter can be disabled with `set_option linter.unusedTactic false`
warning: Sal/MRDTs/Metatheory/Join/Convergence_CounterModel.lean:189:64: this tactic is never executed

Note: This linter can be disabled with `set_option linter.unreachableTactic false`
warning: Sal/MRDTs/Metatheory/Join/Convergence_CounterModel.lean:200:64: this tactic is never executed

Note: This linter can be disabled with `set_option linter.unreachableTactic false`
warning: Sal/MRDTs/Metatheory/Join/Convergence_CounterModel.lean:189:64: 'decide' tactic does nothing

Note: This linter can be disabled with `set_option linter.unusedTactic false`
warning: Sal/MRDTs/Metatheory/Join/Convergence_CounterModel.lean:200:64: 'decide' tactic does nothing

Note: This linter can be disabled with `set_option linter.unusedTactic false`
warning: Sal/MRDTs/Metatheory/Join/Convergence_CounterModel.lean:467:4: This simp argument is unused:
  AWSet_not_comm_add_rem

Hint: Omit it from the simp argument list.
  simp [respects, lo, counterConfig, evAdd, evRem0, evRem1, AWSetReplayPolicy, UpdateSig.rc,
  ̲  ̲ ̲ ̲ReplayPolicy.Before, a̵w̵R̵c̵_̵e̵q̵,̵
  ̵ ̵ ̵ ̵ ̵A̵W̵S̵e̵t̵_̵n̵o̵t̵_̵c̵o̵m̵m̵_̵a̵d̵d̵_̵r̵e̵m̵]̵a̲w̲R̲c̲_̲e̲q̲]̲

Note: This linter can be disabled with `set_option linter.unusedSimpArgs false`
⚠ [3115/3588] Replayed Sal.MRDTs.Metatheory.Join.Assoc_CounterModel
warning: Sal/MRDTs/Metatheory/Join/Assoc_CounterModel.lean:214:64: this tactic is never executed

Note: This linter can be disabled with `set_option linter.unreachableTactic false`
warning: Sal/MRDTs/Metatheory/Join/Assoc_CounterModel.lean:224:64: this tactic is never executed

Note: This linter can be disabled with `set_option linter.unreachableTactic false`
warning: Sal/MRDTs/Metatheory/Join/Assoc_CounterModel.lean:214:64: 'decide' tactic does nothing

Note: This linter can be disabled with `set_option linter.unusedTactic false`
warning: Sal/MRDTs/Metatheory/Join/Assoc_CounterModel.lean:224:64: 'decide' tactic does nothing

Note: This linter can be disabled with `set_option linter.unusedTactic false`
⚠ [3116/3588] Replayed Sal.MRDTs.Metatheory.Join.BinaryJoin
warning: Sal/MRDTs/Metatheory/Join/BinaryJoin.lean:143:0: automatically included section variable(s) unused in theorem `Sal.MRDTs.Foundation.self_mem_downset`:
  [HistoricalBinaryMerge D]
consider restructuring your `variable` declarations so that the variables are not in scope or explicitly omit them:
  omit [HistoricalBinaryMerge D] in theorem ...

Note: This linter can be disabled with `set_option linter.unusedSectionVars false`
warning: Sal/MRDTs/Metatheory/Join/BinaryJoin.lean:149:0: automatically included section variable(s) unused in theorem `Sal.MRDTs.Foundation.downset_subset`:
  [HistoricalBinaryMerge D]
consider restructuring your `variable` declarations so that the variables are not in scope or explicitly omit them:
  omit [HistoricalBinaryMerge D] in theorem ...

Note: This linter can be disabled with `set_option linter.unusedSectionVars false`
warning: Sal/MRDTs/Metatheory/Join/BinaryJoin.lean:161:0: automatically included section variable(s) unused in theorem `Sal.MRDTs.Foundation.downset_closed`:
  [HistoricalBinaryMerge D]
consider restructuring your `variable` declarations so that the variables are not in scope or explicitly omit them:
  omit [HistoricalBinaryMerge D] in theorem ...

Note: This linter can be disabled with `set_option linter.unusedSectionVars false`
warning: Sal/MRDTs/Metatheory/Join/BinaryJoin.lean:169:0: automatically included section variable(s) unused in theorem `Sal.MRDTs.Foundation.downset_vis`:
  [HistoricalBinaryMerge D]
consider restructuring your `variable` declarations so that the variables are not in scope or explicitly omit them:
  omit [HistoricalBinaryMerge D] in theorem ...

Note: This linter can be disabled with `set_option linter.unusedSectionVars false`
⚠ [3120/3588] Replayed Sal.MRDTs.Metatheory.StoreInvariant
warning: Sal/MRDTs/Metatheory/StoreInvariant.lean:289:32: This simp argument is unused:
  List.mem_singleton

Hint: Omit it from the simp argument list.
  simp only [List.mem_cons, L̵i̵s̵t̵.̵m̵e̵m̵_̵s̵i̵n̵g̵l̵e̵t̵o̵n̵,̵ ̵List.not_mem_nil, or_false] at hp

Note: This linter can be disabled with `set_option linter.unusedSimpArgs false`
warning: Sal/MRDTs/Metatheory/StoreInvariant.lean:305:32: This simp argument is unused:
  List.mem_singleton

Hint: Omit it from the simp argument list.
  simp only [List.mem_cons, L̵i̵s̵t̵.̵m̵e̵m̵_̵s̵i̵n̵g̵l̵e̵t̵o̵n̵,̵ ̵List.not_mem_nil, or_false] at hp

Note: This linter can be disabled with `set_option linter.unusedSimpArgs false`
⚠ [3123/3588] Replayed Sal.MRDTs.Metatheory.VirtualAdequacy
warning: Sal/MRDTs/Metatheory/VirtualAdequacy.lean:27:0: automatically included section variable(s) unused in theorem `Sal.MRDTs.unionEvents_empty`:
  P
consider restructuring your `variable` declarations so that the variables are not in scope or explicitly omit them:
  omit P in theorem ...

Note: This linter can be disabled with `set_option linter.unusedSectionVars false`
warning: Sal/MRDTs/Metatheory/VirtualAdequacy.lean:36:0: automatically included section variable(s) unused in theorem `Sal.MRDTs.unionEvents_singleton`:
  P
consider restructuring your `variable` declarations so that the variables are not in scope or explicitly omit them:
  omit P in theorem ...

Note: This linter can be disabled with `set_option linter.unusedSectionVars false`
warning: Sal/MRDTs/Metatheory/VirtualAdequacy.lean:50:0: automatically included section variable(s) unused in theorem `Sal.MRDTs.unionEvents_union`:
  P
consider restructuring your `variable` declarations so that the variables are not in scope or explicitly omit them:
  omit P in theorem ...

Note: This linter can be disabled with `set_option linter.unusedSectionVars false`
warning: Sal/MRDTs/Metatheory/VirtualAdequacy.lean:64:0: automatically included section variable(s) unused in theorem `Sal.MRDTs.maximalCommonAncestorsWithAny_unionEvents`:
  P
consider restructuring your `variable` declarations so that the variables are not in scope or explicitly omit them:
  omit P in theorem ...

Note: This linter can be disabled with `set_option linter.unusedSectionVars false`
info: Sal/MRDTs/Metatheory/VirtualAdequacy.lean:586:0: 'Sal.MRDTs.virtualMergeBaseState_canonical' depends on axioms: [propext, Classical.choice, Quot.sound]
info: Sal/MRDTs/Metatheory/VirtualAdequacy.lean:587:0: 'Sal.MRDTs.virtualMergeBaseState_canonicalF' depends on axioms: [propext, Classical.choice, Quot.sound]
info: Sal/MRDTs/Metatheory/VirtualAdequacy.lean:588:0: 'Sal.MRDTs.canonicalConfig_mergeVirtual_at' depends on axioms: [propext, Classical.choice, Quot.sound]
info: Sal/MRDTs/Metatheory/VirtualAdequacy.lean:589:0: 'Sal.MRDTs.replayWitnessV_of_join' depends on axioms: [propext, Classical.choice, Quot.sound]
info: Sal/MRDTs/Metatheory/VirtualAdequacy.lean:590:0: 'Sal.MRDTs.replayWitnessV_of_causalJoin' depends on axioms: [propext, Classical.choice, Quot.sound]
⚠ [3125/3588] Replayed Sal.MRDTs.Metatheory.Safety
warning: Sal/MRDTs/Metatheory/Safety.lean:310:0: automatically included section variable(s) unused in theorem `Sal.MRDTs.countP_prefix_eq_causal_past`:
  [ReplayPolicy D.toUpdateSig]
consider restructuring your `variable` declarations so that the variables are not in scope or explicitly omit them:
  omit [ReplayPolicy D.toUpdateSig] in theorem ...

Note: This linter can be disabled with `set_option linter.unusedSectionVars false`
⚠ [3132/3588] Replayed Sal.MRDTs.Paper1.HistoryInputs
warning: Sal/MRDTs/Paper1/HistoryInputs.lean:105:4: Try this: intro a b hab hnew
⚠ [3134/3588] Replayed Sal.MRDTs.Paper1.ORSetCanonical
warning: Sal/MRDTs/Paper1/ORSetCanonical.lean:76:0: automatically included section variable(s) unused in theorem `Sal.MRDTs.Paper1.ORSet.not_edge_to_prefix`:
  [DecidableEq α]
consider restructuring your `variable` declarations so that the variables are not in scope or explicitly omit them:
  omit [DecidableEq α] in theorem ...

Note: This linter can be disabled with `set_option linter.unusedSectionVars false`
warning: Sal/MRDTs/Paper1/ORSetCanonical.lean:81:0: automatically included section variable(s) unused in theorem `Sal.MRDTs.Paper1.ORSet.not_edge_from_suffix`:
  [DecidableEq α]
consider restructuring your `variable` declarations so that the variables are not in scope or explicitly omit them:
  omit [DecidableEq α] in theorem ...

Note: This linter can be disabled with `set_option linter.unusedSectionVars false`
ℹ [3135/3588] Replayed Sal.MRDTs.Paper1.ORSetVerified
info: Sal/MRDTs/Paper1/ORSetVerified.lean:75:0: 'Sal.MRDTs.Paper1.ORSet.restrictedLaws' depends on axioms: [propext, Classical.choice, Quot.sound]
info: Sal/MRDTs/Paper1/ORSetVerified.lean:76:0: 'Sal.MRDTs.Paper1.ORSet.join' depends on axioms: [propext, Classical.choice, Quot.sound]
info: Sal/MRDTs/Paper1/ORSetVerified.lean:77:0: 'Sal.MRDTs.Paper1.ORSet.certifiedRAV' depends on axioms: [propext, Classical.choice, Quot.sound]
info: Sal/MRDTs/Paper1/ORSetVerified.lean:78:0: 'Sal.MRDTs.Paper1.ORSet.certifiedRA' depends on axioms: [propext, Classical.choice, Quot.sound]
ℹ [3136/3588] Replayed Sal.MRDTs.Paper1.ORSetSpecification
info: Sal/MRDTs/Paper1/ORSetSpecification.lean:71:0: 'Sal.MRDTs.Paper1.ORSet.specificationConflictsCovered' depends on axioms: [propext, Classical.choice, Quot.sound]
info: Sal/MRDTs/Paper1/ORSetSpecification.lean:72:0: 'Sal.MRDTs.Paper1.ORSet.natural_add_remove_conflict' depends on axioms: [propext, Classical.choice, Quot.sound]
info: Sal/MRDTs/Paper1/ORSetSpecification.lean:73:0: 'Sal.MRDTs.Paper1.ORSet.specificationCertifiedRAV' depends on axioms: [propext, Classical.choice, Quot.sound]
info: Sal/MRDTs/Paper1/ORSetSpecification.lean:74:0: 'Sal.MRDTs.Paper1.ORSet.specificationCertifiedRA' depends on axioms: [propext, Classical.choice, Quot.sound]
ℹ [3137/3588] Replayed Sal.MRDTs.Paper1.CriterionCounterexample
info: Sal/MRDTs/Paper1/CriterionCounterexample.lean:666:0: 'Sal.MRDTs.Paper1.CriterionCounterexample.mutant_rawRA' depends on axioms: [propext, Classical.choice, Quot.sound]
info: Sal/MRDTs/Paper1/CriterionCounterexample.lean:667:0: 'Sal.MRDTs.Paper1.CriterionCounterexample.raw_cross_store_convergence' depends on axioms: [propext,
 Classical.choice,
 Quot.sound]
info: Sal/MRDTs/Paper1/CriterionCounterexample.lean:668:0: 'Sal.MRDTs.Paper1.CriterionCounterexample.mutant_join' depends on axioms: [propext, Classical.choice, Quot.sound]
info: Sal/MRDTs/Paper1/CriterionCounterexample.lean:669:0: 'Sal.MRDTs.Paper1.CriterionCounterexample.raw_store_convergence' depends on axioms: [propext,
 Classical.choice,
 Quot.sound]
info: Sal/MRDTs/Paper1/CriterionCounterexample.lean:670:0: 'Sal.MRDTs.Paper1.CriterionCounterexample.canonical_reachableV' depends on axioms: [propext,
 Classical.choice,
 Quot.sound]
info: Sal/MRDTs/Paper1/CriterionCounterexample.lean:671:0: 'Sal.MRDTs.Paper1.CriterionCounterexample.virtual_store_convergence' depends on axioms: [propext,
 Classical.choice,
 Quot.sound]
info: Sal/MRDTs/Paper1/CriterionCounterexample.lean:672:0: 'Sal.MRDTs.Paper1.CriterionCounterexample.wrong_answer_ra_linearizable' depends on axioms: [propext,
 Classical.choice,
 Quot.sound]
info: Sal/MRDTs/Paper1/CriterionCounterexample.lean:673:0: 'Sal.MRDTs.Paper1.CriterionCounterexample.bad_execution' depends on axioms: [propext, Classical.choice, Quot.sound]
info: Sal/MRDTs/Paper1/CriterionCounterexample.lean:674:0: 'Sal.MRDTs.Paper1.CriterionCounterexample.bad_ra_execution' depends on axioms: [propext, Classical.choice, Quot.sound]
info: Sal/MRDTs/Paper1/CriterionCounterexample.lean:675:0: 'Sal.MRDTs.Paper1.CriterionCounterexample.criteria_differ_on_reachable_mutation' depends on axioms: [propext,
 Classical.choice,
 Quot.sound]
ℹ [3141/3588] Replayed Sal.MRDTs.Paper1.PaperPresentation
info: Sal/MRDTs/Paper1/PaperPresentation.lean:34:0: 'Sal.MRDTs.Paper1.PaperPresentation.uniform_versionsRA_of_paperOrder_witness' does not depend on any axioms
info: Sal/MRDTs/Paper1/PaperPresentation.lean:64:0: 'Sal.MRDTs.Paper1.PaperPresentation.projected_versions_of_exact_total' does not depend on any axioms
info: Sal/MRDTs/Paper1/PaperPresentation.lean:88:0: 'Sal.MRDTs.Paper1.PaperPresentation.invariant_versions_of_exact_histories' does not depend on any axioms
⚠ [3149/3588] Replayed Sal.MRDTs.Paper1.ConcreteJoin
warning: Sal/MRDTs/Paper1/ConcreteJoin.lean:93:16: unused variable `P`

Note: This linter can be disabled with `set_option linter.unusedVariables false`
ℹ [3152/3588] Replayed Sal.MRDTs.Paper1.ConcreteReplay
info: Sal/MRDTs/Paper1/ConcreteReplay.lean:52:0: 'Sal.MRDTs.Paper1.ConcreteMRDT.canonical_unique' depends on axioms: [propext, Classical.choice, Quot.sound]
info: Sal/MRDTs/Paper1/ConcreteReplay.lean:53:0: 'Sal.MRDTs.Paper1.ConcreteMRDT.canonical_exists' depends on axioms: [propext, Classical.choice, Quot.sound]
⚠ [3153/3588] Replayed Sal.MRDTs.Paper1.ConcreteVCExecution
warning: Sal/MRDTs/Paper1/ConcreteVCExecution.lean:53:17: unused variable `s`

Note: This linter can be disabled with `set_option linter.unusedVariables false`
warning: Sal/MRDTs/Paper1/ConcreteVCExecution.lean:53:19: unused variable `t`

Note: This linter can be disabled with `set_option linter.unusedVariables false`
warning: Sal/MRDTs/Paper1/ConcreteVCExecution.lean:62:24: unused variable `s`

Note: This linter can be disabled with `set_option linter.unusedVariables false`
warning: Sal/MRDTs/Paper1/ConcreteVCExecution.lean:62:26: unused variable `t`

Note: This linter can be disabled with `set_option linter.unusedVariables false`
⚠ [3154/3588] Replayed Sal.MRDTs.Paper1.ConcreteCommutingVCReplay
warning: Sal/MRDTs/Paper1/ConcreteCommutingVCReplay.lean:118:70: This simp argument is unused:
  UpdateSig.replayOrder

Hint: Omit it from the simp argument list.
  simp [̵l̵o̵O̵n̵,̵U̵p̵d̵a̵t̵e̵S̵i̵g̵.̵r̵c̵,̵U̵p̵d̵a̵t̵e̵S̵i̵g̵.̵r̵e̵p̵l̵a̵y̵O̵r̵d̵e̵r̵,̵R̵e̵p̵l̵a̵y̵P̵o̵l̵i̵c̵y̵.̵d̵e̵f̵a̵u̵l̵t̵,̵R̵e̵p̵l̵a̵y̵P̵o̵l̵i̵c̵y̵.̵u̵n̵c̵o̵n̵s̵t̵r̵a̵i̵n̵e̵d̵]̵[̲l̲o̲O̲n̲,̲ ̲U̲p̲d̲a̲t̲e̲S̲i̲g̲.̲r̲c̲,̲ ̲R̲e̲p̲l̲a̲y̲P̲o̲l̲i̲c̲y̲.̲d̲e̲f̲a̲u̲l̲t̲,̲
  ̲ ̲ ̲ ̲ ̲ ̲ ̲ ̲ ̲R̲e̲p̲l̲a̲y̲P̲o̲l̲i̲c̲y̲.̲u̲n̲c̲o̲n̲s̲t̲r̲a̲i̲n̲e̲d̲]̲

Note: This linter can be disabled with `set_option linter.unusedSimpArgs false`
warning: Sal/MRDTs/Paper1/ConcreteCommutingVCReplay.lean:123:70: This simp argument is unused:
  UpdateSig.replayOrder

Hint: Omit it from the simp argument list.
  simp [̵l̵o̵O̵n̵,̵U̵p̵d̵a̵t̵e̵S̵i̵g̵.̵r̵c̵,̵U̵p̵d̵a̵t̵e̵S̵i̵g̵.̵r̵e̵p̵l̵a̵y̵O̵r̵d̵e̵r̵,̵R̵e̵p̵l̵a̵y̵P̵o̵l̵i̵c̵y̵.̵d̵e̵f̵a̵u̵l̵t̵,̵R̵e̵p̵l̵a̵y̵P̵o̵l̵i̵c̵y̵.̵u̵n̵c̵o̵n̵s̵t̵r̵a̵i̵n̵e̵d̵]̵[̲l̲o̲O̲n̲,̲ ̲U̲p̲d̲a̲t̲e̲S̲i̲g̲.̲r̲c̲,̲ ̲R̲e̲p̲l̲a̲y̲P̲o̲l̲i̲c̲y̲.̲d̲e̲f̲a̲u̲l̲t̲,̲
  ̲ ̲ ̲ ̲ ̲ ̲ ̲ ̲ ̲R̲e̲p̲l̲a̲y̲P̲o̲l̲i̲c̲y̲.̲u̲n̲c̲o̲n̲s̲t̲r̲a̲i̲n̲e̲d̲]̲

Note: This linter can be disabled with `set_option linter.unusedSimpArgs false`
warning: Sal/MRDTs/Paper1/ConcreteCommutingVCReplay.lean:127:47: This simp argument is unused:
  UpdateSig.replayOrder

Hint: Omit it from the simp argument list.
  simp [̵l̵o̵O̵n̵,̵U̵p̵d̵a̵t̵e̵S̵i̵g̵.̵r̵c̵,̵U̵p̵d̵a̵t̵e̵S̵i̵g̵.̵r̵e̵p̵l̵a̵y̵O̵r̵d̵e̵r̵,̵R̵e̵p̵l̵a̵y̵P̵o̵l̵i̵c̵y̵.̵d̵e̵f̵a̵u̵l̵t̵,̵R̵e̵p̵l̵a̵y̵P̵o̵l̵i̵c̵y̵.̵u̵n̵c̵o̵n̵s̵t̵r̵a̵i̵n̵e̵d̵]̵[̲l̲o̲O̲n̲,̲ ̲U̲p̲d̲a̲t̲e̲S̲i̲g̲.̲r̲c̲,̲ ̲R̲e̲p̲l̲a̲y̲P̲o̲l̲i̲c̲y̲.̲d̲e̲f̲a̲u̲l̲t̲,̲ ̲R̲e̲p̲l̲a̲y̲P̲o̲l̲i̲c̲y̲.̲u̲n̲c̲o̲n̲s̲t̲r̲a̲i̲n̲e̲d̲]̲

Note: This linter can be disabled with `set_option linter.unusedSimpArgs false`
warning: Sal/MRDTs/Paper1/ConcreteCommutingVCReplay.lean:153:66: This simp argument is unused:
  UpdateSig.replayOrder

Hint: Omit it from the simp argument list.
  simp [̵l̵o̵O̵n̵,̵U̵p̵d̵a̵t̵e̵S̵i̵g̵.̵r̵c̵,̵U̵p̵d̵a̵t̵e̵S̵i̵g̵.̵r̵e̵p̵l̵a̵y̵O̵r̵d̵e̵r̵,̵R̵e̵p̵l̵a̵y̵P̵o̵l̵i̵c̵y̵.̵d̵e̵f̵a̵u̵l̵t̵,̵R̵e̵p̵l̵a̵y̵P̵o̵l̵i̵c̵y̵.̵u̵n̵c̵o̵n̵s̵t̵r̵a̵i̵n̵e̵d̵]̵[̲l̲o̲O̲n̲,̲ ̲U̲p̲d̲a̲t̲e̲S̲i̲g̲.̲r̲c̲,̲ ̲R̲e̲p̲l̲a̲y̲P̲o̲l̲i̲c̲y̲.̲d̲e̲f̲a̲u̲l̲t̲,̲
  ̲ ̲ ̲ ̲ ̲R̲e̲p̲l̲a̲y̲P̲o̲l̲i̲c̲y̲.̲u̲n̲c̲o̲n̲s̲t̲r̲a̲i̲n̲e̲d̲]̲

Note: This linter can be disabled with `set_option linter.unusedSimpArgs false`
⚠ [3155/3588] Replayed Sal.MRDTs.Framework.Product
warning: Sal/MRDTs/Framework/Product.lean:521:18: This simp argument is unused:
  hhead

Hint: Omit it from the simp argument list.
  simp ̵[̵h̵h̵e̵a̵d̵]̵

Note: This linter can be disabled with `set_option linter.unusedSimpArgs false`
warning: Sal/MRDTs/Framework/Product.lean:524:22: This simp argument is unused:
  hhead

Hint: Omit it from the simp argument list.
  simp [hh̵e̵a̵d̵,̵ ̵h̵ver]

Note: This linter can be disabled with `set_option linter.unusedSimpArgs false`
warning: Sal/MRDTs/Framework/Product.lean:525:24: This simp argument is unused:
  hhead

Hint: Omit it from the simp argument list.
  simp [hh̵e̵a̵d̵,̵ ̵h̵ver]

Note: This linter can be disabled with `set_option linter.unusedSimpArgs false`
warning: Sal/MRDTs/Framework/Product.lean:533:18: This simp argument is unused:
  hhead

Hint: Omit it from the simp argument list.
  simp ̵[̵h̵h̵e̵a̵d̵]̵

Note: This linter can be disabled with `set_option linter.unusedSimpArgs false`
warning: Sal/MRDTs/Framework/Product.lean:536:22: This simp argument is unused:
  hhead

Hint: Omit it from the simp argument list.
  simp [hh̵e̵a̵d̵,̵ ̵h̵ver]

Note: This linter can be disabled with `set_option linter.unusedSimpArgs false`
warning: Sal/MRDTs/Framework/Product.lean:537:24: This simp argument is unused:
  hhead

Hint: Omit it from the simp argument list.
  simp [hh̵e̵a̵d̵,̵ ̵h̵ver]

Note: This linter can be disabled with `set_option linter.unusedSimpArgs false`
info: Sal/MRDTs/Framework/Product.lean:739:0: 'Sal.MRDTs.joinAt_prod' depends on axioms: [propext, Quot.sound]
⚠ [3156/3588] Replayed Sal.MRDTs.Instances.AddStore
warning: Sal/MRDTs/Instances/AddStore.lean:32:25: This simp argument is unused:
  or_comm

Hint: Omit it from the simp argument list.
  simp [D, or_left_comm,̵ ̵o̵r̵_̵c̵o̵m̵m̵]

Note: This linter can be disabled with `set_option linter.unusedSimpArgs false`
warning: Sal/MRDTs/Instances/AddStore.lean:56:23: This simp argument is unused:
  or_left_comm

Hint: Omit it from the simp argument list.
  simp [D, or_assoc, o̵r̵_̵l̵e̵f̵t̵_̵c̵o̵m̵m̵,̵ ̵or_comm]

Note: This linter can be disabled with `set_option linter.unusedSimpArgs false`
warning: Sal/MRDTs/Instances/AddStore.lean:56:37: This simp argument is unused:
  or_comm

Hint: Omit it from the simp argument list.
  simp [D, or_assoc, or_left_comm,̵ ̵o̵r̵_̵c̵o̵m̵m̵]

Note: This linter can be disabled with `set_option linter.unusedSimpArgs false`
info: Sal/MRDTs/Instances/AddStore.lean:106:0: 'Sal.MRDTs.Instances.AddStore.join' depends on axioms: [propext, Classical.choice, Quot.sound]
info: Sal/MRDTs/Instances/AddStore.lean:107:0: 'Sal.MRDTs.Instances.AddStore.verified' depends on axioms: [propext, Classical.choice, Quot.sound]
⚠ [3157/3588] Replayed Sal.MRDTs.Instances.FinsetStore
warning: Sal/MRDTs/Instances/FinsetStore.lean:52:13: This simp argument is unused:
  or_assoc

Hint: Omit it from the simp argument list.
  simp [D, or_a̵s̵s̵o̵c̵,̵ ̵o̵r̵_̵left_comm, or_comm]

Note: This linter can be disabled with `set_option linter.unusedSimpArgs false`
warning: Sal/MRDTs/Instances/FinsetStore.lean:52:23: This simp argument is unused:
  or_left_comm

Hint: Omit it from the simp argument list.
  simp [D, or_assoc, o̵r̵_̵l̵e̵f̵t̵_̵c̵o̵m̵m̵,̵ ̵or_comm]

Note: This linter can be disabled with `set_option linter.unusedSimpArgs false`
warning: Sal/MRDTs/Instances/FinsetStore.lean:52:37: This simp argument is unused:
  or_comm

Hint: Omit it from the simp argument list.
  simp [D, or_assoc, or_left_comm,̵ ̵o̵r̵_̵c̵o̵m̵m̵]

Note: This linter can be disabled with `set_option linter.unusedSimpArgs false`
warning: Sal/MRDTs/Instances/FinsetStore.lean:57:13: This simp argument is unused:
  or_assoc

Hint: Omit it from the simp argument list.
  simp [D, or_a̵s̵s̵o̵c̵,̵ ̵o̵r̵_̵left_comm, or_comm]

Note: This linter can be disabled with `set_option linter.unusedSimpArgs false`
warning: Sal/MRDTs/Instances/FinsetStore.lean:57:37: This simp argument is unused:
  or_comm

Hint: Omit it from the simp argument list.
  simp [D, or_assoc, or_left_comm,̵ ̵o̵r̵_̵c̵o̵m̵m̵]

Note: This linter can be disabled with `set_option linter.unusedSimpArgs false`
warning: Sal/MRDTs/Instances/FinsetStore.lean:59:13: This simp argument is unused:
  or_assoc

Hint: Omit it from the simp argument list.
  simp [D, or_a̵s̵s̵o̵c̵,̵ ̵o̵r̵_̵left_comm, or_comm]

Note: This linter can be disabled with `set_option linter.unusedSimpArgs false`
warning: Sal/MRDTs/Instances/FinsetStore.lean:59:23: This simp argument is unused:
  or_left_comm

Hint: Omit it from the simp argument list.
  simp [D, or_assoc, o̵r̵_̵l̵e̵f̵t̵_̵c̵o̵m̵m̵,̵ ̵or_comm]

Note: This linter can be disabled with `set_option linter.unusedSimpArgs false`
info: Sal/MRDTs/Instances/FinsetStore.lean:98:0: 'Sal.MRDTs.Instances.FinsetStore.join' depends on axioms: [propext, Classical.choice, Quot.sound]
info: Sal/MRDTs/Instances/FinsetStore.lean:99:0: 'Sal.MRDTs.Instances.FinsetStore.verified' depends on axioms: [propext, Classical.choice, Quot.sound]
ℹ [3158/3588] Replayed Sal.MRDTs.Instances.FlatCounters
info: Sal/MRDTs/Instances/FlatCounters.lean:138:0: 'Sal.MRDTs.Instances.FlatCounters.join' depends on axioms: [propext, Classical.choice, Quot.sound]
info: Sal/MRDTs/Instances/FlatCounters.lean:139:0: 'Sal.MRDTs.Instances.FlatCounters.counterVerified' depends on axioms: [propext, Classical.choice, Quot.sound]
info: Sal/MRDTs/Instances/FlatCounters.lean:140:0: 'Sal.MRDTs.Instances.FlatCounters.iocVerified' depends on axioms: [propext, Classical.choice, Quot.sound]
info: Sal/MRDTs/Instances/FlatCounters.lean:141:0: 'Sal.MRDTs.Instances.FlatCounters.pnVerified' depends on axioms: [propext, Classical.choice, Quot.sound]
ℹ [3160/3588] Replayed Sal.MRDTs.Instances.FlatGrowOnly
info: Sal/MRDTs/Instances/FlatGrowOnly.lean:117:0: 'Sal.MRDTs.Instances.FlatGrowOnly.join' depends on axioms: [propext, Classical.choice, Quot.sound]
info: Sal/MRDTs/Instances/FlatGrowOnly.lean:118:0: 'Sal.MRDTs.Instances.FlatGrowOnly.gosetVerified' depends on axioms: [propext, Classical.choice, Quot.sound]
info: Sal/MRDTs/Instances/FlatGrowOnly.lean:119:0: 'Sal.MRDTs.Instances.FlatGrowOnly.gomapVerified' depends on axioms: [propext, Classical.choice, Quot.sound]
ℹ [3164/3588] Replayed Sal.MRDTs.Paper1.Automation.LocalSingleton
info: Sal/MRDTs/Paper1/Automation/LocalSingleton.lean:51:0: 'Sal.MRDTs.Paper1.Automation.Signature.local_singleton_restrictedReplay' depends on axioms: [propext,
 Classical.choice,
 Quot.sound]
ℹ [3168/3588] Replayed Sal.MRDTs.Paper1.Automation.CausalExpansion
info: Sal/MRDTs/Paper1/Automation/CausalExpansion.lean:133:0: 'Sal.MRDTs.Paper1.Automation.Signature.causal_restrictedReplay' depends on axioms: [propext,
 Classical.choice,
 Quot.sound]
ℹ [3169/3588] Replayed Sal.MRDTs.Paper1.Automation.CausalCoverage
info: Sal/MRDTs/Paper1/Automation/CausalCoverage.lean:184:0: 'Sal.MRDTs.Paper1.Automation.CausalCoverage.reset_of_context' depends on axioms: [propext, Classical.choice, Quot.sound]
info: Sal/MRDTs/Paper1/Automation/CausalCoverage.lean:185:0: 'Sal.MRDTs.Paper1.Automation.CausalCoverage.raw_causal_delta' depends on axioms: [propext, Classical.choice, Quot.sound]
ℹ [3171/3588] Replayed Sal.MRDTs.Paper1.Automation.GenericPolicyExpansion
info: Sal/MRDTs/Paper1/Automation/GenericPolicyExpansion.lean:74:0: 'Sal.MRDTs.Paper1.Automation.PolicyExpansion.assemble' depends on axioms: [propext, Classical.choice, Quot.sound]
info: Sal/MRDTs/Paper1/Automation/GenericPolicyExpansion.lean:75:0: 'Sal.MRDTs.Paper1.Automation.PolicyExpansion.canonical_of_loWitness' depends on axioms: [propext,
 Classical.choice,
 Quot.sound]
ℹ [3172/3588] Replayed Sal.MRDTs.Paper1.Automation.InductiveMask
info: Sal/MRDTs/Paper1/Automation/InductiveMask.lean:151:0: 'InductiveMask.membership_iff_suffix' depends on axioms: [propext, Quot.sound]
info: Sal/MRDTs/Paper1/Automation/InductiveMask.lean:152:0: 'InductiveMask.suffix_iff_alive' depends on axioms: [propext, Classical.choice, Quot.sound]
info: Sal/MRDTs/Paper1/Automation/InductiveMask.lean:153:0: 'InductiveMask.replay_iff_alive' depends on axioms: [propext, Classical.choice, Quot.sound]
⚠ [3177/3588] Replayed Sal.MRDTs.Paper1.Automation.GenericOrderedRecords
warning: Sal/MRDTs/Paper1/Automation/GenericOrderedRecords.lean:152:2: try 'simp' instead of 'simpa'

Note: This linter can be disabled with `set_option linter.unnecessarySimpa false`
warning: Sal/MRDTs/Paper1/Automation/GenericOrderedRecords.lean:162:2: try 'simp' instead of 'simpa'

Note: This linter can be disabled with `set_option linter.unnecessarySimpa false`
⚠ [3305/3588] Replayed Blaster.Smt.Env
warning: Blaster/Smt/Env.lean:48:45: `String.toSubstring` has been deprecated: Use `String.toRawSubstring` instead
warning: Blaster/Smt/Env.lean:48:66: `String.toSubstring` has been deprecated: Use `String.toRawSubstring` instead
warning: Blaster/Smt/Env.lean:74:37: `String.dropRight` has been deprecated: Use `String.dropEnd` instead

Note: The updated constant has a different type:
  String → Nat → String.Slice
instead of
  String → Nat → String
⚠ [3352/3588] Replayed Sal.Interfaces.Set_Extended
warning: Sal/Interfaces/Set_Extended.lean:17:50: unused variable `x`

Note: This linter can be disabled with `set_option linter.unusedVariables false`
info: Sal/Interfaces/Set_Extended.lean:59:8: Try these:
  [apply] [grind =] for pattern: [not (@mem #2 #1 #0 (@empty _ _))]
  [apply] [grind! .] for pattern: [@mem #2 #1 #0 (@empty _ _)]
info: Sal/Interfaces/Set_Extended.lean:75:8: Try this:
  [apply] [grind =] for pattern: [@equal #3 #2 #1 #0]
info: Sal/Interfaces/Set_Extended.lean:92:8: Try this:
  [apply] [grind .] for pattern: [@equal #4 #3 #2 #1]
info: Sal/Interfaces/Set_Extended.lean:105:8: Try this:
  [apply] [grind .] for pattern: [@equal #2 #1 #0 #0]
info: Sal/Interfaces/Set_Extended.lean:117:8: Try these:
  [apply] [grind .] for pattern: [@mem #6 #5 #1 #3, @subset _ _ #4 #3]
  [apply] [grind →] for pattern: [@subset #6 #5 #4 #3, @mem _ _ #1 #4]
  [apply] [grind <=] for pattern: [@mem #6 #5 #1 #3, @mem _ _ #1 #4]
info: Sal/Interfaces/Set_Extended.lean:155:8: Try these:
  [apply] [grind =] for pattern: [@mem #4 #3 #0 (@filter _ _ #2 #1), true]
  [apply] [grind .] for pattern: [@mem #4 #3 #0 (@filter _ _ #2 #1)]
info: Sal/Interfaces/Set_Extended.lean:159:8: Try these:
  [apply] [grind =] for pattern: [not (@mem #3 #2 #0 (@remove _ _ #1 #0))]
  [apply] [grind! .] for pattern: [@remove #3 #2 #1 #0]
info: Sal/Interfaces/Set_Extended.lean:163:8: Try this:
  [apply] [grind .] for pattern: [@mem #5 #4 #1 (@remove _ _ #3 #2)]
ℹ [3353/3588] Replayed Sal.Interfaces.Map_Extended
info: Sal/Interfaces/Map_Extended.lean:7:0: map.domain {key : Type} [DecidableEq key] {value : Type} (self : map key value) : _root_.set key
info: Sal/Interfaces/Map_Extended.lean:66:8: Try these:
  [apply] [grind =] for pattern: [@sel #5 #4 #3 (@upd _ _ _ #2 #1 #0) #1]
  [apply] [grind! .] for pattern: [@upd #5 #4 #3 #2 #1 #0]
info: Sal/Interfaces/Map_Extended.lean:72:8: Try this:
  [apply] [grind =] for pattern: [@sel #7 #6 #5 (@upd _ _ _ #4 #2 #1) #3]
info: Sal/Interfaces/Map_Extended.lean:79:8: Try this:
  [apply] [grind =] for pattern: [@sel #4 #3 #2 (@const _ _ _ #1) #0]
info: Sal/Interfaces/Map_Extended.lean:83:8: Try this:
  [apply] [grind =] for pattern: [@sel #5 #4 #3 (@restrict _ _ _ #1 #2) #0]
info: Sal/Interfaces/Map_Extended.lean:87:8: Try these:
  [apply] [grind =] for pattern: [@sel #6 #5 #4 (@concat _ _ _ #3 #2) #1]
  [apply] [grind =>] for pattern: [@contains #6 #5 #4 #2 #1, @sel _ _ _ (@concat _ _ _ #3 #2) #1]
  [apply] [grind! =>] for pattern: [@contains #6 #5 #4 #2 #1, @concat _ _ _ #3 #2]
info: Sal/Interfaces/Map_Extended.lean:93:8: Try these:
  [apply] [grind =] for pattern: [@sel #6 #5 #4 (@concat _ _ _ #3 #2) #1]
  [apply] [grind =>] for pattern: [not (@contains #6 #5 #4 #2 #1), @sel _ _ _ (@concat _ _ _ #3 #2) #1]
  [apply] [grind! =>] for pattern: [@contains #6 #5 #4 #2 #1, @concat _ _ _ #3 #2]
info: Sal/Interfaces/Map_Extended.lean:99:8: Try this:
  [apply] [grind =] for pattern: [@sel #3 #2 #5 (@map_val #6 _ #4 _ _ #1) #0]
info: Sal/Interfaces/Map_Extended.lean:103:8: Try this:
  [apply] [grind =] for pattern: [@sel #6 #5 #3 (@iter_upd _ _ #4 _ #2 #1) #0]
info: Sal/Interfaces/Map_Extended.lean:107:8: Try this:
  [apply] [grind =] for pattern: [@contains #6 #5 #4 (@upd _ _ _ #3 #2 #0) #1]
info: Sal/Interfaces/Map_Extended.lean:113:8: Try this:
  [apply] [grind =] for pattern: [@contains #7 #6 #5 (@upd _ _ _ #4 #2 #1) #3]
info: Sal/Interfaces/Map_Extended.lean:119:8: Try this:
  [apply] [grind =] for pattern: [@contains #4 #3 #2 (@const _ _ _ #1) #0]
info: Sal/Interfaces/Map_Extended.lean:123:8: Try these:
  [apply] [grind =] for pattern: [@contains #5 #4 #3 (@concat _ _ _ #2 #1) #0]
  [apply] [grind =_] for pattern: [or (@contains #5 #4 #3 #2 #0) (@contains _ _ _ #1 #0)]
info: Sal/Interfaces/Map_Extended.lean:127:8: Try this:
  [apply] [grind .] for pattern: [@contains #3 #2 #5 (@map_val #6 _ #4 _ _ #1) #0]
info: Sal/Interfaces/Map_Extended.lean:131:8: Try this:
  [apply] [grind .] for pattern: [@contains #6 #5 #3 (@iter_upd _ _ #4 _ #2 #1) #0]
info: Sal/Interfaces/Map_Extended.lean:135:8: Try this:
  [apply] [grind .] for pattern: [@contains #5 #4 #3 (@restrict _ _ _ #1 #2) #0]
info: Sal/Interfaces/Map_Extended.lean:139:8: Try these:
  [apply] [grind =] for pattern: [@contains #4 #3 #2 #1 #0]
  [apply] [grind =_] for pattern: [@mem #4 #3 #0 (@domain _ _ #2 #1)]
info: Sal/Interfaces/Map_Extended.lean:144:8: Try these:
  [apply] [grind
    .] for pattern: [@equal #5 #4 (@domain _ _ #3 (@upd _ _ _ #2 #1 #0)) (@union _ _ (@domain _ _ _ #2) (@_root_.singleton _ _ #1))]
  [apply] [grind! .] for pattern: [@upd #5 #4 #3 #2 #1 #0]
info: Sal/Interfaces/Map_Extended.lean:152:8: Try this:
  [apply] [grind =_] for pattern: [@map_equal #4 #3 #2 #1 #0]
⚠ [3362/3588] Replayed Sal.MRDTs.Instances.EmbedRGASequential
warning: Sal/MRDTs/Instances/EmbedRGASequential.lean:217:2: Try this: intro r r' hk heq
warning: Sal/MRDTs/Instances/EmbedRGASequential.lean:408:14: This simp argument is unused:
  List.filter_cons

Hint: Omit it from the simp argument list.
  simp [L̵i̵s̵t̵.̵f̵i̵l̵t̵e̵r̵_̵c̵o̵n̵s̵,̵ ̵h, eProj, ih]

Note: This linter can be disabled with `set_option linter.unusedSimpArgs false`
warning: Sal/MRDTs/Instances/EmbedRGASequential.lean:409:14: This simp argument is unused:
  List.filter_cons

Hint: Omit it from the simp argument list.
  simp [L̵i̵s̵t̵.̵f̵i̵l̵t̵e̵r̵_̵c̵o̵n̵s̵,̵ ̵h, eProj, ih]

Note: This linter can be disabled with `set_option linter.unusedSimpArgs false`
ℹ [3365/3588] Replayed Sal.MRDTs.Instances.SidedEmbedRGASequential
info: Sal/MRDTs/Instances/SidedEmbedRGASequential.lean:537:0: 'Sal.MRDTs.Instances.SidedEmbedRGA.schainBefore_snocR_iff' depends on axioms: [propext, Quot.sound]
info: Sal/MRDTs/Instances/SidedEmbedRGASequential.lean:538:0: 'Sal.MRDTs.Instances.SidedEmbedRGA.schainBefore_snocL_iff' depends on axioms: [propext, Quot.sound]
info: Sal/MRDTs/Instances/SidedEmbedRGASequential.lean:916:0: 'Sal.MRDTs.Instances.SidedEmbedRGA.sided_seq_sound' depends on axioms: [propext, Classical.choice, Quot.sound]
info: Sal/MRDTs/Instances/SidedEmbedRGASequential.lean:943:0: 'Sal.MRDTs.Instances.SidedEmbedRGA.sided_seq_read' depends on axioms: [propext, Classical.choice, Quot.sound]
⚠ [3366/3588] Replayed Sal.MRDTs.Instances.ProductionRGA
warning: Sal/MRDTs/Instances/ProductionRGA.lean:32:0: automatically included section variable(s) unused in theorem `Sal.MRDTs.Instances.ProductionRGA.EmbedWitness.canonical_perm`:
  [DecidableEq α]
  [Inhabited α]
consider restructuring your `variable` declarations so that the variables are not in scope or explicitly omit them:
  omit [DecidableEq α] [Inhabited α] in theorem ...

Note: This linter can be disabled with `set_option linter.unusedSectionVars false`
warning: Sal/MRDTs/Instances/ProductionRGA.lean:42:0: automatically included section variable(s) unused in theorem `Sal.MRDTs.Instances.ProductionRGA.EmbedWitness.canonical_ordered`:
  [DecidableEq α]
  [Inhabited α]
consider restructuring your `variable` declarations so that the variables are not in scope or explicitly omit them:
  omit [DecidableEq α] [Inhabited α] in theorem ...

Note: This linter can be disabled with `set_option linter.unusedSectionVars false`
warning: Sal/MRDTs/Instances/ProductionRGA.lean:64:0: automatically included section variable(s) unused in theorem `Sal.MRDTs.Instances.ProductionRGA.EmbedWitness.dels_nil_of_insert_only`:
  [DecidableEq α]
  [Inhabited α]
consider restructuring your `variable` declarations so that the variables are not in scope or explicitly omit them:
  omit [DecidableEq α] [Inhabited α] in theorem ...

Note: This linter can be disabled with `set_option linter.unusedSectionVars false`
warning: Sal/MRDTs/Instances/ProductionRGA.lean:109:0: automatically included section variable(s) unused in theorem `Sal.MRDTs.Instances.ProductionRGA.EmbedWitness.earlier_insert_mem_prefix`:
  [DecidableEq α]
  [Inhabited α]
consider restructuring your `variable` declarations so that the variables are not in scope or explicitly omit them:
  omit [DecidableEq α] [Inhabited α] in theorem ...

Note: This linter can be disabled with `set_option linter.unusedSectionVars false`
warning: Sal/MRDTs/Instances/ProductionRGA.lean:137:0: automatically included section variable(s) unused in theorem `Sal.MRDTs.Instances.ProductionRGA.EmbedWitness.insert_mem_prefix_of_delete`:
  [DecidableEq α]
  [Inhabited α]
consider restructuring your `variable` declarations so that the variables are not in scope or explicitly omit them:
  omit [DecidableEq α] [Inhabited α] in theorem ...

Note: This linter can be disabled with `set_option linter.unusedSectionVars false`
warning: Sal/MRDTs/Instances/ProductionRGA.lean:158:0: automatically included section variable(s) unused in theorem `Sal.MRDTs.Instances.ProductionRGA.EmbedWitness.prefix_insert_only`:
  [DecidableEq α]
  [Inhabited α]
consider restructuring your `variable` declarations so that the variables are not in scope or explicitly omit them:
  omit [DecidableEq α] [Inhabited α] in theorem ...

Note: This linter can be disabled with `set_option linter.unusedSectionVars false`
warning: Sal/MRDTs/Instances/ProductionRGA.lean:427:0: automatically included section variable(s) unused in theorem `Sal.MRDTs.Instances.ProductionRGA.embedSemanticCommutes_symm`:
  [DecidableEq α]
  [Inhabited α]
consider restructuring your `variable` declarations so that the variables are not in scope or explicitly omit them:
  omit [DecidableEq α] [Inhabited α] in theorem ...

Note: This linter can be disabled with `set_option linter.unusedSectionVars false`
warning: Sal/MRDTs/Instances/ProductionRGA.lean:432:59: This simp argument is unused:
  ne_comm

Hint: Omit it from the simp argument list.
  simp [embedSemanticCommutes,̵ ̵n̵e̵_̵c̵o̵m̵m̵]

Note: This linter can be disabled with `set_option linter.unusedSimpArgs false`
warning: Sal/MRDTs/Instances/ProductionRGA.lean:462:45: Used `tac1 <;> tac2` where `(tac1; tac2)` would suffice

Note: This linter can be disabled with `set_option linter.unnecessarySeqFocus false`
warning: Sal/MRDTs/Instances/ProductionRGA.lean:510:18: Try `simp at hconflict` instead of `simpa using hconflict`

Note: This linter can be disabled with `set_option linter.unnecessarySimpa false`
warning: Sal/MRDTs/Instances/ProductionRGA.lean:518:18: Try `simp at hconflict` instead of `simpa using hconflict`

Note: This linter can be disabled with `set_option linter.unnecessarySimpa false`
warning: Sal/MRDTs/Instances/ProductionRGA.lean:982:59: This simp argument is unused:
  ne_comm

Hint: Omit it from the simp argument list.
  simp [sidedSemanticCommutes,̵ ̵n̵e̵_̵c̵o̵m̵m̵]

Note: This linter can be disabled with `set_option linter.unusedSimpArgs false`
warning: Sal/MRDTs/Instances/ProductionRGA.lean:1011:50: Used `tac1 <;> tac2` where `(tac1; tac2)` would suffice

Note: This linter can be disabled with `set_option linter.unnecessarySeqFocus false`
warning: Sal/MRDTs/Instances/ProductionRGA.lean:1055:18: Try `simp at hconflict` instead of `simpa using hconflict`

Note: This linter can be disabled with `set_option linter.unnecessarySimpa false`
warning: Sal/MRDTs/Instances/ProductionRGA.lean:1063:18: Try `simp at hconflict` instead of `simpa using hconflict`

Note: This linter can be disabled with `set_option linter.unnecessarySimpa false`
info: Sal/MRDTs/Instances/ProductionRGA.lean:1175:0: 'Sal.MRDTs.Instances.ProductionRGA.replayEmbed' depends on axioms: [propext, Classical.choice, Quot.sound]
info: Sal/MRDTs/Instances/ProductionRGA.lean:1176:0: 'Sal.MRDTs.Instances.ProductionRGA.embed' depends on axioms: [propext, Classical.choice, Quot.sound]
info: Sal/MRDTs/Instances/ProductionRGA.lean:1177:0: 'Sal.MRDTs.Instances.ProductionRGA.replaySided' depends on axioms: [propext, Classical.choice, Quot.sound]
info: Sal/MRDTs/Instances/ProductionRGA.lean:1178:0: 'Sal.MRDTs.Instances.ProductionRGA.sided' depends on axioms: [propext, Classical.choice, Quot.sound]
ℹ [3367/3588] Replayed Sal.MRDTs.Instances.PeritextRender
info: Sal/MRDTs/Instances/PeritextRender.lean:545:0: 'Sal.MRDTs.Instances.PeritextRender.doc_no_backward_leak' depends on axioms: [propext]
info: Sal/MRDTs/Instances/PeritextRender.lean:546:0: 'Sal.MRDTs.Instances.PeritextRender.tree_backward_leak_refutes_noleak' depends on axioms: [propext,
 Lean.ofReduceBool,
 Lean.trustCompiler,
 Quot.sound]
info: Sal/MRDTs/Instances/PeritextRender.lean:547:0: 'Sal.MRDTs.Instances.PeritextRender.SPOT.ex1_doc' depends on axioms: [propext,
 Lean.ofReduceBool,
 Lean.trustCompiler,
 Quot.sound]
info: Sal/MRDTs/Instances/PeritextRender.lean:548:0: 'Sal.MRDTs.Instances.PeritextRender.SPOT.ex2_doc' depends on axioms: [propext,
 Lean.ofReduceBool,
 Lean.trustCompiler,
 Quot.sound]
info: Sal/MRDTs/Instances/PeritextRender.lean:549:0: 'Sal.MRDTs.Instances.PeritextRender.SPOT.ex3_doc' depends on axioms: [propext,
 Lean.ofReduceBool,
 Lean.trustCompiler,
 Quot.sound]
info: Sal/MRDTs/Instances/PeritextRender.lean:550:0: 'Sal.MRDTs.Instances.PeritextRender.SPOT.ex3_tree' depends on axioms: [propext,
 Lean.ofReduceBool,
 Lean.trustCompiler,
 Quot.sound]
info: Sal/MRDTs/Instances/PeritextRender.lean:551:0: 'Sal.MRDTs.Instances.PeritextRender.SPOT.ex5_doc_remove_wins' depends on axioms: [propext,
 Lean.ofReduceBool,
 Lean.trustCompiler,
 Quot.sound]
info: Sal/MRDTs/Instances/PeritextRender.lean:552:0: 'Sal.MRDTs.Instances.PeritextRender.SPOT.ex5_doc_add_wins' depends on axioms: [propext,
 Lean.ofReduceBool,
 Lean.trustCompiler,
 Quot.sound]
info: Sal/MRDTs/Instances/PeritextRender.lean:553:0: 'Sal.MRDTs.Instances.PeritextRender.SPOT.ex7_doc' depends on axioms: [propext,
 Lean.ofReduceBool,
 Lean.trustCompiler,
 Quot.sound]
info: Sal/MRDTs/Instances/PeritextRender.lean:554:0: 'Sal.MRDTs.Instances.PeritextRender.SPOT.ex8_doc_link_no_expand' depends on axioms: [propext,
 Lean.ofReduceBool,
 Lean.trustCompiler,
 Quot.sound]
info: Sal/MRDTs/Instances/PeritextRender.lean:555:0: 'Sal.MRDTs.Instances.PeritextRender.SPOT.ex8_doc_bold_expands' depends on axioms: [propext,
 Lean.ofReduceBool,
 Lean.trustCompiler,
 Quot.sound]
info: Sal/MRDTs/Instances/PeritextRender.lean:556:0: 'Sal.MRDTs.Instances.PeritextRender.LEAK.leak_doc_shrinks' depends on axioms: [propext,
 Lean.ofReduceBool,
 Lean.trustCompiler,
 Quot.sound]
info: Sal/MRDTs/Instances/PeritextRender.lean:557:0: 'Sal.MRDTs.Instances.PeritextRender.TRILEMMA.doc_delete_can_respan' depends on axioms: [propext,
 Lean.ofReduceBool,
 Lean.trustCompiler,
 Quot.sound]
⚠ [3368/3588] Replayed Sal.MRDTs.Instances.SidedPeritext
warning: Sal/MRDTs/Instances/SidedPeritext.lean:102:29: Try `simp at hg` instead of `simpa using hg`

Note: This linter can be disabled with `set_option linter.unnecessarySimpa false`
warning: Sal/MRDTs/Instances/SidedPeritext.lean:133:29: Try `simp at hg` instead of `simpa using hg`

Note: This linter can be disabled with `set_option linter.unnecessarySimpa false`
warning: Sal/MRDTs/Instances/SidedPeritext.lean:165:12: This simp argument is unused:
  SequentialMachine.run_append_single

Hint: Omit it from the simp argument list.
  simp [richSpec, projList₁, projList₂, oplOp, oprOp, S̵e̵q̵u̵e̵n̵t̵i̵a̵l̵M̵a̵c̵h̵i̵n̵e̵.̵r̵u̵n̵_̵a̵p̵p̵e̵n̵d̵_̵s̵i̵n̵g̵l̵e̵,̵ ̵FinsetStore.spec]

Note: This linter can be disabled with `set_option linter.unusedSimpArgs false`
warning: Sal/MRDTs/Instances/SidedPeritext.lean:167:12: This simp argument is unused:
  SequentialMachine.run_append_single

Hint: Omit it from the simp argument list.
  simp [richSpec, projList₁, projList₂, oplOp, oprOp, S̵e̵q̵u̵e̵n̵t̵i̵a̵l̵M̵a̵c̵h̵i̵n̵e̵.̵r̵u̵n̵_̵a̵p̵p̵e̵n̵d̵_̵s̵i̵n̵g̵l̵e̵,̵ ̵FinsetStore.spec]

Note: This linter can be disabled with `set_option linter.unusedSimpArgs false`
warning: Sal/MRDTs/Instances/SidedPeritext.lean:203:36: Try `simp at hg` instead of `simpa using hg`

Note: This linter can be disabled with `set_option linter.unnecessarySimpa false`
warning: Sal/MRDTs/Instances/SidedPeritext.lean:277:30: This simp argument is unused:
  inlOp

Hint: Omit it from the simp argument list.
  simp [coreSemanticCommutes, inl̵O̵p̵,̵ ̵i̵n̵rOp]

Note: This linter can be disabled with `set_option linter.unusedSimpArgs false`
warning: Sal/MRDTs/Instances/SidedPeritext.lean:382:4: Try `simp at hrc` instead of `simpa using hrc`

Note: This linter can be disabled with `set_option linter.unnecessarySimpa false`
warning: Sal/MRDTs/Instances/SidedPeritext.lean:393:4: Try `simp at hrc` instead of `simpa using hrc`

Note: This linter can be disabled with `set_option linter.unnecessarySimpa false`
warning: Sal/MRDTs/Instances/SidedPeritext.lean:814:10: This simp argument is unused:
  documentOf

Hint: Omit it from the simp argument list.
  simp [̵d̵o̵c̵u̵m̵e̵n̵t̵O̵f̵,̵ ̵r̵i̵c̵h̵D̵o̵c̵u̵m̵e̵n̵t̵O̵f̵,̵[̲r̲i̲c̲h̲D̲o̲c̲u̲m̲e̲n̲t̲O̲f̲,̲ sProj, List.map_map, Function.comp_def]

Note: This linter can be disabled with `set_option linter.unusedSimpArgs false`
warning: Sal/MRDTs/Instances/SidedPeritext.lean:814:22: This simp argument is unused:
  richDocumentOf

Hint: Omit it from the simp argument list.
  simp [documentOf, r̵i̵c̵h̵D̵o̵c̵u̵m̵e̵n̵t̵O̵f̵,̵ ̵sProj, List.map_map, Function.comp_def]

Note: This linter can be disabled with `set_option linter.unusedSimpArgs false`
info: Sal/MRDTs/Instances/SidedPeritext.lean:966:0: 'Sal.MRDTs.Instances.SidedPeritext.coreHonest_of_mint' depends on axioms: [propext, Classical.choice, Quot.sound]
info: Sal/MRDTs/Instances/SidedPeritext.lean:967:0: 'Sal.MRDTs.Instances.SidedPeritext.core_join_at' depends on axioms: [propext, Classical.choice, Quot.sound]
info: Sal/MRDTs/Instances/SidedPeritext.lean:968:0: 'Sal.MRDTs.Instances.SidedPeritext.replayAdequacy' depends on axioms: [propext, Classical.choice, Quot.sound]
info: Sal/MRDTs/Instances/SidedPeritext.lean:969:0: 'Sal.MRDTs.Instances.SidedPeritext.replayAdequate' depends on axioms: [propext, Classical.choice, Quot.sound]
info: Sal/MRDTs/Instances/SidedPeritext.lean:970:0: 'Sal.MRDTs.Instances.SidedPeritext.sequentially_correct' depends on axioms: [propext, Classical.choice, Quot.sound]
info: Sal/MRDTs/Instances/SidedPeritext.lean:971:0: 'Sal.MRDTs.Instances.SidedPeritext.richVerified' depends on axioms: [propext, Classical.choice, Quot.sound]
info: Sal/MRDTs/Instances/SidedPeritext.lean:972:0: 'Sal.MRDTs.Instances.SidedPeritext.richReplayAdequate' depends on axioms: [propext, Classical.choice, Quot.sound]
info: Sal/MRDTs/Instances/SidedPeritext.lean:973:0: 'Sal.MRDTs.Instances.SidedPeritext.rich_sequentially_correct' depends on axioms: [propext, Classical.choice, Quot.sound]
⚠ [3369/3588] Replayed Sal.MRDTs.Instances.SidedEmbedRGA_Intent
warning: Sal/MRDTs/Instances/SidedEmbedRGA_Intent.lean:109:23: This simp argument is unused:
  List.filter_cons

Hint: Omit it from the simp argument list.
  simp [liftRec, L̵i̵s̵t̵.̵f̵i̵l̵t̵e̵r̵_̵c̵o̵n̵s̵,̵ ̵h, ih]

Note: This linter can be disabled with `set_option linter.unusedSimpArgs false`
info: Sal/MRDTs/Instances/SidedEmbedRGA_Intent.lean:150:0: 'Sal.MRDTs.Instances.SidedEmbedRGA.sFold_liftOp' depends on axioms: [propext, Classical.choice, Quot.sound]
info: Sal/MRDTs/Instances/SidedEmbedRGA_Intent.lean:208:0: 'Sal.MRDTs.Instances.SidedEmbedRGA.sided_fold_subtree_convex' depends on axioms: [propext, Classical.choice, Quot.sound]
ℹ [3370/3588] Replayed Sal.MRDTs.Instances.Fugue
info: Sal/MRDTs/Instances/Fugue.lean:690:0: 'Sal.MRDTs.Instances.SidedEmbedRGA.fugueReach_inv' depends on axioms: [propext, Classical.choice, Quot.sound]
info: Sal/MRDTs/Instances/Fugue.lean:720:0: 'Sal.MRDTs.Instances.SidedEmbedRGA.fugueReach_chain_gen' depends on axioms: [propext, Classical.choice, Quot.sound]
info: Sal/MRDTs/Instances/Fugue.lean:750:0: 'Sal.MRDTs.Instances.SidedEmbedRGA.fugue_two_runs_no_interleave' depends on axioms: [propext,
 Classical.choice,
 Quot.sound]
info: Sal/MRDTs/Instances/Fugue.lean:804:0: 'Sal.MRDTs.Instances.SidedEmbedRGA.fugue_concurrent_runs_no_interleave' depends on axioms: [propext,
 Classical.choice,
 Quot.sound]
info: Sal/MRDTs/Instances/Fugue.lean:827:0: 'Sal.MRDTs.Instances.SidedEmbedRGA.fugue_reachable_runs_no_interleave' depends on axioms: [propext,
 Classical.choice,
 Quot.sound]
info: Sal/MRDTs/Instances/Fugue.lean:960:0: 'Sal.MRDTs.Instances.SidedEmbedRGA.fugue_forward_run_chains' depends on axioms: [propext, Classical.choice, Quot.sound]
info: Sal/MRDTs/Instances/Fugue.lean:984:0: 'Sal.MRDTs.Instances.SidedEmbedRGA.schainBefore_snoc_newest' depends on axioms: [propext]
info: Sal/MRDTs/Instances/Fugue.lean:1045:0: 'Sal.MRDTs.Instances.SidedEmbedRGA.fugue_not_maximally_noninterleaving' depends on axioms: [propext,
 Classical.choice,
 Lean.ofReduceBool,
 Lean.trustCompiler,
 Quot.sound]
info: Sal/MRDTs/Instances/Fugue.lean:1132:0: 'Sal.MRDTs.Instances.SidedEmbedRGA.fugue_backward_gap' depends on axioms: [propext,
 Classical.choice,
 Lean.ofReduceBool,
 Lean.trustCompiler,
 Quot.sound]
info: Sal/MRDTs/Instances/Fugue.lean:1141:0: 'Sal.MRDTs.Instances.SidedEmbedRGA.fugue_not_maximally_noninterleaving_backward' depends on axioms: [propext,
 Classical.choice,
 Lean.ofReduceBool,
 Lean.trustCompiler,
 Quot.sound]
info: Sal/MRDTs/Instances/Fugue.lean:1240:0: 'Sal.MRDTs.Instances.SidedEmbedRGA.FugueSPOT.l19_policy_generates' depends on axioms: [propext,
 Classical.choice,
 Lean.ofReduceBool,
 Lean.trustCompiler,
 Quot.sound]
info: Sal/MRDTs/Instances/Fugue.lean:1241:0: 'Sal.MRDTs.Instances.SidedEmbedRGA.FugueSPOT.mixed_display' depends on axioms: [propext,
 Classical.choice,
 Lean.ofReduceBool,
 Lean.trustCompiler,
 Quot.sound]
ℹ [3371/3588] Replayed Sal.MRDTs.Instances.RGAKernel.FugueMaxChainLex
info: Sal/MRDTs/Instances/RGAKernel/FugueMaxChainLex.lean:973:0: 'Sal.EmbedRGA.fmdisplay_iff_fmChainBefore' depends on axioms: [propext, Classical.choice, Quot.sound]
info: Sal/MRDTs/Instances/RGAKernel/FugueMaxChainLex.lean:974:0: 'Sal.EmbedRGA.fm_subtree_convex' depends on axioms: [propext, Quot.sound]
info: Sal/MRDTs/Instances/RGAKernel/FugueMaxChainLex.lean:975:0: 'Sal.EmbedRGA.fmCoordOf_inj' depends on axioms: [propext, Classical.choice, Quot.sound]
info: Sal/MRDTs/Instances/RGAKernel/FugueMaxChainLex.lean:976:0: 'Sal.EmbedRGA.tagOK_key' depends on axioms: [propext, Classical.choice, Quot.sound]
info: Sal/MRDTs/Instances/RGAKernel/FugueMaxChainLex.lean:1052:0: 'Sal.EmbedRGA.fm_ext_before_is_L' depends on axioms: [propext, Classical.choice, Quot.sound]
info: Sal/MRDTs/Instances/RGAKernel/FugueMaxChainLex.lean:1053:0: 'Sal.EmbedRGA.fm_R_sibling_inv' depends on axioms: [propext, Classical.choice, Quot.sound]
ℹ [3372/3588] Replayed Sal.MRDTs.Instances.FugueMax
info: Sal/MRDTs/Instances/FugueMax.lean:1410:0: 'Sal.MRDTs.Instances.SidedEmbedRGA.maxReach_inv' depends on axioms: [propext, Classical.choice, Quot.sound]
info: Sal/MRDTs/Instances/FugueMax.lean:1584:0: 'Sal.MRDTs.Instances.SidedEmbedRGA.fuguemax_same_origin_low_first' depends on axioms: [propext,
 Classical.choice,
 Quot.sound]
info: Sal/MRDTs/Instances/FugueMax.lean:1595:0: 'Sal.MRDTs.Instances.SidedEmbedRGA.fuguemax_max_noninterleaving_of_gaps' depends on axioms: [propext,
 Classical.choice,
 Quot.sound]
info: Sal/MRDTs/Instances/FugueMax.lean:1655:0: 'Sal.MRDTs.Instances.SidedEmbedRGA.fm_fold_subtree_convex' depends on axioms: [propext, Classical.choice, Quot.sound]
info: Sal/MRDTs/Instances/FugueMax.lean:1748:0: 'Sal.MRDTs.Instances.SidedEmbedRGA.fuguemax_reachable_runs_no_interleave' depends on axioms: [propext,
 Classical.choice,
 Quot.sound]
info: Sal/MRDTs/Instances/FugueMax.lean:1849:0: 'Sal.MRDTs.Instances.SidedEmbedRGA.FugueMaxSPOT.tie_display' depends on axioms: [propext,
 Lean.ofReduceBool,
 Lean.trustCompiler,
 Quot.sound]
info: Sal/MRDTs/Instances/FugueMax.lean:1850:0: 'Sal.MRDTs.Instances.SidedEmbedRGA.FugueMaxSPOT.fig7_adverse_display' depends on axioms: [propext,
 Lean.ofReduceBool,
 Lean.trustCompiler,
 Quot.sound]
ℹ [3373/3588] Replayed Sal.MRDTs.Instances.RGAKernel.SidedTraversal
info: Sal/MRDTs/Instances/RGAKernel/SidedTraversal.lean:131:0: 'Sal.EmbedRGA.schainBefore_append_strip' depends on axioms: [propext]
info: Sal/MRDTs/Instances/RGAKernel/SidedTraversal.lean:132:0: 'Sal.EmbedRGA.schain_ext_side' depends on axioms: [propext, Classical.choice, Quot.sound]
info: Sal/MRDTs/Instances/RGAKernel/SidedTraversal.lean:133:0: 'Sal.EmbedRGA.schainBefore_trans' depends on axioms: [propext, Classical.choice, Quot.sound]
ℹ [3374/3588] Replayed Sal.MRDTs.Instances.FugueMaxNonInterleaving
info: Sal/MRDTs/Instances/FugueMaxNonInterleaving.lean:287:0: 'Sal.MRDTs.Instances.SidedEmbedRGA.maxReach_inv2' depends on axioms: [propext, Classical.choice, Quot.sound]
info: Sal/MRDTs/Instances/FugueMaxNonInterleaving.lean:437:0: 'Sal.MRDTs.Instances.SidedEmbedRGA.lo_child_before' depends on axioms: [propext, Classical.choice, Quot.sound]
info: Sal/MRDTs/Instances/FugueMaxNonInterleaving.lean:521:0: 'Sal.MRDTs.Instances.SidedEmbedRGA.fuguemax_forward_ni' depends on axioms: [propext, Classical.choice, Quot.sound]
info: Sal/MRDTs/Instances/FugueMaxNonInterleaving.lean:532:0: 'Sal.MRDTs.Instances.SidedEmbedRGA.fuguemax_theorem9_of_backward' depends on axioms: [propext,
 Classical.choice,
 Quot.sound]
info: Sal/MRDTs/Instances/FugueMaxNonInterleaving.lean:599:0: 'Sal.MRDTs.Instances.SidedEmbedRGA.TravSPOT.fig7_loshape_6' depends on axioms: [propext,
 Lean.ofReduceBool,
 Lean.trustCompiler,
 Quot.sound]
info: Sal/MRDTs/Instances/FugueMaxNonInterleaving.lean:600:0: 'Sal.MRDTs.Instances.SidedEmbedRGA.TravSPOT.fig7_forward_adjacent' depends on axioms: [propext,
 Lean.ofReduceBool,
 Lean.trustCompiler,
 Quot.sound]
ℹ [3375/3588] Replayed Sal.MRDTs.Instances.FugueMaxBackward
info: Sal/MRDTs/Instances/FugueMaxBackward.lean:809:0: 'Sal.MRDTs.Instances.SidedEmbedRGA.maxReach_inv3' depends on axioms: [propext, Classical.choice, Quot.sound]
info: Sal/MRDTs/Instances/FugueMaxBackward.lean:1256:0: 'Sal.MRDTs.Instances.SidedEmbedRGA.fuguemax_backward_ni' depends on axioms: [propext, Classical.choice, Quot.sound]
info: Sal/MRDTs/Instances/FugueMaxBackward.lean:1416:0: 'Sal.MRDTs.Instances.SidedEmbedRGA.BackwardSPOT.fig7_del_witness' depends on axioms: [propext,
 Lean.ofReduceBool,
 Lean.trustCompiler,
 Quot.sound]
info: Sal/MRDTs/Instances/FugueMaxBackward.lean:1417:0: 'Sal.MRDTs.Instances.SidedEmbedRGA.BackwardSPOT.blad_route' depends on axioms: [propext,
 Lean.ofReduceBool,
 Lean.trustCompiler,
 Quot.sound]
info: Sal/MRDTs/Instances/FugueMaxBackward.lean:1433:0: 'Sal.MRDTs.Instances.SidedEmbedRGA.fuguemax_maximally_noninterleaving' depends on axioms: [propext,
 Classical.choice,
 Quot.sound]
ℹ [3376/3588] Replayed Sal.MRDTs.Instances.FugueMaxReplay
info: Sal/MRDTs/Instances/FugueMaxReplay.lean:1017:0: 'Sal.MRDTs.Instances.SidedEmbedRGA.fuguemax_replay_witness' depends on axioms: [propext, Classical.choice, Quot.sound]
info: Sal/MRDTs/Instances/FugueMaxReplay.lean:1106:0: 'Sal.MRDTs.Instances.SidedEmbedRGA.f_fold_canon' depends on axioms: [propext, Classical.choice, Quot.sound]
info: Sal/MRDTs/Instances/FugueMaxReplay.lean:1107:0: 'Sal.MRDTs.Instances.SidedEmbedRGA.mFold_eq_fFold' depends on axioms: [propext, Classical.choice, Quot.sound]
info: Sal/MRDTs/Instances/FugueMaxReplay.lean:1108:0: 'Sal.MRDTs.Instances.SidedEmbedRGA.m_fold_canon' depends on axioms: [propext, Classical.choice, Quot.sound]
info: Sal/MRDTs/Instances/FugueMaxReplay.lean:1201:0: 'Sal.MRDTs.Instances.SidedEmbedRGA.FugueMaxReplaySPOT.tie_fold' depends on axioms: [propext,
 Classical.choice,
 Lean.ofReduceBool,
 Lean.trustCompiler,
 Quot.sound]
info: Sal/MRDTs/Instances/FugueMaxReplay.lean:1202:0: 'Sal.MRDTs.Instances.SidedEmbedRGA.FugueMaxReplaySPOT.tag_decisive_ids' depends on axioms: [propext,
 Classical.choice,
 Lean.ofReduceBool,
 Lean.trustCompiler,
 Quot.sound]
ℹ [3378/3588] Replayed Sal.MRDTs.Instances.FugueMaxIssuer
info: Sal/MRDTs/Instances/FugueMaxIssuer.lean:201:0: 'Sal.MRDTs.Instances.SidedEmbedRGA.FugueMax.prepareInsert_exact' depends on axioms: [propext, Quot.sound]
info: Sal/MRDTs/Instances/FugueMaxIssuer.lean:202:0: 'Sal.MRDTs.Instances.SidedEmbedRGA.FugueMax.update_exact' depends on axioms: [propext, Quot.sound]
info: Sal/MRDTs/Instances/FugueMaxIssuer.lean:203:0: 'Sal.MRDTs.Instances.SidedEmbedRGA.FugueMax.minted_sync' depends on axioms: [propext]
info: Sal/MRDTs/Instances/FugueMaxIssuer.lean:204:0: 'Sal.MRDTs.Instances.SidedEmbedRGA.FugueMax.canIssue_insert_exact' depends on axioms: [propext,
 Classical.choice,
 Quot.sound]
info: Sal/MRDTs/Instances/FugueMaxIssuer.lean:205:0: 'Sal.MRDTs.Instances.SidedEmbedRGA.FugueMax.canIssue_delete_exact' depends on axioms: [propext,
 Classical.choice,
 Quot.sound]
ℹ [3379/3588] Replayed Sal.MRDTs.Instances.FugueMaxIssuerSet
info: Sal/MRDTs/Instances/FugueMaxIssuerSet.lean:121:0: 'Sal.MRDTs.Instances.SidedEmbedRGA.FugueMax.genAfter_eq_of_births' depends on axioms: [propext,
 Classical.choice,
 Quot.sound]
ℹ [3380/3588] Replayed Sal.MRDTs.Instances.FugueMaxImplementation
info: Sal/MRDTs/Instances/FugueMaxImplementation.lean:176:0: 'Sal.MRDTs.Instances.SidedEmbedRGA.FugueMax.insertion_issuance_exact' depends on axioms: [propext,
 Classical.choice,
 Quot.sound]
info: Sal/MRDTs/Instances/FugueMaxImplementation.lean:177:0: 'Sal.MRDTs.Instances.SidedEmbedRGA.FugueMax.deletion_issuance_exact' depends on axioms: [propext,
 Classical.choice,
 Quot.sound]
info: Sal/MRDTs/Instances/FugueMaxImplementation.lean:178:0: 'Sal.MRDTs.Instances.SidedEmbedRGA.FugueMax.rawUpdate_exact' depends on axioms: [propext, Classical.choice, Quot.sound]
info: Sal/MRDTs/Instances/FugueMaxImplementation.lean:179:0: 'Sal.MRDTs.Instances.SidedEmbedRGA.FugueMax.rawFold_exact' depends on axioms: [propext, Classical.choice, Quot.sound]
info: Sal/MRDTs/Instances/FugueMaxImplementation.lean:180:0: 'Sal.MRDTs.Instances.SidedEmbedRGA.FugueMax.issuer_merge_refines' depends on axioms: [propext,
 Classical.choice,
 Quot.sound]
ℹ [3381/3588] Replayed Sal.MRDTs.Instances.FugueMaxHonesty
info: Sal/MRDTs/Instances/FugueMaxHonesty.lean:164:0: 'Sal.MRDTs.Instances.SidedEmbedRGA.FugueMax.invariants_of_mint' depends on axioms: [propext,
 Classical.choice,
 Quot.sound]
info: Sal/MRDTs/Instances/FugueMaxHonesty.lean:238:0: 'Sal.MRDTs.Instances.SidedEmbedRGA.FugueMax.noninterleaving_of_mint' depends on axioms: [propext,
 Classical.choice,
 Quot.sound]
ℹ [3382/3588] Replayed Sal.MRDTs.Instances.FugueMaxReplayProof
info: Sal/MRDTs/Instances/FugueMaxReplayProof.lean:161:0: 'Sal.MRDTs.Instances.SidedEmbedRGA.FugueMax.projected_wf' depends on axioms: [propext, Classical.choice, Quot.sound]
info: Sal/MRDTs/Instances/FugueMaxReplayProof.lean:419:0: 'Sal.MRDTs.Instances.SidedEmbedRGA.FugueMax.join_of_mint' depends on axioms: [propext, Classical.choice, Quot.sound]
info: Sal/MRDTs/Instances/FugueMaxReplayProof.lean:445:0: 'Sal.MRDTs.Instances.SidedEmbedRGA.FugueMax.replay_noninterleaving' depends on axioms: [propext,
 Classical.choice,
 Quot.sound]
ℹ [3383/3588] Replayed Sal.MRDTs.Instances.FugueMaxSequential
info: Sal/MRDTs/Instances/FugueMaxSequential.lean:217:0: 'Sal.MRDTs.Instances.SidedEmbedRGA.FugueMax.fmChainBefore_snocR_iff' depends on axioms: [propext, Quot.sound]
info: Sal/MRDTs/Instances/FugueMaxSequential.lean:218:0: 'Sal.MRDTs.Instances.SidedEmbedRGA.FugueMax.fmChainBefore_snocL_iff' depends on axioms: [propext,
 Classical.choice,
 Quot.sound]
info: Sal/MRDTs/Instances/FugueMaxSequential.lean:219:0: 'Sal.MRDTs.Instances.SidedEmbedRGA.FugueMax.exists_chain_construction' depends on axioms: [propext,
 Classical.choice,
 Quot.sound]
ℹ [3384/3588] Replayed Sal.MRDTs.Instances.FugueMaxListRefinement
info: Sal/MRDTs/Instances/FugueMaxListRefinement.lean:322:0: 'Sal.MRDTs.Instances.SidedEmbedRGA.FugueMax.splice_node' depends on axioms: [propext, Classical.choice, Quot.sound]
info: Sal/MRDTs/Instances/FugueMaxListRefinement.lean:323:0: 'Sal.MRDTs.Instances.SidedEmbedRGA.FugueMax.births_refine' depends on axioms: [propext, Classical.choice, Quot.sound]
ℹ [3385/3588] Replayed Sal.MRDTs.Instances.FugueMaxContract
info: Sal/MRDTs/Instances/FugueMaxContract.lean:271:0: 'Sal.MRDTs.Instances.SidedEmbedRGA.FugueMax.staged_legal' depends on axioms: [propext, Quot.sound]
info: Sal/MRDTs/Instances/FugueMaxContract.lean:272:0: 'Sal.MRDTs.Instances.SidedEmbedRGA.FugueMax.verified' depends on axioms: [propext, Classical.choice, Quot.sound]
info: Sal/MRDTs/Instances/FugueMaxContract.lean:273:0: 'Sal.MRDTs.Instances.SidedEmbedRGA.FugueMax.correct' depends on axioms: [propext, Classical.choice, Quot.sound]
ℹ [3386/3588] Replayed Sal.MRDTs.Paper1.CertifiedRGAReplay
info: Sal/MRDTs/Paper1/CertifiedRGAReplay.lean:233:0: 'Sal.MRDTs.Paper1.CertifiedRGAReplay.Embedded.eligible_inserts_commute' depends on axioms: [propext,
 Classical.choice,
 Quot.sound]
info: Sal/MRDTs/Paper1/CertifiedRGAReplay.lean:234:0: 'Sal.MRDTs.Paper1.CertifiedRGAReplay.Embedded.replay_equal' depends on axioms: [propext, Classical.choice, Quot.sound]
info: Sal/MRDTs/Paper1/CertifiedRGAReplay.lean:235:0: 'Sal.MRDTs.Paper1.CertifiedRGAReplay.Sided.eligible_inserts_commute' depends on axioms: [propext,
 Classical.choice,
 Quot.sound]
info: Sal/MRDTs/Paper1/CertifiedRGAReplay.lean:236:0: 'Sal.MRDTs.Paper1.CertifiedRGAReplay.Sided.replay_equal' depends on axioms: [propext, Classical.choice, Quot.sound]
ℹ [3387/3588] Replayed Sal.MRDTs.Paper1.CertifiedRGAScope
info: Sal/MRDTs/Paper1/CertifiedRGAScope.lean:194:0: 'Sal.MRDTs.Paper1.CertifiedRGAScope.Embedded.laws' depends on axioms: [propext, Classical.choice, Quot.sound]
info: Sal/MRDTs/Paper1/CertifiedRGAScope.lean:195:0: 'Sal.MRDTs.Paper1.CertifiedRGAScope.Sided.laws' depends on axioms: [propext, Classical.choice, Quot.sound]
ℹ [3388/3588] Replayed Sal.MRDTs.Paper1.CertifiedRGAProducts
info: Sal/MRDTs/Paper1/CertifiedRGAProducts.lean:81:0: 'Sal.MRDTs.Paper1.CertifiedRGAProducts.SidedPeritext.laws' depends on axioms: [propext, Classical.choice, Quot.sound]
info: Sal/MRDTs/Paper1/CertifiedRGAProducts.lean:82:0: 'Sal.MRDTs.Paper1.CertifiedRGAProducts.SidedPeritext.rich_laws' depends on axioms: [propext,
 Classical.choice,
 Quot.sound]
⚠ [3389/3588] Replayed Sal.MRDTs.Paper1.Automation.GenericMonotoneProduct
warning: Sal/MRDTs/Paper1/Automation/GenericMonotoneProduct.lean:207:26: This simp argument is unused:
  product

Hint: Omit it from the simp argument list.
  simp [normalize, ̲unite, ̲produ̵c̵t̵,̵p̵r̵o̵d̵Sig, ̲Instances.FinsetStore.D, ̲K.init_carrier]

Note: This linter can be disabled with `set_option linter.unusedSimpArgs false`
⚠ [3390/3588] Replayed Sal.MRDTs.Paper1.Automation.GenericArchivedOrderedRecords
warning: Sal/MRDTs/Paper1/Automation/GenericArchivedOrderedRecords.lean:154:2: try 'simp' instead of 'simpa'

Note: This linter can be disabled with `set_option linter.unnecessarySimpa false`
warning: Sal/MRDTs/Paper1/Automation/GenericArchivedOrderedRecords.lean:164:2: try 'simp' instead of 'simpa'

Note: This linter can be disabled with `set_option linter.unnecessarySimpa false`
warning: Sal/MRDTs/Paper1/Automation/GenericArchivedOrderedRecords.lean:237:42: This simp argument is unused:
  add

Hint: Omit it from the simp argument list.
  simp [a̵d̵d̵,̵ih, ̲List.mem_append, ̲List.mem_singleton]

Note: This linter can be disabled with `set_option linter.unusedSimpArgs false`
warning: Sal/MRDTs/Paper1/Automation/GenericArchivedOrderedRecords.lean:237:65: This simp argument is unused:
  List.mem_singleton

Hint: Omit it from the simp argument list.
  simp [̵a̵d̵d̵,̵i̵h̵,̵L̵i̵s̵t̵.̵m̵e̵m̵_̵a̵p̵p̵e̵n̵d̵,̵L̵i̵s̵t̵.̵m̵e̵m̵_̵s̵i̵n̵g̵l̵e̵t̵o̵n̵]̵[̲a̲d̲d̲,̲ ̲i̲h̲,̲ ̲L̲i̲s̲t̲.̲m̲e̲m̲_̲a̲p̲p̲e̲n̲d̲]̲

Note: This linter can be disabled with `set_option linter.unusedSimpArgs false`
warning: Sal/MRDTs/Paper1/Automation/GenericArchivedOrderedRecords.lean:293:89: This simp argument is unused:
  add

Hint: Omit it from the simp argument list.
  simp ̵[̵a̵d̵d̵]̵

Note: This linter can be disabled with `set_option linter.unusedSimpArgs false`
⚠ [3395/3588] Replayed Sal.MRDTs.Paper1.Automation.GenericSortedLists
warning: Sal/MRDTs/Paper1/Automation/GenericSortedLists.lean:76:28: This simp argument is unused:
  ↓reduceIte

Hint: Omit it from the simp argument list.
  simp only [insert, h,̵ ̵↓̵r̵e̵d̵u̵c̵e̵I̵t̵e̵]

Note: This linter can be disabled with `set_option linter.unusedSimpArgs false`
warning: Sal/MRDTs/Paper1/Automation/GenericSortedLists.lean:89:55: This simp argument is unused:
  Bool.false_eq_true

Hint: Omit it from the simp argument list.
  simp only [h, B̵o̵o̵l̵.̵f̵a̵l̵s̵e̵_̵e̵q̵_̵t̵r̵u̵e̵,̵ ̵↓reduceIte, List.mem_cons, ih]

Note: This linter can be disabled with `set_option linter.unusedSimpArgs false`
warning: Sal/MRDTs/Paper1/Automation/GenericSortedLists.lean:109:31: This simp argument is unused:
  ↓reduceIte

Hint: Omit it from the simp argument list.
  simp only [h,̵ ̵↓̵r̵e̵d̵u̵c̵e̵I̵t̵e̵]

Note: This linter can be disabled with `set_option linter.unusedSimpArgs false`
⚠ [3396/3588] Replayed Sal.MRDTs.Paper1.Automation.GenericLexOrder
warning: Sal/MRDTs/Paper1/Automation/GenericLexOrder.lean:23:31: This simp argument is unused:
  List.Lex.nil

Hint: Omit it from the simp argument list.
  simp [left,̵ ̵L̵i̵s̵t̵.̵L̵e̵x̵.̵n̵i̵l̵]

Note: This linter can be disabled with `set_option linter.unusedSimpArgs false`
⚠ [3397/3588] Replayed Sal.MRDTs.Paper1.Automation.EmbeddedOrderedPrimitives
warning: Sal/MRDTs/Paper1/Automation/EmbeddedOrderedPrimitives.lean:15:0: automatically included section variable(s) unused in theorem `Sal.MRDTs.Paper1.Automation.EmbeddedPrimitives.insertion`:
  [DecidableEq α]
  [Inhabited α]
consider restructuring your `variable` declarations so that the variables are not in scope or explicitly omit them:
  omit [DecidableEq α] [Inhabited α] in theorem ...

Note: This linter can be disabled with `set_option linter.unusedSectionVars false`
warning: Sal/MRDTs/Paper1/Automation/EmbeddedOrderedPrimitives.lean:21:0: automatically included section variable(s) unused in theorem `Sal.MRDTs.Paper1.Automation.EmbeddedPrimitives.merging`:
  [DecidableEq α]
  [Inhabited α]
consider restructuring your `variable` declarations so that the variables are not in scope or explicitly omit them:
  omit [DecidableEq α] [Inhabited α] in theorem ...

Note: This linter can be disabled with `set_option linter.unusedSectionVars false`
⚠ [3402/3588] Replayed Sal.MRDTs.Instances.EfficientORSet
warning: Sal/MRDTs/Instances/EfficientORSet.lean:73:0: automatically included section variable(s) unused in theorem `Sal.MRDTs.Instances.EfficientORSet.keyUnique_empty`:
  [DecidableEq α]
consider restructuring your `variable` declarations so that the variables are not in scope or explicitly omit them:
  omit [DecidableEq α] in theorem ...

Note: This linter can be disabled with `set_option linter.unusedSectionVars false`
warning: Sal/MRDTs/Instances/EfficientORSet.lean:202:2: Try `simp at h` instead of `simpa using h`

Note: This linter can be disabled with `set_option linter.unnecessarySimpa false`
info: Sal/MRDTs/Instances/EfficientORSet.lean:224:0: 'Sal.MRDTs.Instances.EfficientORSet.sequential_refinement' depends on axioms: [propext, Classical.choice, Quot.sound]
info: Sal/MRDTs/Instances/EfficientORSet.lean:225:0: 'Sal.MRDTs.Instances.EfficientORSet.sequentialCorrectness' depends on axioms: [propext, Classical.choice, Quot.sound]
info: Sal/MRDTs/Instances/EfficientORSet.lean:226:0: 'Sal.MRDTs.Instances.EfficientORSet.rc_acyclic' depends on axioms: [propext, Classical.choice, Quot.sound]
info: Sal/MRDTs/Instances/EfficientORSet.lean:227:0: 'Sal.MRDTs.Instances.EfficientORSet.keyUnique_fold' depends on axioms: [propext, Quot.sound]
info: Sal/MRDTs/Instances/EfficientORSet.lean:228:0: 'Sal.MRDTs.Instances.EfficientORSet.SPOT.incompatible_replays_merge_not_a_fold' depends on axioms: [propext,
 Classical.choice,
 Quot.sound]
⚠ [3403/3588] Replayed Sal.MRDTs.Instances.EfficientORSetHistory
warning: Sal/MRDTs/Instances/EfficientORSetHistory.lean:32:0: automatically included section variable(s) unused in theorem `Sal.MRDTs.Instances.EfficientORSet.dead_union`:
  [DecidableEq α]
consider restructuring your `variable` declarations so that the variables are not in scope or explicitly omit them:
  omit [DecidableEq α] in theorem ...

Note: This linter can be disabled with `set_option linter.unusedSectionVars false`
warning: Sal/MRDTs/Instances/EfficientORSetHistory.lean:38:0: automatically included section variable(s) unused in theorem `Sal.MRDTs.Instances.EfficientORSet.dead_mono`:
  [DecidableEq α]
consider restructuring your `variable` declarations so that the variables are not in scope or explicitly omit them:
  omit [DecidableEq α] in theorem ...

Note: This linter can be disabled with `set_option linter.unusedSectionVars false`
warning: Sal/MRDTs/Instances/EfficientORSetHistory.lean:77:0: automatically included section variable(s) unused in theorem `Sal.MRDTs.Instances.EfficientORSet.represents_empty`:
  [DecidableEq α]
consider restructuring your `variable` declarations so that the variables are not in scope or explicitly omit them:
  omit [DecidableEq α] in theorem ...

Note: This linter can be disabled with `set_option linter.unusedSectionVars false`
warning: Sal/MRDTs/Instances/EfficientORSetHistory.lean:125:0: automatically included section variable(s) unused in theorem `Sal.MRDTs.Instances.EfficientORSet.keyUnique_of_represents`:
  [DecidableEq α]
consider restructuring your `variable` declarations so that the variables are not in scope or explicitly omit them:
  omit [DecidableEq α] in theorem ...

Note: This linter can be disabled with `set_option linter.unusedSectionVars false`
warning: Sal/MRDTs/Instances/EfficientORSetHistory.lean:158:0: automatically included section variable(s) unused in theorem `Sal.MRDTs.Instances.EfficientORSet.early_backwards`:
  [DecidableEq α]
consider restructuring your `variable` declarations so that the variables are not in scope or explicitly omit them:
  omit [DecidableEq α] in theorem ...

Note: This linter can be disabled with `set_option linter.unusedSectionVars false`
warning: Sal/MRDTs/Instances/EfficientORSetHistory.lean:178:0: automatically included section variable(s) unused in theorem `Sal.MRDTs.Instances.EfficientORSet.before_asymm`:
  [DecidableEq α]
consider restructuring your `variable` declarations so that the variables are not in scope or explicitly omit them:
  omit [DecidableEq α] in theorem ...

Note: This linter can be disabled with `set_option linter.unusedSectionVars false`
warning: Sal/MRDTs/Instances/EfficientORSetHistory.lean:187:0: automatically included section variable(s) unused in theorem `Sal.MRDTs.Instances.EfficientORSet.before_trans`:
  [DecidableEq α]
consider restructuring your `variable` declarations so that the variables are not in scope or explicitly omit them:
  omit [DecidableEq α] in theorem ...

Note: This linter can be disabled with `set_option linter.unusedSectionVars false`
warning: Sal/MRDTs/Instances/EfficientORSetHistory.lean:262:0: automatically included section variable(s) unused in theorem `Sal.MRDTs.Instances.EfficientORSet.not_before_trans`:
  [DecidableEq α]
consider restructuring your `variable` declarations so that the variables are not in scope or explicitly omit them:
  omit [DecidableEq α] in theorem ...

Note: This linter can be disabled with `set_option linter.unusedSectionVars false`
warning: Sal/MRDTs/Instances/EfficientORSetHistory.lean:300:34: This simp argument is unused:
  UpdateSig.replayOrder

Hint: Omit it from the simp argument list.
  simp [̵U̵p̵d̵a̵t̵e̵S̵i̵g̵.̵r̵e̵p̵l̵a̵y̵O̵r̵d̵e̵r̵,̵r̵c̵,̵e̵q̵_̵c̵o̵m̵m̵]̵[̲r̲c̲,̲ ̲e̲q̲_̲c̲o̲m̲m̲]̲

Note: This linter can be disabled with `set_option linter.unusedSimpArgs false`
warning: Sal/MRDTs/Instances/EfficientORSetHistory.lean:340:0: automatically included section variable(s) unused in theorem `Sal.MRDTs.Instances.EfficientORSet.represents_congr`:
  [DecidableEq α]
consider restructuring your `variable` declarations so that the variables are not in scope or explicitly omit them:
  omit [DecidableEq α] in theorem ...

Note: This linter can be disabled with `set_option linter.unusedSectionVars false`
info: Sal/MRDTs/Instances/EfficientORSetHistory.lean:384:0: 'Sal.MRDTs.Instances.EfficientORSet.represents_merge' depends on axioms: [propext, Classical.choice, Quot.sound]
info: Sal/MRDTs/Instances/EfficientORSetHistory.lean:385:0: 'Sal.MRDTs.Instances.EfficientORSet.canonical_of_represents' depends on axioms: [propext, Classical.choice, Quot.sound]
info: Sal/MRDTs/Instances/EfficientORSetHistory.lean:386:0: 'Sal.MRDTs.Instances.EfficientORSet.keyUnique_of_represents' depends on axioms: [propext, Quot.sound]
ℹ [3406/3588] Replayed Sal.MRDTs.Instances.EfficientORSetCertified
info: Sal/MRDTs/Instances/EfficientORSetCertified.lean:137:0: 'Sal.MRDTs.Instances.EfficientORSet.represented_of_mintCertifiedV' depends on axioms: [propext,
 Classical.choice,
 Quot.sound]
info: Sal/MRDTs/Instances/EfficientORSetCertified.lean:138:0: 'Sal.MRDTs.Instances.EfficientORSet.verified' depends on axioms: [propext, Classical.choice, Quot.sound]
info: Sal/MRDTs/Instances/EfficientORSetCertified.lean:139:0: 'Sal.MRDTs.Instances.EfficientORSet.keyUnique_reachableV' depends on axioms: [propext, Classical.choice, Quot.sound]
⚠ [3407/3588] Replayed Sal.MRDTs.Paper1.EfficientORSetEventSpec
warning: Sal/MRDTs/Paper1/EfficientORSetEventSpec.lean:104:8: This simp argument is unused:
  D

Hint: Omit it from the simp argument list.
  simp [D̵,̵ ̵update] at mem

Note: This linter can be disabled with `set_option linter.unusedSimpArgs false`
info: Sal/MRDTs/Paper1/EfficientORSetEventSpec.lean:271:0: 'Sal.MRDTs.Paper1.EfficientORSet.EventSpec.noncommutation_does_not_factor' depends on axioms: [propext,
 Classical.choice,
 Quot.sound]
info: Sal/MRDTs/Paper1/EfficientORSetEventSpec.lean:272:0: 'Sal.MRDTs.Paper1.EfficientORSet.EventSpec.restrictedLaws_impossible' depends on axioms: [propext,
 Classical.choice,
 Quot.sound]
info: Sal/MRDTs/Paper1/EfficientORSetEventSpec.lean:273:0: 'Sal.MRDTs.Paper1.EfficientORSet.EventSpec.commutationCompatibility' depends on axioms: [propext,
 Classical.choice,
 Quot.sound]
info: Sal/MRDTs/Paper1/EfficientORSetEventSpec.lean:274:0: 'Sal.MRDTs.Paper1.EfficientORSet.EventSpec.simulation' depends on axioms: [propext, Classical.choice, Quot.sound]
info: Sal/MRDTs/Paper1/EfficientORSetEventSpec.lean:275:0: 'Sal.MRDTs.Paper1.EfficientORSet.EventSpec.certifiedVersionsRA' depends on axioms: [propext,
 Classical.choice,
 Quot.sound]
info: Sal/MRDTs/Paper1/EfficientORSetEventSpec.lean:276:0: 'Sal.MRDTs.Paper1.EfficientORSet.EventSpec.certifiedVersionsRAV' depends on axioms: [propext,
 Classical.choice,
 Quot.sound]
info: Sal/MRDTs/Paper1/EfficientORSetEventSpec.lean:277:0: 'Sal.MRDTs.Paper1.EfficientORSet.EventSpec.certifiedExecutions' depends on axioms: [propext,
 Classical.choice,
 Quot.sound]
info: Sal/MRDTs/Paper1/EfficientORSetEventSpec.lean:278:0: 'Sal.MRDTs.Paper1.EfficientORSet.EventSpec.certifiedExecutionsV' depends on axioms: [propext,
 Classical.choice,
 Quot.sound]
⚠ [3408/3588] Replayed Sal.MRDTs.Paper1.NeemScope
warning: Sal/MRDTs/Paper1/NeemScope.lean:49:53: This simp argument is unused:
  Ne.symm h

Hint: Omit it from the simp argument list.
  simp [EventSpec.conflict, Op.op, commute, h,̵ ̵N̵e̵.̵s̵y̵m̵m̵ ̵h̵]

Note: This linter can be disabled with `set_option linter.unusedSimpArgs false`
warning: Sal/MRDTs/Paper1/NeemScope.lean:62:50: This simp argument is unused:
  h

Hint: Omit it from the simp argument list.
  simp [EventSpec.conflict, Op.op, commute, h̵,̵ ̵Ne.symm h]

Note: This linter can be disabled with `set_option linter.unusedSimpArgs false`
⚠ [3409/3588] Replayed Sal.MRDTs.Instances.RGA
warning: Sal/MRDTs/Instances/RGA.lean:163:4: try 'simp' instead of 'simpa'

Note: This linter can be disabled with `set_option linter.unnecessarySimpa false`
info: Sal/MRDTs/Instances/RGA.lean:220:0: 'Sal.MRDTs.Instances.RGA.birthGraveSound' depends on axioms: [propext, Classical.choice, Quot.sound]
⚠ [3410/3588] Replayed Sal.MRDTs.Instances.RGASequential
warning: Sal/MRDTs/Instances/RGASequential.lean:643:8: `List.eq_of_perm_of_sorted` has been deprecated: Use `List.Perm.eq_of_pairwise` instead

Note: The updated constant is in a different namespace. Dot notation may need to be changed (e.g., from `x.eq_of_perm_of_sorted` to `List.Perm.eq_of_pairwise x`).
info: Sal/MRDTs/Instances/RGASequential.lean:870:0: 'Sal.MRDTs.Instances.RGA.rga_spec_linearizable' depends on axioms: [propext, Classical.choice, Quot.sound]
info: Sal/MRDTs/Instances/RGASequential.lean:871:0: 'Sal.MRDTs.Instances.RGA.rga_spec_linearizableV' depends on axioms: [propext, Classical.choice, Quot.sound]
ℹ [3411/3588] Replayed Sal.MRDTs.Paper1.RGA
info: Sal/MRDTs/Paper1/RGA.lean:272:0: 'Sal.MRDTs.Paper1.RGA.canonical_admitted' depends on axioms: [propext, Classical.choice, Quot.sound]
info: Sal/MRDTs/Paper1/RGA.lean:273:0: 'Sal.MRDTs.Paper1.RGA.admitted_of_execution' depends on axioms: [propext, Classical.choice, Quot.sound]
info: Sal/MRDTs/Paper1/RGA.lean:274:0: 'Sal.MRDTs.Paper1.RGA.old_list_run_does_not_factor' depends on axioms: [propext, Classical.choice, Quot.sound]
ℹ [3412/3588] Replayed Sal.MRDTs.Paper1.RGAActive
info: Sal/MRDTs/Paper1/RGAActive.lean:71:0: 'Sal.MRDTs.Paper1.RGA.restrictedLaws' depends on axioms: [propext, Classical.choice, Quot.sound]
info: Sal/MRDTs/Paper1/RGAActive.lean:72:0: 'Sal.MRDTs.Paper1.RGA.policy_must_be_empty' depends on axioms: [propext, Classical.choice, Quot.sound]
info: Sal/MRDTs/Paper1/RGAActive.lean:73:0: 'Sal.MRDTs.Paper1.RGA.certifiedRA' depends on axioms: [propext, Classical.choice, Quot.sound]
info: Sal/MRDTs/Paper1/RGAActive.lean:74:0: 'Sal.MRDTs.Paper1.RGA.certifiedRAV' depends on axioms: [propext, Classical.choice, Quot.sound]
ℹ [3414/3588] Replayed Sal.MRDTs.Paper1.ORSetEventSpec
info: Sal/MRDTs/Paper1/ORSetEventSpec.lean:120:0: 'Sal.MRDTs.Paper1.ORSet.EventSpec.simulation' depends on axioms: [propext, Classical.choice, Quot.sound]
info: Sal/MRDTs/Paper1/ORSetEventSpec.lean:121:0: 'Sal.MRDTs.Paper1.ORSet.EventSpec.certifiedVersionsRA' depends on axioms: [propext, Classical.choice, Quot.sound]
info: Sal/MRDTs/Paper1/ORSetEventSpec.lean:122:0: 'Sal.MRDTs.Paper1.ORSet.EventSpec.certifiedVersionsRAV' depends on axioms: [propext, Classical.choice, Quot.sound]
info: Sal/MRDTs/Paper1/ORSetEventSpec.lean:123:0: 'Sal.MRDTs.Paper1.ORSet.EventSpec.certifiedRA' depends on axioms: [propext, Classical.choice, Quot.sound]
info: Sal/MRDTs/Paper1/ORSetEventSpec.lean:124:0: 'Sal.MRDTs.Paper1.ORSet.EventSpec.certifiedRAV' depends on axioms: [propext, Classical.choice, Quot.sound]
info: Sal/MRDTs/Paper1/ORSetEventSpec.lean:125:0: 'Sal.MRDTs.Paper1.ORSet.EventSpec.rawRA' depends on axioms: [propext, Classical.choice, Quot.sound]
ℹ [3415/3588] Replayed Sal.MRDTs.Paper1.GuardedORSet
info: Sal/MRDTs/Paper1/GuardedORSet.lean:121:0: 'Sal.MRDTs.Paper1.EfficientORSet.Guarded.laws' depends on axioms: [propext, Classical.choice, Quot.sound]
info: Sal/MRDTs/Paper1/GuardedORSet.lean:122:0: 'Sal.MRDTs.Paper1.EfficientORSet.Guarded.conditional' depends on axioms: [propext, Classical.choice, Quot.sound]
⚠ [3418/3588] Replayed Sal.MRDTs.Paper1.ConcreteORSetMetadata
warning: Sal/MRDTs/Paper1/ConcreteORSetMetadata.lean:80:4: Try `simp at old` instead of `simpa using old`

Note: This linter can be disabled with `set_option linter.unnecessarySimpa false`
ℹ [3419/3588] Replayed Sal.MRDTs.Paper1.GuardedRawORSetReplay
info: Sal/MRDTs/Paper1/GuardedRawORSetReplay.lean:128:0: 'Sal.MRDTs.Paper1.EfficientORSet.RawReplay.representsCanonical' depends on axioms: [propext,
 Classical.choice,
 Quot.sound]
info: Sal/MRDTs/Paper1/GuardedRawORSetReplay.lean:129:0: 'Sal.MRDTs.Paper1.EfficientORSet.RawReplay.unique' depends on axioms: [propext, Classical.choice, Quot.sound]
info: Sal/MRDTs/Paper1/GuardedRawORSetReplay.lean:130:0: 'Sal.MRDTs.Paper1.EfficientORSet.RawReplay.replaySupply' depends on axioms: [propext, Classical.choice, Quot.sound]
info: Sal/MRDTs/Paper1/GuardedRawORSetReplay.lean:208:0: 'Sal.MRDTs.Paper1.ORSet.RawReplay.unique' depends on axioms: [propext, Classical.choice, Quot.sound]
info: Sal/MRDTs/Paper1/GuardedRawORSetReplay.lean:209:0: 'Sal.MRDTs.Paper1.ORSet.RawReplay.replaySupply' depends on axioms: [propext, Classical.choice, Quot.sound]
ℹ [3425/3588] Replayed Sal.MRDTs.Paper1.GuardedEqualityVC
info: Sal/MRDTs/Paper1/GuardedEqualityVC.lean:59:0: 'Sal.MRDTs.Paper1.EfficientORSet.GuardedEqualityVC.causal_add_eq' depends on axioms: [propext,
 Classical.choice,
 Quot.sound]
info: Sal/MRDTs/Paper1/GuardedEqualityVC.lean:60:0: 'Sal.MRDTs.Paper1.EfficientORSet.GuardedEqualityVC.local_add_eq' depends on axioms: [propext,
 Classical.choice,
 Quot.sound]
info: Sal/MRDTs/Paper1/GuardedEqualityVC.lean:61:0: 'Sal.MRDTs.Paper1.EfficientORSet.GuardedEqualityVC.causal_add_freshness_insufficient' depends on axioms: [propext,
 Classical.choice,
 Quot.sound]
info: Sal/MRDTs/Paper1/GuardedEqualityVC.lean:62:0: 'Sal.MRDTs.Paper1.EfficientORSet.GuardedEqualityVC.local_add_incoherent_base' depends on axioms: [propext,
 Classical.choice,
 Quot.sound]
ℹ [3427/3588] Replayed Sal.MRDTs.Paper1.GuardedRawORSetVC
info: Sal/MRDTs/Paper1/GuardedRawORSetVC.lean:126:0: 'Sal.MRDTs.Paper1.EfficientORSet.GuardedRawVC.local_add_represented' depends on axioms: [propext,
 Classical.choice,
 Quot.sound]
info: Sal/MRDTs/Paper1/GuardedRawORSetVC.lean:127:0: 'Sal.MRDTs.Paper1.EfficientORSet.GuardedRawVC.causal_replay_eq_raw' depends on axioms: [propext,
 Classical.choice,
 Quot.sound]
info: Sal/MRDTs/Paper1/GuardedRawORSetVC.lean:128:0: 'Sal.MRDTs.Paper1.EfficientORSet.GuardedRawVC.mergeVCs' depends on axioms: [propext, Classical.choice, Quot.sound]
ℹ [3428/3588] Replayed Sal.MRDTs.Paper1.GuardedRawORSetJoin
info: Sal/MRDTs/Paper1/GuardedRawORSetJoin.lean:18:0: 'Sal.MRDTs.Paper1.EfficientORSet.GuardedRawVC.representationJoin' depends on axioms: [propext,
 Classical.choice,
 Quot.sound]
info: Sal/MRDTs/Paper1/GuardedRawORSetJoin.lean:35:0: 'Sal.MRDTs.Paper1.ORSet.GuardedRawVC.mergeVCs' depends on axioms: [propext, Classical.choice, Quot.sound]
info: Sal/MRDTs/Paper1/GuardedRawORSetJoin.lean:36:0: 'Sal.MRDTs.Paper1.ORSet.GuardedRawVC.representationJoin' depends on axioms: [propext, Classical.choice, Quot.sound]
ℹ [3429/3588] Replayed Sal.MRDTs.Paper1.GuardedRawExactExecution
info: Sal/MRDTs/Paper1/GuardedRawExactExecution.lean:98:0: 'Sal.MRDTs.Paper1.ORSet.RawExecution.vcJoinAt' depends on axioms: [propext, Classical.choice, Quot.sound]
info: Sal/MRDTs/Paper1/GuardedRawExactExecution.lean:99:0: 'Sal.MRDTs.Paper1.ORSet.RawExecution.certificate' depends on axioms: [propext, Classical.choice, Quot.sound]
info: Sal/MRDTs/Paper1/GuardedRawExactExecution.lean:100:0: 'Sal.MRDTs.Paper1.ORSet.RawExecution.convergence' depends on axioms: [propext, Classical.choice, Quot.sound]
info: Sal/MRDTs/Paper1/GuardedRawExactExecution.lean:101:0: 'Sal.MRDTs.Paper1.ORSet.RawExecution.executionsV' depends on axioms: [propext, Classical.choice, Quot.sound]
ℹ [3430/3588] Replayed Sal.MRDTs.Paper1.ORSetPaperContract
info: Sal/MRDTs/Paper1/ORSetPaperContract.lean:37:0: 'Sal.MRDTs.Paper1.ORSet.PaperContract.specificationRawRA' depends on axioms: [propext, Classical.choice, Quot.sound]
info: Sal/MRDTs/Paper1/ORSetPaperContract.lean:38:0: 'Sal.MRDTs.Paper1.ORSet.PaperContract.specificationRawRAV' depends on axioms: [propext, Classical.choice, Quot.sound]
⚠ [3432/3588] Replayed Sal.MRDTs.Paper1.CertifiedRGAHistory
warning: Sal/MRDTs/Paper1/CertifiedRGAHistory.lean:170:18: Try `simp at hconflict` instead of `simpa using hconflict`

Note: This linter can be disabled with `set_option linter.unnecessarySimpa false`
warning: Sal/MRDTs/Paper1/CertifiedRGAHistory.lean:178:18: Try `simp at hconflict` instead of `simpa using hconflict`

Note: This linter can be disabled with `set_option linter.unnecessarySimpa false`
⚠ [3434/3588] Replayed Sal.MRDTs.Paper1.CertifiedRGAHistoryCommutation
warning: Sal/MRDTs/Paper1/CertifiedRGAHistoryCommutation.lean:9:8: automatically included section variable(s) unused in theorem `_private.Sal.MRDTs.Paper1.CertifiedRGAHistoryCommutation.0.Sal.MRDTs.Paper1.CertifiedRGAHistory.embed_filter_splice`:
  [DecidableEq α]
  [Inhabited α]
consider restructuring your `variable` declarations so that the variables are not in scope or explicitly omit them:
  omit [DecidableEq α] [Inhabited α] in theorem ...

Note: This linter can be disabled with `set_option linter.unusedSectionVars false`
warning: Sal/MRDTs/Paper1/CertifiedRGAHistoryCommutation.lean:19:16: This simp argument is unused:
  List.filter_cons

Hint: Omit it from the simp argument list.
  simp_all [L̵i̵s̵t̵.̵f̵i̵l̵t̵e̵r̵_̵c̵o̵n̵s̵,̵ ̵Instances.EmbedRGA.eInsAfter]

Note: This linter can be disabled with `set_option linter.unusedSimpArgs false`
warning: Sal/MRDTs/Paper1/CertifiedRGAHistoryCommutation.lean:21:18: This simp argument is unused:
  List.filter_cons

Hint: Omit it from the simp argument list.
  simp_all [L̵i̵s̵t̵.̵f̵i̵l̵t̵e̵r̵_̵c̵o̵n̵s̵,̵ ̵Instances.EmbedRGA.eInsAfter]

Note: This linter can be disabled with `set_option linter.unusedSimpArgs false`
warning: Sal/MRDTs/Paper1/CertifiedRGAHistoryCommutation.lean:22:18: This simp argument is unused:
  List.filter_cons

Hint: Omit it from the simp argument list.
  simp_all [L̵i̵s̵t̵.̵f̵i̵l̵t̵e̵r̵_̵c̵o̵n̵s̵,̵ ̵Instances.EmbedRGA.eInsAfter]

Note: This linter can be disabled with `set_option linter.unusedSimpArgs false`
warning: Sal/MRDTs/Paper1/CertifiedRGAHistoryCommutation.lean:34:16: This simp argument is unused:
  List.filter_cons

Hint: Omit it from the simp argument list.
  simp_all [L̵i̵s̵t̵.̵f̵i̵l̵t̵e̵r̵_̵c̵o̵n̵s̵,̵ ̵Instances.SidedEmbedRGA.sInsAfter]

Note: This linter can be disabled with `set_option linter.unusedSimpArgs false`
warning: Sal/MRDTs/Paper1/CertifiedRGAHistoryCommutation.lean:36:18: This simp argument is unused:
  List.filter_cons

Hint: Omit it from the simp argument list.
  simp_all [L̵i̵s̵t̵.̵f̵i̵l̵t̵e̵r̵_̵c̵o̵n̵s̵,̵ ̵Instances.SidedEmbedRGA.sInsAfter]

Note: This linter can be disabled with `set_option linter.unusedSimpArgs false`
warning: Sal/MRDTs/Paper1/CertifiedRGAHistoryCommutation.lean:37:18: This simp argument is unused:
  List.filter_cons

Hint: Omit it from the simp argument list.
  simp_all [L̵i̵s̵t̵.̵f̵i̵l̵t̵e̵r̵_̵c̵o̵n̵s̵,̵ ̵Instances.SidedEmbedRGA.sInsAfter]

Note: This linter can be disabled with `set_option linter.unusedSimpArgs false`
warning: Sal/MRDTs/Paper1/CertifiedRGAHistoryCommutation.lean:49:16: This simp argument is unused:
  List.filter_cons

Hint: Omit it from the simp argument list.
  simp_all [L̵i̵s̵t̵.̵f̵i̵l̵t̵e̵r̵_̵c̵o̵n̵s̵,̵ ̵Instances.SidedEmbedRGA.sInsBefore]

Note: This linter can be disabled with `set_option linter.unusedSimpArgs false`
warning: Sal/MRDTs/Paper1/CertifiedRGAHistoryCommutation.lean:51:18: This simp argument is unused:
  List.filter_cons

Hint: Omit it from the simp argument list.
  simp_all [L̵i̵s̵t̵.̵f̵i̵l̵t̵e̵r̵_̵c̵o̵n̵s̵,̵ ̵Instances.SidedEmbedRGA.sInsBefore]

Note: This linter can be disabled with `set_option linter.unusedSimpArgs false`
warning: Sal/MRDTs/Paper1/CertifiedRGAHistoryCommutation.lean:52:18: This simp argument is unused:
  List.filter_cons

Hint: Omit it from the simp argument list.
  simp_all [L̵i̵s̵t̵.̵f̵i̵l̵t̵e̵r̵_̵c̵o̵n̵s̵,̵ ̵Instances.SidedEmbedRGA.sInsBefore]

Note: This linter can be disabled with `set_option linter.unusedSimpArgs false`
warning: Sal/MRDTs/Paper1/CertifiedRGAHistoryCommutation.lean:233:26: This simp argument is unused:
  List.append_nil

Hint: Omit it from the simp argument list.
  simp only [̵P̵r̵e̵f̵i̵x̵C̵h̵e̵c̵k̵s̵,̵L̵i̵s̵t̵.̵a̵p̵p̵e̵n̵d̵_̵n̵i̵l̵,̵t̵r̵u̵e̵_̵a̵n̵d̵,̵a̵n̵d̵_̵t̵r̵u̵e̵]̵[̲P̲r̲e̲f̲i̲x̲C̲h̲e̲c̲k̲s̲,̲ ̲t̲r̲u̲e̲_̲a̲n̲d̲,̲ ̲a̲n̲d̲_̲t̲r̲u̲e̲]̲

Note: This linter can be disabled with `set_option linter.unusedSimpArgs false`
warning: Sal/MRDTs/Paper1/CertifiedRGAHistoryCommutation.lean:233:42: This simp argument is unused:
  true_and

Hint: Omit it from the simp argument list.
  simp only [̵P̵r̵e̵f̵i̵x̵C̵h̵e̵c̵k̵s̵,̵L̵i̵s̵t̵.̵a̵p̵p̵e̵n̵d̵_̵n̵i̵l̵,̵t̵r̵u̵e̵_̵a̵n̵d̵,̵a̵n̵d̵_̵t̵r̵u̵e̵]̵[̲P̲r̲e̲f̲i̲x̲C̲h̲e̲c̲k̲s̲,̲ ̲L̲i̲s̲t̲.̲a̲p̲p̲e̲n̲d̲_̲n̲i̲l̲,̲ ̲a̲n̲d̲_̲t̲r̲u̲e̲]̲

Note: This linter can be disabled with `set_option linter.unusedSimpArgs false`
warning: Sal/MRDTs/Paper1/CertifiedRGAHistoryCommutation.lean:263:37: This simp argument is unused:
  id_ne

Hint: Omit it from the simp argument list.
  simp [̵e̵m̵b̵e̵d̵C̵h̵e̵c̵k̵,̵L̵i̵s̵t̵.̵m̵e̵m̵_̵a̵p̵p̵e̵n̵d̵,̵i̵d̵_̵n̵e̵,̵N̵e̵.̵s̵y̵m̵m̵ ̵i̵d̵_̵n̵e̵,̵I̵n̵s̵t̵a̵n̵c̵e̵s̵.̵E̵m̵b̵e̵d̵R̵G̵A̵.̵e̵I̵s̵I̵n̵s̵]̵[̲e̲m̲b̲e̲d̲C̲h̲e̲c̲k̲,̲ ̲L̲i̲s̲t̲.̲m̲e̲m̲_̲a̲p̲p̲e̲n̲d̲,̲ ̲N̲e̲.̲s̲y̲m̲m̲ ̲i̲d̲_̲n̲e̲,̲ ̲I̲n̲s̲t̲a̲n̲c̲e̲s̲.̲E̲m̲b̲e̲d̲R̲G̲A̲.̲e̲I̲s̲I̲n̲s̲]̲

Note: This linter can be disabled with `set_option linter.unusedSimpArgs false`
warning: Sal/MRDTs/Paper1/CertifiedRGAHistoryCommutation.lean:297:37: This simp argument is unused:
  id_ne

Hint: Omit it from the simp argument list.
  simp [̵s̵i̵d̵e̵d̵C̵h̵e̵c̵k̵,̵L̵i̵s̵t̵.̵m̵e̵m̵_̵a̵p̵p̵e̵n̵d̵,̵i̵d̵_̵n̵e̵,̵N̵e̵.̵s̵y̵m̵m̵ ̵i̵d̵_̵n̵e̵,̵I̵n̵s̵t̵a̵n̵c̵e̵s̵.̵S̵i̵d̵e̵d̵E̵m̵b̵e̵d̵R̵G̵A̵.̵s̵I̵s̵I̵n̵s̵]̵[̲s̲i̲d̲e̲d̲C̲h̲e̲c̲k̲,̲ ̲L̲i̲s̲t̲.̲m̲e̲m̲_̲a̲p̲p̲e̲n̲d̲,̲ ̲N̲e̲.̲s̲y̲m̲m̲ ̲i̲d̲_̲n̲e̲,̲ ̲I̲n̲s̲t̲a̲n̲c̲e̲s̲.̲S̲i̲d̲e̲d̲E̲m̲b̲e̲d̲R̲G̲A̲.̲s̲I̲s̲I̲n̲s̲]̲

Note: This linter can be disabled with `set_option linter.unusedSimpArgs false`
⚠ [3435/3588] Replayed Sal.MRDTs.Paper1.CertifiedRGAFugue
warning: Sal/MRDTs/Paper1/CertifiedRGAFugue.lean:53:15: This simp argument is unused:
  stateOf

Hint: Omit it from the simp argument list.
  simp only [s̵t̵a̵t̵e̵O̵f̵,̵List.mem_toFinset, ̲mMinted, ̲List.mem_filter, ̲List.mem_map]

Note: This linter can be disabled with `set_option linter.unusedSimpArgs false`
info: Sal/MRDTs/Paper1/CertifiedRGAFugue.lean:69:0: 'Sal.MRDTs.Paper1.CertifiedRGAFugue.unique' depends on axioms: [propext, Classical.choice, Quot.sound]
info: Sal/MRDTs/Paper1/CertifiedRGAFugue.lean:70:0: 'Sal.MRDTs.Paper1.CertifiedRGAFugue.laws' depends on axioms: [propext, Classical.choice, Quot.sound]
ℹ [3436/3588] Replayed Sal.MRDTs.Instances.Peritext
info: Sal/MRDTs/Instances/Peritext.lean:71:0: 'Sal.MRDTs.Instances.Peritext.replayAdequate' depends on axioms: [propext, Classical.choice, Quot.sound]
info: Sal/MRDTs/Instances/Peritext.lean:72:0: 'Sal.MRDTs.Instances.Peritext.verified' depends on axioms: [propext, Classical.choice, Quot.sound]
info: Sal/MRDTs/Instances/Peritext.lean:73:0: 'Sal.MRDTs.Instances.Peritext.render_sequentially_correct' depends on axioms: [propext, Classical.choice, Quot.sound]
ℹ [3437/3588] Replayed Sal.MRDTs.Paper1.CertifiedRGAIssuance
info: Sal/MRDTs/Paper1/CertifiedRGAIssuance.lean:65:0: 'Sal.MRDTs.Paper1.CertifiedRGAIssuance.Embedded.laws' depends on axioms: [propext, Classical.choice, Quot.sound]
info: Sal/MRDTs/Paper1/CertifiedRGAIssuance.lean:66:0: 'Sal.MRDTs.Paper1.CertifiedRGAIssuance.Sided.laws' depends on axioms: [propext, Classical.choice, Quot.sound]
info: Sal/MRDTs/Paper1/CertifiedRGAIssuance.lean:67:0: 'Sal.MRDTs.Paper1.CertifiedRGAIssuance.Peritext.laws' depends on axioms: [propext, Classical.choice, Quot.sound]
info: Sal/MRDTs/Paper1/CertifiedRGAIssuance.lean:68:0: 'Sal.MRDTs.Paper1.CertifiedRGAIssuance.SidedPeritext.laws' depends on axioms: [propext, Classical.choice, Quot.sound]
info: Sal/MRDTs/Paper1/CertifiedRGAIssuance.lean:69:0: 'Sal.MRDTs.Paper1.CertifiedRGAIssuance.SidedPeritext.rich_laws' depends on axioms: [propext,
 Classical.choice,
 Quot.sound]
info: Sal/MRDTs/Paper1/CertifiedRGAIssuance.lean:70:0: 'Sal.MRDTs.Paper1.CertifiedRGAIssuance.FugueMax.laws' depends on axioms: [propext, Classical.choice, Quot.sound]
ℹ [3438/3588] Replayed Sal.MRDTs.Paper1.CertifiedRGAVCReplay
info: Sal/MRDTs/Paper1/CertifiedRGAVCReplay.lean:312:0: 'Sal.MRDTs.Paper1.CertifiedRGAVCReplay.Embedded.replaySupply' depends on axioms: [propext, Classical.choice, Quot.sound]
info: Sal/MRDTs/Paper1/CertifiedRGAVCReplay.lean:313:0: 'Sal.MRDTs.Paper1.CertifiedRGAVCReplay.Sided.replaySupply' depends on axioms: [propext, Classical.choice, Quot.sound]
⚠ [3439/3588] Replayed Sal.MRDTs.Paper1.CertifiedRGAVCAlgebra
warning: Sal/MRDTs/Paper1/CertifiedRGAVCAlgebra.lean:31:2: try 'simp' instead of 'simpa'

Note: This linter can be disabled with `set_option linter.unnecessarySimpa false`
warning: Sal/MRDTs/Paper1/CertifiedRGAVCAlgebra.lean:33:8: automatically included section variable(s) unused in theorem `_private.Sal.MRDTs.Paper1.CertifiedRGAVCAlgebra.0.Sal.MRDTs.Paper1.CertifiedRGAVCAlgebra.Embedded.id_iff_mem`:
  [DecidableEq α]
  [Inhabited α]
consider restructuring your `variable` declarations so that the variables are not in scope or explicitly omit them:
  omit [DecidableEq α] [Inhabited α] in theorem ...

Note: This linter can be disabled with `set_option linter.unusedSectionVars false`
warning: Sal/MRDTs/Paper1/CertifiedRGAVCAlgebra.lean:55:48: This simp argument is unused:
  Bool.or_eq_true

Hint: Omit it from the simp argument list.
  simp only [̵e̵M̵e̵r̵g̵e̵,̵m̵e̵m̵_̵e̵M̵e̵r̵g̵e̵2̵,̵L̵i̵s̵t̵.̵m̵e̵m̵_̵f̵i̵l̵t̵e̵r̵,̵B̵o̵o̵l̵.̵o̵r̵_̵e̵q̵_̵t̵r̵u̵e̵,̵B̵o̵o̵l̵.̵a̵n̵d̵_̵e̵q̵_̵t̵r̵u̵e̵,̵[̲e̲M̲e̲r̲g̲e̲,̲ ̲m̲e̲m̲_̲e̲M̲e̲r̲g̲e̲2̲,̲ ̲L̲i̲s̲t̲.̲m̲e̲m̲_̲f̲i̲l̲t̲e̲r̲,̲ ̲B̲o̲o̲l̲.̲a̲n̲d̲_̲e̲q̲_̲t̲r̲u̲e̲,̲ decide_eq_true_eq]

Note: This linter can be disabled with `set_option linter.unusedSimpArgs false`
warning: Sal/MRDTs/Paper1/CertifiedRGAVCAlgebra.lean:55:64: This simp argument is unused:
  Bool.and_eq_true

Hint: Omit it from the simp argument list.
  simp only [̵e̵M̵e̵r̵g̵e̵,̵m̵e̵m̵_̵e̵M̵e̵r̵g̵e̵2̵,̵L̵i̵s̵t̵.̵m̵e̵m̵_̵f̵i̵l̵t̵e̵r̵,̵B̵o̵o̵l̵.̵o̵r̵_̵e̵q̵_̵t̵r̵u̵e̵,̵B̵o̵o̵l̵.̵a̵n̵d̵_̵e̵q̵_̵t̵r̵u̵e̵,̵[̲e̲M̲e̲r̲g̲e̲,̲ ̲m̲e̲m̲_̲e̲M̲e̲r̲g̲e̲2̲,̲ ̲L̲i̲s̲t̲.̲m̲e̲m̲_̲f̲i̲l̲t̲e̲r̲,̲ ̲B̲o̲o̲l̲.̲o̲r̲_̲e̲q̲_̲t̲r̲u̲e̲,̲ decide_eq_true_eq]

Note: This linter can be disabled with `set_option linter.unusedSimpArgs false`
warning: Sal/MRDTs/Paper1/CertifiedRGAVCAlgebra.lean:92:2: try 'simp' instead of 'simpa'

Note: This linter can be disabled with `set_option linter.unnecessarySimpa false`
⚠ [3440/3588] Replayed Sal.MRDTs.Paper1.CertifiedRGAInvariant
warning: Sal/MRDTs/Paper1/CertifiedRGAInvariant.lean:31:2: try 'simp' instead of 'simpa'

Note: This linter can be disabled with `set_option linter.unnecessarySimpa false`
warning: Sal/MRDTs/Paper1/CertifiedRGAInvariant.lean:43:2: try 'simp' instead of 'simpa'

Note: This linter can be disabled with `set_option linter.unnecessarySimpa false`
info: Sal/MRDTs/Paper1/CertifiedRGAInvariant.lean:195:0: 'Sal.MRDTs.Paper1.CertifiedRGAInvariant.closed' depends on axioms: [propext, Classical.choice, Quot.sound]
info: Sal/MRDTs/Paper1/CertifiedRGAInvariant.lean:196:0: 'Sal.MRDTs.Paper1.CertifiedRGAInvariant.invariant_commutes_iff' depends on axioms: [propext,
 Classical.choice,
 Quot.sound]
info: Sal/MRDTs/Paper1/CertifiedRGAInvariant.lean:197:0: 'Sal.MRDTs.Paper1.CertifiedRGAInvariant.update_valid' depends on axioms: [propext, Classical.choice, Quot.sound]
info: Sal/MRDTs/Paper1/CertifiedRGAInvariant.lean:198:0: 'Sal.MRDTs.Paper1.CertifiedRGAInvariant.merge_valid' depends on axioms: [propext, Classical.choice, Quot.sound]
info: Sal/MRDTs/Paper1/CertifiedRGAInvariant.lean:199:0: 'Sal.MRDTs.Paper1.CertifiedRGAInvariant.semantic_commutes' depends on axioms: [propext, Classical.choice, Quot.sound]
info: Sal/MRDTs/Paper1/CertifiedRGAInvariant.lean:200:0: 'Sal.MRDTs.Paper1.CertifiedRGAInvariant.birth_delete_noncommutes' depends on axioms: [propext,
 Classical.choice,
 Quot.sound]
info: Sal/MRDTs/Paper1/CertifiedRGAInvariant.lean:201:0: 'Sal.MRDTs.Paper1.CertifiedRGAInvariant.commutes_iff_semantic' depends on axioms: [propext,
 Classical.choice,
 Quot.sound]
ℹ [3442/3588] Replayed Sal.MRDTs.Paper1.CertifiedClosedExecution
info: Sal/MRDTs/Paper1/CertifiedClosedExecution.lean:270:0: 'Sal.MRDTs.Paper1.CertifiedClosedExecution.virtualMergeBaseState_canonical' depends on axioms: [propext,
 Classical.choice,
 Quot.sound]
info: Sal/MRDTs/Paper1/CertifiedClosedExecution.lean:271:0: 'Sal.MRDTs.Paper1.CertifiedClosedExecution.canonicalConfig_of_mintCertifiedV' depends on axioms: [propext,
 Classical.choice,
 Quot.sound]
ℹ [3445/3588] Replayed Sal.MRDTs.Paper1.Automation.AutomatedRGA
info: Sal/MRDTs/Paper1/Automation/AutomatedRGA.lean:263:0: 'Sal.MRDTs.Paper1.Automation.AutomatedRGA.Embedded.automated_vcs' depends on axioms: [propext,
 Classical.choice,
 Quot.sound]
info: Sal/MRDTs/Paper1/Automation/AutomatedRGA.lean:284:0: 'Sal.MRDTs.Paper1.Automation.AutomatedRGA.Sided.automated_vcs' depends on axioms: [propext,
 Classical.choice,
 Quot.sound]
ℹ [3446/3588] Replayed Sal.MRDTs.Paper1.CertifiedRGAVC
info: Sal/MRDTs/Paper1/CertifiedRGAVC.lean:23:0: 'Sal.MRDTs.Paper1.CertifiedRGAVC.Embedded.representationJoin' depends on axioms: [propext, Classical.choice, Quot.sound]
info: Sal/MRDTs/Paper1/CertifiedRGAVC.lean:24:0: 'Sal.MRDTs.Paper1.CertifiedRGAVC.Embedded.mergeVCs' depends on axioms: [propext, Classical.choice, Quot.sound]
⚠ [3447/3588] Replayed Sal.MRDTs.Paper1.CertifiedRGASidedVCAlgebra
warning: Sal/MRDTs/Paper1/CertifiedRGASidedVCAlgebra.lean:30:2: try 'simp' instead of 'simpa'

Note: This linter can be disabled with `set_option linter.unnecessarySimpa false`
warning: Sal/MRDTs/Paper1/CertifiedRGASidedVCAlgebra.lean:54:48: This simp argument is unused:
  Bool.or_eq_true

Hint: Omit it from the simp argument list.
  simp only [̵s̵M̵e̵r̵g̵e̵,̵m̵e̵m̵_̵s̵M̵e̵r̵g̵e̵2̵,̵L̵i̵s̵t̵.̵m̵e̵m̵_̵f̵i̵l̵t̵e̵r̵,̵B̵o̵o̵l̵.̵o̵r̵_̵e̵q̵_̵t̵r̵u̵e̵,̵B̵o̵o̵l̵.̵a̵n̵d̵_̵e̵q̵_̵t̵r̵u̵e̵,̵[̲s̲M̲e̲r̲g̲e̲,̲ ̲m̲e̲m̲_̲s̲M̲e̲r̲g̲e̲2̲,̲ ̲L̲i̲s̲t̲.̲m̲e̲m̲_̲f̲i̲l̲t̲e̲r̲,̲ ̲B̲o̲o̲l̲.̲a̲n̲d̲_̲e̲q̲_̲t̲r̲u̲e̲,̲ decide_eq_true_eq]

Note: This linter can be disabled with `set_option linter.unusedSimpArgs false`
warning: Sal/MRDTs/Paper1/CertifiedRGASidedVCAlgebra.lean:54:64: This simp argument is unused:
  Bool.and_eq_true

Hint: Omit it from the simp argument list.
  simp only [̵s̵M̵e̵r̵g̵e̵,̵m̵e̵m̵_̵s̵M̵e̵r̵g̵e̵2̵,̵L̵i̵s̵t̵.̵m̵e̵m̵_̵f̵i̵l̵t̵e̵r̵,̵B̵o̵o̵l̵.̵o̵r̵_̵e̵q̵_̵t̵r̵u̵e̵,̵B̵o̵o̵l̵.̵a̵n̵d̵_̵e̵q̵_̵t̵r̵u̵e̵,̵[̲s̲M̲e̲r̲g̲e̲,̲ ̲m̲e̲m̲_̲s̲M̲e̲r̲g̲e̲2̲,̲ ̲L̲i̲s̲t̲.̲m̲e̲m̲_̲f̲i̲l̲t̲e̲r̲,̲ ̲B̲o̲o̲l̲.̲o̲r̲_̲e̲q̲_̲t̲r̲u̲e̲,̲ decide_eq_true_eq]

Note: This linter can be disabled with `set_option linter.unusedSimpArgs false`
warning: Sal/MRDTs/Paper1/CertifiedRGASidedVCAlgebra.lean:91:2: try 'simp' instead of 'simpa'

Note: This linter can be disabled with `set_option linter.unnecessarySimpa false`
ℹ [3448/3588] Replayed Sal.MRDTs.Paper1.CertifiedRGASidedVC
info: Sal/MRDTs/Paper1/CertifiedRGASidedVC.lean:22:0: 'Sal.MRDTs.Paper1.CertifiedRGAVC.Sided.representationJoin' depends on axioms: [propext, Classical.choice, Quot.sound]
info: Sal/MRDTs/Paper1/CertifiedRGASidedVC.lean:23:0: 'Sal.MRDTs.Paper1.CertifiedRGAVC.Sided.mergeVCs' depends on axioms: [propext, Classical.choice, Quot.sound]
ℹ [3451/3588] Replayed Sal.MRDTs.Paper1.InvariantReplay
info: Sal/MRDTs/Paper1/InvariantReplay.lean:309:0: 'Sal.MRDTs.Paper1.InvariantReplay.convergence_on' depends on axioms: [propext, Classical.choice, Quot.sound]
info: Sal/MRDTs/Paper1/InvariantReplay.lean:310:0: 'Sal.MRDTs.Paper1.InvariantReplay.restrict_restrictedLaws' depends on axioms: [propext, Classical.choice, Quot.sound]
ℹ [3452/3588] Replayed Sal.MRDTs.Paper1.CertifiedRGAInvariantReplay
info: Sal/MRDTs/Paper1/CertifiedRGAInvariantReplay.lean:119:0: 'Sal.MRDTs.Paper1.CertifiedRGAInvariantReplay.laws' depends on axioms: [propext, Classical.choice, Quot.sound]
info: Sal/MRDTs/Paper1/CertifiedRGAInvariantReplay.lean:120:0: 'Sal.MRDTs.Paper1.CertifiedRGAInvariantReplay.storedCanonical' depends on axioms: [propext,
 Classical.choice,
 Quot.sound]
info: Sal/MRDTs/Paper1/CertifiedRGAInvariantReplay.lean:121:0: 'Sal.MRDTs.Paper1.CertifiedRGAInvariantReplay.concurrent_commutes' depends on axioms: [propext,
 Classical.choice,
 Quot.sound]
ℹ [3453/3588] Replayed Sal.MRDTs.Paper1.CertifiedRGAInvariantCertificate
info: Sal/MRDTs/Paper1/CertifiedRGAInvariantCertificate.lean:117:0: 'Sal.MRDTs.Paper1.CertifiedRGAInvariantCertificate.implementation_replay_equal' depends on axioms: [propext,
 Classical.choice,
 Quot.sound]
info: Sal/MRDTs/Paper1/CertifiedRGAInvariantCertificate.lean:118:0: 'Sal.MRDTs.Paper1.CertifiedRGAInvariantCertificate.virtual_base_valid' depends on axioms: [propext,
 Classical.choice,
 Quot.sound]
info: Sal/MRDTs/Paper1/CertifiedRGAInvariantCertificate.lean:119:0: 'Sal.MRDTs.Paper1.CertifiedRGAInvariantCertificate.correct' depends on axioms: [propext, Classical.choice, Quot.sound]
info: Sal/MRDTs/Paper1/CertifiedRGAInvariantCertificate.lean:120:0: 'Sal.MRDTs.Paper1.CertifiedRGAInvariantCertificate.correctV' depends on axioms: [propext, Classical.choice, Quot.sound]
ℹ [3454/3588] Replayed Sal.MRDTs.Paper1.AnchoredQueue
info: Sal/MRDTs/Paper1/AnchoredQueue.lean:210:0: 'Sal.MRDTs.Paper1.AnchoredQueue.concurrent_commutes' depends on axioms: [propext, Classical.choice, Quot.sound]
info: Sal/MRDTs/Paper1/AnchoredQueue.lean:211:0: 'Sal.MRDTs.Paper1.AnchoredQueue.scoped_laws' depends on axioms: [propext, Classical.choice, Quot.sound]
ℹ [3455/3588] Replayed Sal.MRDTs.Paper1.AnchoredQueueHistory
info: Sal/MRDTs/Paper1/AnchoredQueueHistory.lean:116:0: 'Sal.MRDTs.Paper1.AnchoredQueue.History.check_iff_legal' depends on axioms: [propext, Quot.sound]
info: Sal/MRDTs/Paper1/AnchoredQueueHistory.lean:117:0: 'Sal.MRDTs.Paper1.AnchoredQueue.History.versions_of_witnesses' depends on axioms: [propext,
 Classical.choice,
 Quot.sound]
ℹ [3456/3588] Replayed Sal.MRDTs.Paper1.AnchoredQueueReadSide
info: Sal/MRDTs/Paper1/AnchoredQueueReadSide.lean:40:0: 'Sal.MRDTs.Paper1.AnchoredQueue.fifoFold_ids_subset' depends on axioms: [propext, Quot.sound]
ℹ [3457/3588] Replayed Sal.MRDTs.Paper1.AnchoredQueuePublic
info: Sal/MRDTs/Paper1/AnchoredQueuePublic.lean:157:0: 'Sal.MRDTs.Paper1.AnchoredQueue.Public.execution' depends on axioms: [propext, Classical.choice, Quot.sound]
info: Sal/MRDTs/Paper1/AnchoredQueuePublic.lean:158:0: 'Sal.MRDTs.Paper1.AnchoredQueue.Public.reach' depends on axioms: [propext, Classical.choice, Quot.sound]
info: Sal/MRDTs/Paper1/AnchoredQueuePublic.lean:159:0: 'Sal.MRDTs.Paper1.AnchoredQueue.Public.virtual_base' depends on axioms: [propext, Classical.choice, Quot.sound]
⚠ [3458/3588] Replayed Sal.MRDTs.Paper1.AnchoredQueueCommutation
warning: Sal/MRDTs/Paper1/AnchoredQueueCommutation.lean:40:23: This simp argument is unused:
  List.append_nil

Hint: Omit it from the simp argument list.
  simp only [̵C̵h̵e̵c̵k̵F̵r̵o̵m̵,̵L̵i̵s̵t̵.̵a̵p̵p̵e̵n̵d̵_̵n̵i̵l̵,̵t̵r̵u̵e̵_̵a̵n̵d̵,̵a̵n̵d̵_̵t̵r̵u̵e̵]̵[̲C̲h̲e̲c̲k̲F̲r̲o̲m̲,̲ ̲t̲r̲u̲e̲_̲a̲n̲d̲,̲ ̲a̲n̲d̲_̲t̲r̲u̲e̲]̲

Note: This linter can be disabled with `set_option linter.unusedSimpArgs false`
warning: Sal/MRDTs/Paper1/AnchoredQueueCommutation.lean:40:39: This simp argument is unused:
  true_and

Hint: Omit it from the simp argument list.
  simp only [̵C̵h̵e̵c̵k̵F̵r̵o̵m̵,̵L̵i̵s̵t̵.̵a̵p̵p̵e̵n̵d̵_̵n̵i̵l̵,̵t̵r̵u̵e̵_̵a̵n̵d̵,̵a̵n̵d̵_̵t̵r̵u̵e̵]̵[̲C̲h̲e̲c̲k̲F̲r̲o̲m̲,̲ ̲L̲i̲s̲t̲.̲a̲p̲p̲e̲n̲d̲_̲n̲i̲l̲,̲ ̲a̲n̲d̲_̲t̲r̲u̲e̲]̲

Note: This linter can be disabled with `set_option linter.unusedSimpArgs false`
warning: Sal/MRDTs/Paper1/AnchoredQueueCommutation.lean:46:16: unused variable `ir`

Note: This linter can be disabled with `set_option linter.unusedVariables false`
warning: Sal/MRDTs/Paper1/AnchoredQueueCommutation.lean:46:32: unused variable `anchor`

Note: This linter can be disabled with `set_option linter.unusedVariables false`
warning: Sal/MRDTs/Paper1/AnchoredQueueCommutation.lean:46:47: unused variable `coordinate`

Note: This linter can be disabled with `set_option linter.unusedVariables false`
warning: Sal/MRDTs/Paper1/AnchoredQueueCommutation.lean:50:73: This simp argument is unused:
  Op.time

Hint: Omit it from the simp argument list.
  simp [̵f̵i̵f̵o̵A̵p̵p̵l̵i̵c̵a̵b̵l̵e̵,̵d̵e̵q̵,̵d̵i̵f̵f̵e̵r̵e̵n̵t̵,̵N̵e̵.̵s̵y̵m̵m̵ ̵d̵i̵f̵f̵e̵r̵e̵n̵t̵,̵O̵p̵.̵o̵p̵,̵O̵p̵.̵t̵i̵m̵e̵]̵[̲f̲i̲f̲o̲A̲p̲p̲l̲i̲c̲a̲b̲l̲e̲,̲ ̲d̲e̲q̲,̲ ̲d̲i̲f̲f̲e̲r̲e̲n̲t̲,̲ ̲N̲e̲.̲s̲y̲m̲m̲ ̲d̲i̲f̲f̲e̲r̲e̲n̲t̲,̲ ̲O̲p̲.̲o̲p̲]̲

Note: This linter can be disabled with `set_option linter.unusedSimpArgs false`
warning: Sal/MRDTs/Paper1/AnchoredQueueCommutation.lean:78:10: This simp argument is unused:
  eInsIds_append

Hint: Omit it from the simp argument list.
  simp [̵e̵I̵n̵s̵I̵d̵s̵_̵a̵p̵p̵e̵n̵d̵,̵e̵I̵n̵s̵I̵d̵s̵,̵e̵n̵q̵,̵e̵I̵s̵I̵n̵s̵,̵O̵p̵.̵t̵i̵m̵e̵,̵d̵i̵f̵f̵e̵r̵e̵n̵t̵,̵N̵e̵.̵s̵y̵m̵m̵[̲e̲I̲n̲s̲I̲d̲s̲,̲ ̲e̲n̲q̲,̲ ̲e̲I̲s̲I̲n̲s̲,̲ ̲O̲p̲.̲t̲i̲m̲e̲,̲ ̲d̲i̲f̲f̲e̲r̲e̲n̲t̲,̲ ̲N̲e̲.̲s̲y̲m̲m̲ different]

Note: This linter can be disabled with `set_option linter.unusedSimpArgs false`
warning: Sal/MRDTs/Paper1/AnchoredQueueCommutation.lean:78:44: This simp argument is unused:
  Op.time

Hint: Omit it from the simp argument list.
  simp [eInsIds_append, ̲eInsIds, ̲enq, ̲eIsIns,O̵p̵.̵t̵i̵m̵e̵,̵ ̲different, ̲Ne.symm different]

Note: This linter can be disabled with `set_option linter.unusedSimpArgs false`
warning: Sal/MRDTs/Paper1/AnchoredQueueCommutation.lean:78:52: This simp argument is unused:
  different

Hint: Omit it from the simp argument list.
  simp [̵e̵I̵n̵s̵I̵d̵s̵_̵a̵p̵p̵e̵n̵d̵,̵e̵I̵n̵s̵I̵d̵s̵,̵e̵n̵q̵,̵e̵I̵s̵I̵n̵s̵,̵O̵p̵.̵t̵i̵m̵e̵,̵d̵i̵f̵f̵e̵r̵e̵n̵t̵,̵N̵e̵.̵s̵y̵m̵m̵[̲e̲I̲n̲s̲I̲d̲s̲_̲a̲p̲p̲e̲n̲d̲,̲ ̲e̲I̲n̲s̲I̲d̲s̲,̲ ̲e̲n̲q̲,̲ ̲e̲I̲s̲I̲n̲s̲,̲ ̲O̲p̲.̲t̲i̲m̲e̲,̲ ̲N̲e̲.̲s̲y̲m̲m̲ different]

Note: This linter can be disabled with `set_option linter.unusedSimpArgs false`
warning: Sal/MRDTs/Paper1/AnchoredQueueCommutation.lean:80:10: This simp argument is unused:
  eInsIds_append

Hint: Omit it from the simp argument list.
  simp [̵e̵I̵n̵s̵I̵d̵s̵_̵a̵p̵p̵e̵n̵d̵,̵e̵I̵n̵s̵I̵d̵s̵,̵d̵e̵q̵,̵e̵I̵s̵I̵n̵s̵]̵[̲e̲I̲n̲s̲I̲d̲s̲,̲ ̲d̲e̲q̲,̲ ̲e̲I̲s̲I̲n̲s̲]̲

Note: This linter can be disabled with `set_option linter.unusedSimpArgs false`
warning: Sal/MRDTs/Paper1/AnchoredQueueCommutation.lean:88:12: This simp argument is unused:
  eInsIds_append

Hint: Omit it from the simp argument list.
  simp [̵e̵I̵n̵s̵I̵d̵s̵_̵a̵p̵p̵e̵n̵d̵,̵e̵I̵n̵s̵I̵d̵s̵,̵e̵I̵s̵I̵n̵s̵,̵e̵n̵q̵,̵d̵e̵q̵]̵[̲e̲I̲n̲s̲I̲d̲s̲,̲ ̲e̲I̲s̲I̲n̲s̲,̲ ̲e̲n̲q̲,̲ ̲d̲e̲q̲]̲

Note: This linter can be disabled with `set_option linter.unusedSimpArgs false`
warning: Sal/MRDTs/Paper1/AnchoredQueueCommutation.lean:123:28: try 'simp' instead of 'simpa'

Note: This linter can be disabled with `set_option linter.unnecessarySimpa false`
warning: Sal/MRDTs/Paper1/AnchoredQueueCommutation.lean:123:28: try 'simp' instead of 'simpa'

Note: This linter can be disabled with `set_option linter.unnecessarySimpa false`
info: Sal/MRDTs/Paper1/AnchoredQueueCommutation.lean:192:0: 'Sal.MRDTs.Paper1.AnchoredQueue.History.unrelated_language' depends on axioms: [propext, Classical.choice, Quot.sound]
info: Sal/MRDTs/Paper1/AnchoredQueueCommutation.lean:193:0: 'Sal.MRDTs.Paper1.AnchoredQueue.History.unrelated_public_language' depends on axioms: [propext,
 Classical.choice,
 Quot.sound]
info: Sal/MRDTs/Paper1/AnchoredQueueCommutation.lean:194:0: 'Sal.MRDTs.Paper1.AnchoredQueue.History.unrelated_steps' depends on axioms: [propext, Quot.sound]
ℹ [3459/3588] Replayed Sal.MRDTs.Paper1.AnchoredQueueSchedule
info: Sal/MRDTs/Paper1/AnchoredQueueSchedule.lean:379:0: 'Sal.MRDTs.Paper1.AnchoredQueue.History.deadWord_legal' depends on axioms: [propext, Quot.sound]
ℹ [3460/3588] Replayed Sal.MRDTs.Paper1.AnchoredQueueSupport
info: Sal/MRDTs/Paper1/AnchoredQueueSupport.lean:226:0: 'Sal.MRDTs.Paper1.AnchoredQueue.History.schedule_listPermOf' depends on axioms: [propext, Quot.sound]
ℹ [3461/3588] Replayed Sal.MRDTs.Paper1.AnchoredQueueCoordinates
info: Sal/MRDTs/Paper1/AnchoredQueueCoordinates.lean:120:0: 'Sal.MRDTs.Paper1.AnchoredQueue.issued_enqueue_after_live' depends on axioms: [propext, Classical.choice, Quot.sound]
ℹ [3462/3588] Replayed Sal.MRDTs.Paper1.AnchoredQueueCausality
info: Sal/MRDTs/Paper1/AnchoredQueueCausality.lean:45:0: 'Sal.MRDTs.Paper1.AnchoredQueue.mint_record_mem' depends on axioms: [propext, Classical.choice, Quot.sound]
info: Sal/MRDTs/Paper1/AnchoredQueueCausality.lean:119:0: 'Sal.MRDTs.Paper1.AnchoredQueue.causal_birth_delete_predecessor' depends on axioms: [propext,
 Classical.choice,
 Quot.sound]
info: Sal/MRDTs/Paper1/AnchoredQueueCausality.lean:150:0: 'Sal.MRDTs.Paper1.AnchoredQueue.removed_births_causal_downset' depends on axioms: [propext,
 Classical.choice,
 Quot.sound]
info: Sal/MRDTs/Paper1/AnchoredQueueCausality.lean:151:0: 'Sal.MRDTs.Paper1.AnchoredQueue.causal_birth_before_if_surviving' depends on axioms: [propext,
 Classical.choice,
 Quot.sound]
ℹ [3463/3588] Replayed Sal.MRDTs.Paper1.AnchoredQueueRanks
info: Sal/MRDTs/Paper1/AnchoredQueueRanks.lean:67:0: 'Sal.MRDTs.Paper1.AnchoredQueue.firstDeletion_causal' depends on axioms: [propext, Classical.choice, Quot.sound]
info: Sal/MRDTs/Paper1/AnchoredQueueRanks.lean:175:0: 'Sal.MRDTs.Paper1.AnchoredQueue.deletion_birth_pair' depends on axioms: [propext, Classical.choice, Quot.sound]
info: Sal/MRDTs/Paper1/AnchoredQueueRanks.lean:227:0: 'Sal.MRDTs.Paper1.AnchoredQueue.exists_deadEndpoint' depends on axioms: [propext, Classical.choice, Quot.sound]
info: Sal/MRDTs/Paper1/AnchoredQueueRanks.lean:307:0: 'Sal.MRDTs.Paper1.AnchoredQueue.DeadEndpoint.causalRanks' depends on axioms: [propext, Classical.choice, Quot.sound]
info: Sal/MRDTs/Paper1/AnchoredQueueRanks.lean:363:0: 'Sal.MRDTs.Paper1.AnchoredQueue.DeadEndpoint.no_survivor_predecessor' depends on axioms: [propext,
 Classical.choice,
 Quot.sound]
ℹ [3464/3588] Replayed Sal.MRDTs.Paper1.AnchoredQueueSurvivors
info: Sal/MRDTs/Paper1/AnchoredQueueSurvivors.lean:128:0: 'Sal.MRDTs.Paper1.AnchoredQueue.liveEndpoint' depends on axioms: [propext, Classical.choice, Quot.sound]
ℹ [3465/3588] Replayed Sal.MRDTs.Paper1.AnchoredQueueCertificate
info: Sal/MRDTs/Paper1/AnchoredQueueCertificate.lean:304:0: 'Sal.MRDTs.Paper1.AnchoredQueue.History.certificate' depends on axioms: [propext, Classical.choice, Quot.sound]
info: Sal/MRDTs/Paper1/AnchoredQueueCertificate.lean:305:0: 'Sal.MRDTs.Paper1.AnchoredQueue.History.correct' depends on axioms: [propext, Classical.choice, Quot.sound]
info: Sal/MRDTs/Paper1/AnchoredQueueCertificate.lean:306:0: 'Sal.MRDTs.Paper1.AnchoredQueue.History.correctV' depends on axioms: [propext, Classical.choice, Quot.sound]
info: Sal/MRDTs/Paper1/AnchoredQueueCertificate.lean:307:0: 'Sal.MRDTs.Paper1.AnchoredQueue.History.executions' depends on axioms: [propext, Classical.choice, Quot.sound]
info: Sal/MRDTs/Paper1/AnchoredQueueCertificate.lean:308:0: 'Sal.MRDTs.Paper1.AnchoredQueue.History.executionsV' depends on axioms: [propext, Classical.choice, Quot.sound]
ℹ [3466/3588] Replayed Sal.MRDTs.Paper1.AnchoredQueueControls
info: Sal/MRDTs/Paper1/AnchoredQueueControls.lean:86:0: 'Sal.MRDTs.Paper1.AnchoredQueue.Controls.concurrent_same_tail' depends on axioms: [propext,
 Classical.choice,
 Quot.sound]
info: Sal/MRDTs/Paper1/AnchoredQueueControls.lean:87:0: 'Sal.MRDTs.Paper1.AnchoredQueue.Controls.postmerge_continuation' depends on axioms: [propext,
 Classical.choice,
 Quot.sound]
⚠ [3469/3588] Replayed Sal.MRDTs.Paper1.CertifiedRGARawOrderObstruction
warning: Sal/MRDTs/Paper1/CertifiedRGARawOrderObstruction.lean:235:49: This simp argument is unused:
  RGAM

Hint: Omit it from the simp argument list.
  simp [̵v̵e̵r̵,̵r̵e̵c̵o̵r̵d̵s̵,̵i̵n̵d̵i̵c̵e̵s̵,̵s̵t̵a̵t̵e̵,̵R̵G̵A̵M̵,̵E̵]̵[̲v̲e̲r̲,̲ ̲r̲e̲c̲o̲r̲d̲s̲,̲ ̲i̲n̲d̲i̲c̲e̲s̲,̲ ̲s̲t̲a̲t̲e̲,̲ ̲E̲]̲

Note: This linter can be disabled with `set_option linter.unusedSimpArgs false`
warning: Sal/MRDTs/Paper1/CertifiedRGARawOrderObstruction.lean:365:88: This simp argument is unused:
  RGAM

Hint: Omit it from the simp argument list.
  simp [̵c̵o̵n̵f̵i̵g̵,̵v̵e̵r̵,̵i̵n̵i̵t̵C̵o̵n̵f̵i̵g̵,̵r̵e̵c̵o̵r̵d̵s̵,̵i̵n̵d̵i̵c̵e̵s̵,̵s̵t̵a̵t̵e̵,̵R̵G̵A̵M̵,̵E̵,̵h̵v̵]̵[̲c̲o̲n̲f̲i̲g̲,̲ ̲v̲e̲r̲,̲ ̲i̲n̲i̲t̲C̲o̲n̲f̲i̲g̲,̲ ̲r̲e̲c̲o̲r̲d̲s̲,̲ ̲i̲n̲d̲i̲c̲e̲s̲,̲ ̲s̲t̲a̲t̲e̲,̲ ̲E̲,̲
  ̲ ̲ ̲ ̲ ̲h̲v̲]̲

Note: This linter can be disabled with `set_option linter.unusedSimpArgs false`
info: Sal/MRDTs/Paper1/CertifiedRGARawOrderObstruction.lean:687:0: 'Sal.MRDTs.Paper1.CertifiedRGARawOrderObstruction.certified_raw_criterion_failure' depends on axioms: [propext,
 Classical.choice,
 Quot.sound]
ℹ [3470/3588] Replayed Sal.MRDTs.Paper1.AnchoredQueueExecutionControls
info: Sal/MRDTs/Paper1/AnchoredQueueExecutionControls.lean:69:0: 'Sal.MRDTs.Paper1.AnchoredQueue.ExecutionControls.certified' depends on axioms: [propext, Classical.choice, Quot.sound]
info: Sal/MRDTs/Paper1/AnchoredQueueExecutionControls.lean:70:0: 'Sal.MRDTs.Paper1.AnchoredQueue.ExecutionControls.certified_representation_control' depends on axioms: [propext,
 Classical.choice,
 Quot.sound]
ℹ [3471/3588] Replayed Sal.MRDTs.Paper1.AnchoredQueuePublicControls
info: Sal/MRDTs/Paper1/AnchoredQueuePublicControls.lean:95:0: 'Sal.MRDTs.Paper1.AnchoredQueue.PublicControls.certified' depends on axioms: [propext, Classical.choice, Quot.sound]
info: Sal/MRDTs/Paper1/AnchoredQueuePublicControls.lean:96:0: 'Sal.MRDTs.Paper1.AnchoredQueue.PublicControls.public_certified_control' depends on axioms: [propext,
 Classical.choice,
 Quot.sound]
info: Sal/MRDTs/Paper1/AnchoredQueuePublicControls.lean:107:0: 'Sal.MRDTs.Paper1.AnchoredQueue.PublicControls.public_ra_control' depends on axioms: [propext,
 Classical.choice,
 Quot.sound]
ℹ [3472/3588] Replayed Sal.MRDTs.Paper1.AnchoredQueueHistoryControls
info: Sal/MRDTs/Paper1/AnchoredQueueHistoryControls.lean:42:0: 'Sal.MRDTs.Paper1.AnchoredQueue.HistoryControls.duplicate_removal' depends on axioms: [propext, Quot.sound]
info: Sal/MRDTs/Paper1/AnchoredQueueHistoryControls.lean:43:0: 'Sal.MRDTs.Paper1.AnchoredQueue.HistoryControls.fresh_births' depends on axioms: [propext, Quot.sound]
info: Sal/MRDTs/Paper1/AnchoredQueueHistoryControls.lean:44:0: 'Sal.MRDTs.Paper1.AnchoredQueue.HistoryControls.named_head' depends on axioms: [propext, Quot.sound]
info: Sal/MRDTs/Paper1/AnchoredQueueHistoryControls.lean:45:0: 'Sal.MRDTs.Paper1.AnchoredQueue.HistoryControls.removed_anchor_ignored' depends on axioms: [propext, Quot.sound]
⚠ [3473/3588] Replayed Sal.MRDTs.Paper1.CertifiedSidedInvariant
warning: Sal/MRDTs/Paper1/CertifiedSidedInvariant.lean:30:2: try 'simp' instead of 'simpa'

Note: This linter can be disabled with `set_option linter.unnecessarySimpa false`
warning: Sal/MRDTs/Paper1/CertifiedSidedInvariant.lean:42:2: try 'simp' instead of 'simpa'

Note: This linter can be disabled with `set_option linter.unnecessarySimpa false`
info: Sal/MRDTs/Paper1/CertifiedSidedInvariant.lean:194:0: 'Sal.MRDTs.Paper1.CertifiedSidedInvariant.closed' depends on axioms: [propext, Classical.choice, Quot.sound]
info: Sal/MRDTs/Paper1/CertifiedSidedInvariant.lean:195:0: 'Sal.MRDTs.Paper1.CertifiedSidedInvariant.invariant_commutes_iff' depends on axioms: [propext,
 Classical.choice,
 Quot.sound]
info: Sal/MRDTs/Paper1/CertifiedSidedInvariant.lean:196:0: 'Sal.MRDTs.Paper1.CertifiedSidedInvariant.update_valid' depends on axioms: [propext, Classical.choice, Quot.sound]
info: Sal/MRDTs/Paper1/CertifiedSidedInvariant.lean:197:0: 'Sal.MRDTs.Paper1.CertifiedSidedInvariant.merge_valid' depends on axioms: [propext, Classical.choice, Quot.sound]
info: Sal/MRDTs/Paper1/CertifiedSidedInvariant.lean:198:0: 'Sal.MRDTs.Paper1.CertifiedSidedInvariant.semantic_commutes' depends on axioms: [propext, Classical.choice, Quot.sound]
info: Sal/MRDTs/Paper1/CertifiedSidedInvariant.lean:199:0: 'Sal.MRDTs.Paper1.CertifiedSidedInvariant.birth_delete_noncommutes' depends on axioms: [propext,
 Classical.choice,
 Quot.sound]
info: Sal/MRDTs/Paper1/CertifiedSidedInvariant.lean:200:0: 'Sal.MRDTs.Paper1.CertifiedSidedInvariant.commutes_iff_semantic' depends on axioms: [propext,
 Classical.choice,
 Quot.sound]
ℹ [3475/3588] Replayed Sal.MRDTs.Paper1.CertifiedSidedInvariantReplay
info: Sal/MRDTs/Paper1/CertifiedSidedInvariantReplay.lean:118:0: 'Sal.MRDTs.Paper1.CertifiedSidedInvariantReplay.laws' depends on axioms: [propext, Classical.choice, Quot.sound]
info: Sal/MRDTs/Paper1/CertifiedSidedInvariantReplay.lean:119:0: 'Sal.MRDTs.Paper1.CertifiedSidedInvariantReplay.storedCanonical' depends on axioms: [propext,
 Classical.choice,
 Quot.sound]
info: Sal/MRDTs/Paper1/CertifiedSidedInvariantReplay.lean:120:0: 'Sal.MRDTs.Paper1.CertifiedSidedInvariantReplay.concurrent_commutes' depends on axioms: [propext,
 Classical.choice,
 Quot.sound]
ℹ [3476/3588] Replayed Sal.MRDTs.Paper1.CertifiedSidedInvariantCertificate
info: Sal/MRDTs/Paper1/CertifiedSidedInvariantCertificate.lean:108:0: 'Sal.MRDTs.Paper1.CertifiedSidedInvariantCertificate.implementation_replay_equal' depends on axioms: [propext,
 Classical.choice,
 Quot.sound]
info: Sal/MRDTs/Paper1/CertifiedSidedInvariantCertificate.lean:109:0: 'Sal.MRDTs.Paper1.CertifiedSidedInvariantCertificate.virtual_base_valid' depends on axioms: [propext,
 Classical.choice,
 Quot.sound]
info: Sal/MRDTs/Paper1/CertifiedSidedInvariantCertificate.lean:110:0: 'Sal.MRDTs.Paper1.CertifiedSidedInvariantCertificate.correct' depends on axioms: [propext, Classical.choice, Quot.sound]
info: Sal/MRDTs/Paper1/CertifiedSidedInvariantCertificate.lean:111:0: 'Sal.MRDTs.Paper1.CertifiedSidedInvariantCertificate.correctV' depends on axioms: [propext,
 Classical.choice,
 Quot.sound]
⚠ [3477/3588] Replayed Sal.MRDTs.Paper1.CertifiedSidedRawOrderObstruction
warning: Sal/MRDTs/Paper1/CertifiedSidedRawOrderObstruction.lean:235:49: This simp argument is unused:
  RGAM

Hint: Omit it from the simp argument list.
  simp [̵v̵e̵r̵,̵r̵e̵c̵o̵r̵d̵s̵,̵i̵n̵d̵i̵c̵e̵s̵,̵s̵t̵a̵t̵e̵,̵R̵G̵A̵M̵,̵S̵]̵[̲v̲e̲r̲,̲ ̲r̲e̲c̲o̲r̲d̲s̲,̲ ̲i̲n̲d̲i̲c̲e̲s̲,̲ ̲s̲t̲a̲t̲e̲,̲ ̲S̲]̲

Note: This linter can be disabled with `set_option linter.unusedSimpArgs false`
warning: Sal/MRDTs/Paper1/CertifiedSidedRawOrderObstruction.lean:365:88: This simp argument is unused:
  RGAM

Hint: Omit it from the simp argument list.
  simp [̵c̵o̵n̵f̵i̵g̵,̵v̵e̵r̵,̵i̵n̵i̵t̵C̵o̵n̵f̵i̵g̵,̵r̵e̵c̵o̵r̵d̵s̵,̵i̵n̵d̵i̵c̵e̵s̵,̵s̵t̵a̵t̵e̵,̵R̵G̵A̵M̵,̵S̵,̵h̵v̵]̵[̲c̲o̲n̲f̲i̲g̲,̲ ̲v̲e̲r̲,̲ ̲i̲n̲i̲t̲C̲o̲n̲f̲i̲g̲,̲ ̲r̲e̲c̲o̲r̲d̲s̲,̲ ̲i̲n̲d̲i̲c̲e̲s̲,̲ ̲s̲t̲a̲t̲e̲,̲ ̲S̲,̲
  ̲ ̲ ̲ ̲ ̲h̲v̲]̲

Note: This linter can be disabled with `set_option linter.unusedSimpArgs false`
info: Sal/MRDTs/Paper1/CertifiedSidedRawOrderObstruction.lean:747:0: 'Sal.MRDTs.Paper1.CertifiedSidedRawOrderObstruction.certified_raw_criterion_failure' depends on axioms: [propext,
 Classical.choice,
 Quot.sound]
ℹ [3478/3588] Replayed Sal.MRDTs.Paper1.CertifiedSidedInvariantControls
info: Sal/MRDTs/Paper1/CertifiedSidedInvariantControls.lean:48:0: 'Sal.MRDTs.Paper1.CertifiedSidedInvariantControls.certified_execution_comparison' depends on axioms: [propext,
 Classical.choice,
 Quot.sound]
info: Sal/MRDTs/Paper1/CertifiedSidedInvariantControls.lean:49:0: 'Sal.MRDTs.Paper1.CertifiedSidedInvariantControls.commutation_control' depends on axioms: [propext,
 Classical.choice,
 Quot.sound]
ℹ [3479/3588] Replayed Sal.MRDTs.Paper1.CertifiedPeritextVC
info: Sal/MRDTs/Paper1/CertifiedPeritextVC.lean:21:0: 'Sal.MRDTs.Paper1.CertifiedPeritextVC.representationJoin' depends on axioms: [propext, Classical.choice, Quot.sound]
ℹ [3480/3588] Replayed Sal.MRDTs.Paper1.CertifiedPeritextInvariantCertificate
info: Sal/MRDTs/Paper1/CertifiedPeritextInvariantCertificate.lean:118:0: 'Sal.MRDTs.Paper1.CertifiedPeritextInvariantCertificate.implementation_replay_equal' depends on axioms: [propext,
 Classical.choice,
 Quot.sound]
info: Sal/MRDTs/Paper1/CertifiedPeritextInvariantCertificate.lean:119:0: 'Sal.MRDTs.Paper1.CertifiedPeritextInvariantCertificate.virtual_base_valid' depends on axioms: [propext,
 Classical.choice,
 Quot.sound]
info: Sal/MRDTs/Paper1/CertifiedPeritextInvariantCertificate.lean:120:0: 'Sal.MRDTs.Paper1.CertifiedPeritextInvariantCertificate.correct' depends on axioms: [propext,
 Classical.choice,
 Quot.sound]
info: Sal/MRDTs/Paper1/CertifiedPeritextInvariantCertificate.lean:121:0: 'Sal.MRDTs.Paper1.CertifiedPeritextInvariantCertificate.correctV' depends on axioms: [propext,
 Classical.choice,
 Quot.sound]
⚠ [3481/3588] Replayed Sal.MRDTs.Paper1.CertifiedPeritextRawOrderObstruction
warning: Sal/MRDTs/Paper1/CertifiedPeritextRawOrderObstruction.lean:237:49: This simp argument is unused:
  RGAM

Hint: Omit it from the simp argument list.
  simp [̵v̵e̵r̵,̵r̵e̵c̵o̵r̵d̵s̵,̵i̵n̵d̵i̵c̵e̵s̵,̵s̵t̵a̵t̵e̵,̵R̵G̵A̵M̵,̵E̵]̵[̲v̲e̲r̲,̲ ̲r̲e̲c̲o̲r̲d̲s̲,̲ ̲i̲n̲d̲i̲c̲e̲s̲,̲ ̲s̲t̲a̲t̲e̲,̲ ̲E̲]̲

Note: This linter can be disabled with `set_option linter.unusedSimpArgs false`
warning: Sal/MRDTs/Paper1/CertifiedPeritextRawOrderObstruction.lean:367:88: This simp argument is unused:
  RGAM

Hint: Omit it from the simp argument list.
  simp [̵c̵o̵n̵f̵i̵g̵,̵v̵e̵r̵,̵i̵n̵i̵t̵C̵o̵n̵f̵i̵g̵,̵r̵e̵c̵o̵r̵d̵s̵,̵i̵n̵d̵i̵c̵e̵s̵,̵s̵t̵a̵t̵e̵,̵R̵G̵A̵M̵,̵E̵,̵h̵v̵]̵[̲c̲o̲n̲f̲i̲g̲,̲ ̲v̲e̲r̲,̲ ̲i̲n̲i̲t̲C̲o̲n̲f̲i̲g̲,̲ ̲r̲e̲c̲o̲r̲d̲s̲,̲ ̲i̲n̲d̲i̲c̲e̲s̲,̲ ̲s̲t̲a̲t̲e̲,̲ ̲E̲,̲
  ̲ ̲ ̲ ̲ ̲h̲v̲]̲

Note: This linter can be disabled with `set_option linter.unusedSimpArgs false`
info: Sal/MRDTs/Paper1/CertifiedPeritextRawOrderObstruction.lean:692:0: 'Sal.MRDTs.Paper1.CertifiedPeritextRawOrderObstruction.certified_raw_criterion_failure' depends on axioms: [propext,
 Classical.choice,
 Quot.sound]
⚠ [3482/3588] Replayed Sal.MRDTs.Paper1.CertifiedPeritextInvariantControls
warning: Sal/MRDTs/Paper1/CertifiedPeritextInvariantControls.lean:43:6: This simp argument is unused:
  List.mem_singleton

Hint: Omit it from the simp argument list.
  simp only [̵g̵o̵o̵d̵H̵i̵s̵t̵o̵r̵y̵,̵r̵e̵s̵p̵e̵c̵t̵s̵,̵L̵i̵s̵t̵.̵p̵a̵i̵r̵w̵i̵s̵e̵_̵c̵o̵n̵s̵,̵L̵i̵s̵t̵.̵m̵e̵m̵_̵c̵o̵n̵s̵,̵
  ̵ ̵ ̵ ̵ ̵ ̵ ̵L̵i̵s̵t̵.̵m̵e̵m̵_̵s̵i̵n̵g̵l̵e̵t̵o̵n̵,̵L̵i̵s̵t̵.̵n̵o̵t̵_̵m̵e̵m̵_̵n̵i̵l̵,̵o̵r̵_̵f̵a̵l̵s̵e̵,̵f̵o̵r̵a̵l̵l̵_̵e̵q̵_̵o̵r̵_̵i̵m̵p̵,̵f̵o̵r̵a̵l̵l̵_̵e̵q̵]̵[̲g̲o̲o̲d̲H̲i̲s̲t̲o̲r̲y̲,̲ ̲r̲e̲s̲p̲e̲c̲t̲s̲,̲ ̲L̲i̲s̲t̲.̲p̲a̲i̲r̲w̲i̲s̲e̲_̲c̲o̲n̲s̲,̲ ̲L̲i̲s̲t̲.̲m̲e̲m̲_̲c̲o̲n̲s̲,̲ ̲L̲i̲s̲t̲.̲n̲o̲t̲_̲m̲e̲m̲_̲n̲i̲l̲,̲
  ̲ ̲ ̲ ̲ ̲o̲r̲_̲f̲a̲l̲s̲e̲,̲ ̲f̲o̲r̲a̲l̲l̲_̲e̲q̲_̲o̲r̲_̲i̲m̲p̲,̲ ̲f̲o̲r̲a̲l̲l̲_̲e̲q̲]̲

Note: This linter can be disabled with `set_option linter.unusedSimpArgs false`
info: Sal/MRDTs/Paper1/CertifiedPeritextInvariantControls.lean:111:0: 'Sal.MRDTs.Paper1.CertifiedPeritextInvariantControls.certified_execution_comparison' depends on axioms: [propext,
 Classical.choice,
 Quot.sound]
info: Sal/MRDTs/Paper1/CertifiedPeritextInvariantControls.lean:113:0: 'Sal.MRDTs.Paper1.CertifiedPeritextInvariantControls.explanation_control' depends on axioms: [propext,
 Classical.choice,
 Quot.sound]
info: Sal/MRDTs/Paper1/CertifiedPeritextInvariantControls.lean:114:0: 'Sal.MRDTs.Paper1.CertifiedPeritextInvariantControls.extra_edge_control' depends on axioms: [propext,
 Classical.choice,
 Quot.sound]
info: Sal/MRDTs/Paper1/CertifiedPeritextInvariantControls.lean:115:0: 'Sal.MRDTs.Paper1.CertifiedPeritextInvariantControls.own_birth_control' depends on axioms: [propext,
 Classical.choice,
 Quot.sound]
info: Sal/MRDTs/Paper1/CertifiedPeritextInvariantControls.lean:116:0: 'Sal.MRDTs.Paper1.CertifiedPeritextInvariantControls.scratch_excluded' depends on axioms: [propext,
 Classical.choice,
 Quot.sound]
⚠ [3483/3588] Replayed Sal.MRDTs.Paper1.CertifiedFugueRawOrderObstruction
warning: Sal/MRDTs/Paper1/CertifiedFugueRawOrderObstruction.lean:224:49: This simp argument is unused:
  RGAM

Hint: Omit it from the simp argument list.
  simp [ver, ̲records, ̲indices, ̲state,R̵G̵A̵M̵,̵ ̲datatype]

Note: This linter can be disabled with `set_option linter.unusedSimpArgs false`
warning: Sal/MRDTs/Paper1/CertifiedFugueRawOrderObstruction.lean:307:5: unused variable `h`

Note: This linter can be disabled with `set_option linter.unusedVariables false`
warning: Sal/MRDTs/Paper1/CertifiedFugueRawOrderObstruction.lean:311:45: This simp argument is unused:
  zero

Hint: Omit it from the simp argument list.
  simp [head, ̲heads,z̵e̵r̵o̵,̵ ̲Nat.lt_one_iff, ̲hzero]

Note: This linter can be disabled with `set_option linter.unusedSimpArgs false`
warning: Sal/MRDTs/Paper1/CertifiedFugueRawOrderObstruction.lean:347:88: This simp argument is unused:
  RGAM

Hint: Omit it from the simp argument list.
  simp [̵c̵o̵n̵f̵i̵g̵,̵v̵e̵r̵,̵i̵n̵i̵t̵C̵o̵n̵f̵i̵g̵,̵r̵e̵c̵o̵r̵d̵s̵,̵i̵n̵d̵i̵c̵e̵s̵,̵s̵t̵a̵t̵e̵,̵R̵G̵A̵M̵,̵d̵a̵t̵a̵t̵y̵p̵e̵,̵h̵v̵]̵[̲c̲o̲n̲f̲i̲g̲,̲ ̲v̲e̲r̲,̲ ̲i̲n̲i̲t̲C̲o̲n̲f̲i̲g̲,̲ ̲r̲e̲c̲o̲r̲d̲s̲,̲ ̲i̲n̲d̲i̲c̲e̲s̲,̲ ̲s̲t̲a̲t̲e̲,̲
  ̲ ̲ ̲ ̲ ̲d̲a̲t̲a̲t̲y̲p̲e̲,̲ ̲h̲v̲]̲

Note: This linter can be disabled with `set_option linter.unusedSimpArgs false`
warning: Sal/MRDTs/Paper1/CertifiedFugueRawOrderObstruction.lean:350:23: Used `tac1 <;> tac2` where `(tac1; tac2)` would suffice

Note: This linter can be disabled with `set_option linter.unnecessarySeqFocus false`
warning: Sal/MRDTs/Paper1/CertifiedFugueRawOrderObstruction.lean:384:24: This simp argument is unused:
  RGAM

Hint: Omit it from the simp argument list.
  simp [R̵G̵A̵M̵,̵datatype, ̲rawUpdate, ̲records, ̲issuer, ̲before, ̲newVersion, ̲state, ̲event,
  ̲ ̲ ̲ ̲ ̲eventOf, ̲recordOf, ̲seed, ̲deletion, ̲replacement, ̲mStep, ̲mIsIns, ̲sIds, ̲sInsert,
  ̲ ̲ ̲ ̲ ̲Finset.insert_comm]

Note: This linter can be disabled with `set_option linter.unusedSimpArgs false`
warning: Sal/MRDTs/Paper1/CertifiedFugueRawOrderObstruction.lean:384:162: This simp argument is unused:
  Finset.insert_comm

Hint: Omit it from the simp argument list.
  simp [̵R̵G̵A̵M̵,̵d̵a̵t̵a̵t̵y̵p̵e̵,̵r̵a̵w̵U̵p̵d̵a̵t̵e̵,̵r̵e̵c̵o̵r̵d̵s̵,̵i̵s̵s̵u̵e̵r̵,̵b̵e̵f̵o̵r̵e̵,̵n̵e̵w̵V̵e̵r̵s̵i̵o̵n̵,̵s̵t̵a̵t̵e̵,̵e̵v̵e̵n̵t̵,̵e̵v̵e̵n̵t̵O̵f̵,̵r̵e̵c̵o̵r̵d̵O̵f̵,̵s̵e̵e̵d̵,̵d̵e̵l̵e̵t̵i̵o̵n̵,̵r̵e̵p̵l̵a̵c̵e̵m̵e̵n̵t̵,̵m̵S̵t̵e̵p̵,̵m̵I̵s̵I̵n̵s̵,̵s̵I̵d̵s̵,̵s̵I̵n̵s̵e̵r̵t̵,̵F̵i̵n̵s̵e̵t̵.̵i̵n̵s̵e̵r̵t̵_̵c̵o̵m̵m̵]̵[̲R̲G̲A̲M̲,̲ ̲d̲a̲t̲a̲t̲y̲p̲e̲,̲ ̲r̲a̲w̲U̲p̲d̲a̲t̲e̲,̲ ̲r̲e̲c̲o̲r̲d̲s̲,̲ ̲i̲s̲s̲u̲e̲r̲,̲ ̲b̲e̲f̲o̲r̲e̲,̲ ̲n̲e̲w̲V̲e̲r̲s̲i̲o̲n̲,̲ ̲s̲t̲a̲t̲e̲,̲
  ̲ ̲ ̲ ̲ ̲e̲v̲e̲n̲t̲,̲ ̲e̲v̲e̲n̲t̲O̲f̲,̲ ̲r̲e̲c̲o̲r̲d̲O̲f̲,̲ ̲s̲e̲e̲d̲,̲ ̲d̲e̲l̲e̲t̲i̲o̲n̲,̲ ̲r̲e̲p̲l̲a̲c̲e̲m̲e̲n̲t̲,̲ ̲m̲S̲t̲e̲p̲,̲ ̲m̲I̲s̲I̲n̲s̲,̲ ̲s̲I̲d̲s̲,̲ ̲s̲I̲n̲s̲e̲r̲t̲]̲

Note: This linter can be disabled with `set_option linter.unusedSimpArgs false`
warning: Sal/MRDTs/Paper1/CertifiedFugueRawOrderObstruction.lean:384:182: Used `tac1 <;> tac2` where `(tac1; tac2)` would suffice

Note: This linter can be disabled with `set_option linter.unnecessarySeqFocus false`
warning: Sal/MRDTs/Paper1/CertifiedFugueRawOrderObstruction.lean:384:192: Used `tac1 <;> tac2` where `(tac1; tac2)` would suffice

Note: This linter can be disabled with `set_option linter.unnecessarySeqFocus false`
info: Sal/MRDTs/Paper1/CertifiedFugueRawOrderObstruction.lean:661:0: 'Sal.MRDTs.Paper1.CertifiedFugueRawOrderObstruction.certified_raw_criterion_failure' depends on axioms: [propext,
 Classical.choice,
 Quot.sound]
info: Sal/MRDTs/Paper1/CertifiedFugueRawOrderObstruction.lean:662:0: 'Sal.MRDTs.Paper1.CertifiedFugueRawOrderObstruction.admitted_history_control' depends on axioms: [propext,
 Classical.choice,
 Quot.sound]
info: Sal/MRDTs/Paper1/CertifiedFugueRawOrderObstruction.lean:663:0: 'Sal.MRDTs.Paper1.CertifiedFugueRawOrderObstruction.mint_certified' depends on axioms: [propext,
 Classical.choice,
 Quot.sound]
info: Sal/MRDTs/Paper1/CertifiedFugueRawOrderObstruction.lean:664:0: 'Sal.MRDTs.Paper1.CertifiedFugueRawOrderObstruction.original_guards' depends on axioms: [propext,
 Classical.choice,
 Quot.sound]
⚠ [3486/3588] Replayed Sal.MRDTs.Paper1.Automation.AutomatedFugue
warning: Sal/MRDTs/Paper1/Automation/AutomatedFugue.lean:190:58: This simp argument is unused:
  eq_comm

Hint: Omit it from the simp argument list.
  simp [̵h̵i̵,̵i̵n̵s̵e̵r̵t̵i̵o̵n̵,̵e̵q̵_̵c̵o̵m̵m̵]̵[̲h̲i̲,̲ ̲i̲n̲s̲e̲r̲t̲i̲o̲n̲]̲

Note: This linter can be disabled with `set_option linter.unusedSimpArgs false`
info: Sal/MRDTs/Paper1/Automation/AutomatedFugue.lean:276:0: 'Sal.MRDTs.Paper1.Automation.AutomatedFugue.automated_vcs' depends on axioms: [propext, Classical.choice, Quot.sound]
⚠ [3487/3588] Replayed Sal.MRDTs.Paper1.CertifiedFugueVCAlgebra
warning: Sal/MRDTs/Paper1/CertifiedFugueVCAlgebra.lean:41:2: try 'simp' instead of 'simpa'

Note: This linter can be disabled with `set_option linter.unnecessarySimpa false`
warning: Sal/MRDTs/Paper1/CertifiedFugueVCAlgebra.lean:79:2: try 'simp' instead of 'simpa'

Note: This linter can be disabled with `set_option linter.unnecessarySimpa false`
warning: Sal/MRDTs/Paper1/CertifiedFugueVCAlgebra.lean:140:6: try 'simp' instead of 'simpa'

Note: This linter can be disabled with `set_option linter.unnecessarySimpa false`
ℹ [3488/3588] Replayed Sal.MRDTs.Paper1.CertifiedFugueVC
info: Sal/MRDTs/Paper1/CertifiedFugueVC.lean:26:0: 'Sal.MRDTs.Paper1.CertifiedFugueVC.representationJoin' depends on axioms: [propext, Classical.choice, Quot.sound]
info: Sal/MRDTs/Paper1/CertifiedFugueVC.lean:27:0: 'Sal.MRDTs.Paper1.CertifiedFugueVC.mergeVCs' depends on axioms: [propext, Classical.choice, Quot.sound]
ℹ [3489/3588] Replayed Sal.MRDTs.Paper1.CertifiedFugueVCExecution
info: Sal/MRDTs/Paper1/CertifiedFugueVCExecution.lean:90:0: 'Sal.MRDTs.Paper1.CertifiedFugueVCExecution.closedJoinAt' depends on axioms: [propext, Classical.choice, Quot.sound]
info: Sal/MRDTs/Paper1/CertifiedFugueVCExecution.lean:91:0: 'Sal.MRDTs.Paper1.CertifiedFugueVCExecution.representedVersions' depends on axioms: [propext,
 Classical.choice,
 Quot.sound]
⚠ [3490/3588] Replayed Sal.MRDTs.Paper1.CertifiedFugueInvariant
warning: Sal/MRDTs/Paper1/CertifiedFugueInvariant.lean:39:2: try 'simp' instead of 'simpa'

Note: This linter can be disabled with `set_option linter.unnecessarySimpa false`
info: Sal/MRDTs/Paper1/CertifiedFugueInvariant.lean:239:0: 'Sal.MRDTs.Paper1.CertifiedFugueInvariant.closed' depends on axioms: [propext, Classical.choice, Quot.sound]
info: Sal/MRDTs/Paper1/CertifiedFugueInvariant.lean:240:0: 'Sal.MRDTs.Paper1.CertifiedFugueInvariant.invariant_commutes_iff' depends on axioms: [propext,
 Classical.choice,
 Quot.sound]
info: Sal/MRDTs/Paper1/CertifiedFugueInvariant.lean:241:0: 'Sal.MRDTs.Paper1.CertifiedFugueInvariant.stored_valid' depends on axioms: [propext, Classical.choice, Quot.sound]
⚠ [3491/3588] Replayed Sal.MRDTs.Paper1.CertifiedFugueInvariantReplay
warning: Sal/MRDTs/Paper1/CertifiedFugueInvariantReplay.lean:26:71: try 'simp' instead of 'simpa'

Note: This linter can be disabled with `set_option linter.unnecessarySimpa false`
warning: Sal/MRDTs/Paper1/CertifiedFugueInvariantReplay.lean:29:71: try 'simp' instead of 'simpa'

Note: This linter can be disabled with `set_option linter.unnecessarySimpa false`
info: Sal/MRDTs/Paper1/CertifiedFugueInvariantReplay.lean:83:0: 'Sal.MRDTs.Paper1.CertifiedFugueInvariantReplay.laws' depends on axioms: [propext, Classical.choice, Quot.sound]
info: Sal/MRDTs/Paper1/CertifiedFugueInvariantReplay.lean:84:0: 'Sal.MRDTs.Paper1.CertifiedFugueInvariantReplay.storedCanonical' depends on axioms: [propext,
 Classical.choice,
 Quot.sound]
ℹ [3492/3588] Replayed Sal.MRDTs.Paper1.CertifiedFugueInvariantObstruction
info: Sal/MRDTs/Paper1/CertifiedFugueInvariantObstruction.lean:148:0: 'Sal.MRDTs.Paper1.CertifiedFugueInvariantObstruction.domain_closed' depends on axioms: [propext,
 Classical.choice,
 Quot.sound]
info: Sal/MRDTs/Paper1/CertifiedFugueInvariantObstruction.lean:149:0: 'Sal.MRDTs.Paper1.CertifiedFugueInvariantObstruction.trace_states_valid' depends on axioms: [propext,
 Classical.choice,
 Quot.sound]
info: Sal/MRDTs/Paper1/CertifiedFugueInvariantObstruction.lean:150:0: 'Sal.MRDTs.Paper1.CertifiedFugueInvariantObstruction.implementation_spec_separation' depends on axioms: [propext,
 Classical.choice,
 Quot.sound]
info: Sal/MRDTs/Paper1/CertifiedFugueInvariantObstruction.lean:151:0: 'Sal.MRDTs.Paper1.CertifiedFugueInvariantObstruction.valid_execution_counterexample' depends on axioms: [propext,
 Classical.choice,
 Quot.sound]
info: Sal/MRDTs/Paper1/CertifiedFugueInvariantObstruction.lean:152:0: 'Sal.MRDTs.Paper1.CertifiedFugueInvariantObstruction.deletion_replacement_spec_conflict' depends on axioms: [propext,
 Classical.choice,
 Quot.sound]
info: Sal/MRDTs/Paper1/CertifiedFugueInvariantObstruction.lean:153:0: 'Sal.MRDTs.Paper1.CertifiedFugueInvariantObstruction.no_spec_visible_history' depends on axioms: [propext,
 Classical.choice,
 Quot.sound]
info: Sal/MRDTs/Paper1/CertifiedFugueInvariantObstruction.lean:154:0: 'Sal.MRDTs.Paper1.CertifiedFugueInvariantObstruction.certified_failure' depends on axioms: [propext,
 Classical.choice,
 Quot.sound]
ℹ [3493/3588] Replayed Sal.MRDTs.Paper1.CertifiedRGAOrderComparison
info: Sal/MRDTs/Paper1/CertifiedRGAOrderComparison.lean:105:0: 'Sal.MRDTs.Paper1.CertifiedRGAOrderComparison.contracts_differ' depends on axioms: [propext,
 Classical.choice,
 Quot.sound]
⚠ [3494/3588] Replayed Sal.MRDTs.Paper1.CertifiedRGAInvariantControls
warning: Sal/MRDTs/Paper1/CertifiedRGAInvariantControls.lean:43:6: This simp argument is unused:
  List.mem_singleton

Hint: Omit it from the simp argument list.
  simp only [̵g̵o̵o̵d̵H̵i̵s̵t̵o̵r̵y̵,̵r̵e̵s̵p̵e̵c̵t̵s̵,̵L̵i̵s̵t̵.̵p̵a̵i̵r̵w̵i̵s̵e̵_̵c̵o̵n̵s̵,̵L̵i̵s̵t̵.̵m̵e̵m̵_̵c̵o̵n̵s̵,̵
  ̵ ̵ ̵ ̵ ̵ ̵ ̵L̵i̵s̵t̵.̵m̵e̵m̵_̵s̵i̵n̵g̵l̵e̵t̵o̵n̵,̵L̵i̵s̵t̵.̵n̵o̵t̵_̵m̵e̵m̵_̵n̵i̵l̵,̵o̵r̵_̵f̵a̵l̵s̵e̵,̵f̵o̵r̵a̵l̵l̵_̵e̵q̵_̵o̵r̵_̵i̵m̵p̵,̵f̵o̵r̵a̵l̵l̵_̵e̵q̵]̵[̲g̲o̲o̲d̲H̲i̲s̲t̲o̲r̲y̲,̲ ̲r̲e̲s̲p̲e̲c̲t̲s̲,̲ ̲L̲i̲s̲t̲.̲p̲a̲i̲r̲w̲i̲s̲e̲_̲c̲o̲n̲s̲,̲ ̲L̲i̲s̲t̲.̲m̲e̲m̲_̲c̲o̲n̲s̲,̲ ̲L̲i̲s̲t̲.̲n̲o̲t̲_̲m̲e̲m̲_̲n̲i̲l̲,̲
  ̲ ̲ ̲ ̲ ̲o̲r̲_̲f̲a̲l̲s̲e̲,̲ ̲f̲o̲r̲a̲l̲l̲_̲e̲q̲_̲o̲r̲_̲i̲m̲p̲,̲ ̲f̲o̲r̲a̲l̲l̲_̲e̲q̲]̲

Note: This linter can be disabled with `set_option linter.unusedSimpArgs false`
info: Sal/MRDTs/Paper1/CertifiedRGAInvariantControls.lean:97:0: 'Sal.MRDTs.Paper1.CertifiedRGAInvariantControls.certified_execution_comparison' depends on axioms: [propext,
 Classical.choice,
 Quot.sound]
info: Sal/MRDTs/Paper1/CertifiedRGAInvariantControls.lean:99:0: 'Sal.MRDTs.Paper1.CertifiedRGAInvariantControls.explanation_control' depends on axioms: [propext,
 Classical.choice,
 Quot.sound]
info: Sal/MRDTs/Paper1/CertifiedRGAInvariantControls.lean:100:0: 'Sal.MRDTs.Paper1.CertifiedRGAInvariantControls.extra_edge_control' depends on axioms: [propext,
 Classical.choice,
 Quot.sound]
info: Sal/MRDTs/Paper1/CertifiedRGAInvariantControls.lean:101:0: 'Sal.MRDTs.Paper1.CertifiedRGAInvariantControls.own_birth_control' depends on axioms: [propext,
 Classical.choice,
 Quot.sound]
info: Sal/MRDTs/Paper1/CertifiedRGAInvariantControls.lean:102:0: 'Sal.MRDTs.Paper1.CertifiedRGAInvariantControls.scratch_excluded' depends on axioms: [propext,
 Classical.choice,
 Quot.sound]
⚠ [3495/3588] Replayed Sal.MRDTs.Paper1.CertifiedRGACoreVC
warning: Sal/MRDTs/Paper1/CertifiedRGACoreVC.lean:21:2: Try `simp at guard` instead of `simpa using guard`

Note: This linter can be disabled with `set_option linter.unnecessarySimpa false`
warning: Sal/MRDTs/Paper1/CertifiedRGACoreVC.lean:113:13: This simp argument is unused:
  Core

Hint: Omit it from the simp argument list.
  simp only [C̵o̵r̵e̵,̵Stores, ̲DeleteStore, ̲MarkStore, ̲prodSig, ̲Instances.FinsetStore.D, ̲Finset.notMem_empty,
  ̲ ̲ ̲ ̲ ̲false_or]

Note: This linter can be disabled with `set_option linter.unusedSimpArgs false`
warning: Sal/MRDTs/Paper1/CertifiedRGACoreVC.lean:113:18: This simp argument is unused:
  Stores

Hint: Omit it from the simp argument list.
  simp only [Core,S̵t̵o̵r̵e̵s̵,̵ ̲DeleteStore, ̲MarkStore, ̲prodSig, ̲Instances.FinsetStore.D, ̲Finset.notMem_empty,
  ̲ ̲ ̲ ̲ ̲false_or]

Note: This linter can be disabled with `set_option linter.unusedSimpArgs false`
warning: Sal/MRDTs/Paper1/CertifiedRGACoreVC.lean:113:25: This simp argument is unused:
  DeleteStore

Hint: Omit it from the simp argument list.
  simp only [̵C̵o̵r̵e̵,̵S̵t̵o̵r̵e̵s̵,̵D̵e̵l̵e̵t̵e̵S̵t̵o̵r̵e̵,̵M̵a̵r̵k̵S̵t̵o̵r̵e̵,̵p̵r̵o̵d̵S̵i̵g̵,̵I̵n̵s̵t̵a̵n̵c̵e̵s̵.̵F̵i̵n̵s̵e̵t̵S̵t̵o̵r̵e̵.̵D̵,̵F̵i̵n̵s̵e̵t̵.̵n̵o̵t̵M̵e̵m̵_̵e̵m̵p̵t̵y̵,̵f̵a̵l̵s̵e̵_̵o̵r̵]̵[̲C̲o̲r̲e̲,̲ ̲S̲t̲o̲r̲e̲s̲,̲ ̲M̲a̲r̲k̲S̲t̲o̲r̲e̲,̲ ̲p̲r̲o̲d̲S̲i̲g̲,̲ ̲I̲n̲s̲t̲a̲n̲c̲e̲s̲.̲F̲i̲n̲s̲e̲t̲S̲t̲o̲r̲e̲.̲D̲,̲ ̲F̲i̲n̲s̲e̲t̲.̲n̲o̲t̲M̲e̲m̲_̲e̲m̲p̲t̲y̲,̲
  ̲ ̲ ̲ ̲ ̲f̲a̲l̲s̲e̲_̲o̲r̲]̲

Note: This linter can be disabled with `set_option linter.unusedSimpArgs false`
warning: Sal/MRDTs/Paper1/CertifiedRGACoreVC.lean:113:37: This simp argument is unused:
  MarkStore

Hint: Omit it from the simp argument list.
  simp only [Core, ̲Stores, ̲DeleteStore,M̵a̵r̵k̵S̵t̵o̵r̵e̵,̵ ̲prodSig, ̲Instances.FinsetStore.D, ̲Finset.notMem_empty,
  ̲ ̲ ̲ ̲ ̲false_or]

Note: This linter can be disabled with `set_option linter.unusedSimpArgs false`
warning: Sal/MRDTs/Paper1/CertifiedRGACoreVC.lean:125:13: This simp argument is unused:
  Core

Hint: Omit it from the simp argument list.
  simp only [C̵o̵r̵e̵,̵Stores, ̲DeleteStore, ̲MarkStore, ̲prodSig, ̲Instances.FinsetStore.D, ̲Finset.notMem_empty,
  ̲ ̲ ̲ ̲ ̲false_or]

Note: This linter can be disabled with `set_option linter.unusedSimpArgs false`
warning: Sal/MRDTs/Paper1/CertifiedRGACoreVC.lean:125:18: This simp argument is unused:
  Stores

Hint: Omit it from the simp argument list.
  simp only [Core,S̵t̵o̵r̵e̵s̵,̵ ̲DeleteStore, ̲MarkStore, ̲prodSig, ̲Instances.FinsetStore.D, ̲Finset.notMem_empty,
  ̲ ̲ ̲ ̲ ̲false_or]

Note: This linter can be disabled with `set_option linter.unusedSimpArgs false`
warning: Sal/MRDTs/Paper1/CertifiedRGACoreVC.lean:125:25: This simp argument is unused:
  DeleteStore

Hint: Omit it from the simp argument list.
  simp only [̵C̵o̵r̵e̵,̵S̵t̵o̵r̵e̵s̵,̵D̵e̵l̵e̵t̵e̵S̵t̵o̵r̵e̵,̵M̵a̵r̵k̵S̵t̵o̵r̵e̵,̵p̵r̵o̵d̵S̵i̵g̵,̵I̵n̵s̵t̵a̵n̵c̵e̵s̵.̵F̵i̵n̵s̵e̵t̵S̵t̵o̵r̵e̵.̵D̵,̵F̵i̵n̵s̵e̵t̵.̵n̵o̵t̵M̵e̵m̵_̵e̵m̵p̵t̵y̵,̵f̵a̵l̵s̵e̵_̵o̵r̵]̵[̲C̲o̲r̲e̲,̲ ̲S̲t̲o̲r̲e̲s̲,̲ ̲M̲a̲r̲k̲S̲t̲o̲r̲e̲,̲ ̲p̲r̲o̲d̲S̲i̲g̲,̲ ̲I̲n̲s̲t̲a̲n̲c̲e̲s̲.̲F̲i̲n̲s̲e̲t̲S̲t̲o̲r̲e̲.̲D̲,̲ ̲F̲i̲n̲s̲e̲t̲.̲n̲o̲t̲M̲e̲m̲_̲e̲m̲p̲t̲y̲,̲
  ̲ ̲ ̲ ̲ ̲f̲a̲l̲s̲e̲_̲o̲r̲]̲

Note: This linter can be disabled with `set_option linter.unusedSimpArgs false`
warning: Sal/MRDTs/Paper1/CertifiedRGACoreVC.lean:125:37: This simp argument is unused:
  MarkStore

Hint: Omit it from the simp argument list.
  simp only [Core, ̲Stores, ̲DeleteStore,M̵a̵r̵k̵S̵t̵o̵r̵e̵,̵ ̲prodSig, ̲Instances.FinsetStore.D, ̲Finset.notMem_empty,
  ̲ ̲ ̲ ̲ ̲false_or]

Note: This linter can be disabled with `set_option linter.unusedSimpArgs false`
info: Sal/MRDTs/Paper1/CertifiedRGACoreVC.lean:249:0: 'Sal.MRDTs.Paper1.CertifiedRGACoreVC.nativeInsertOnly_of_mint' depends on axioms: [propext,
 Classical.choice,
 Quot.sound]
info: Sal/MRDTs/Paper1/CertifiedRGACoreVC.lean:250:0: 'Sal.MRDTs.Paper1.CertifiedRGACoreVC.text_mono' depends on axioms: [propext, Classical.choice, Quot.sound]
ℹ [3496/3588] Replayed Sal.MRDTs.Paper1.Automation.AutomatedCore
info: Sal/MRDTs/Paper1/Automation/AutomatedCore.lean:37:0: 'Sal.MRDTs.Paper1.Automation.AutomatedCore.automated_vcs' depends on axioms: [propext, Classical.choice, Quot.sound]
ℹ [3499/3588] Replayed Sal.MRDTs.Paper1.CertifiedRGACoreAlgebra
info: Sal/MRDTs/Paper1/CertifiedRGACoreAlgebra.lean:94:0: 'Sal.MRDTs.Paper1.CertifiedRGACoreAlgebra.normalize_merge' depends on axioms: [propext, Classical.choice, Quot.sound]
info: Sal/MRDTs/Paper1/CertifiedRGACoreAlgebra.lean:95:0: 'Sal.MRDTs.Paper1.CertifiedRGACoreAlgebra.normalize_update' depends on axioms: [propext, Classical.choice, Quot.sound]
ℹ [3500/3588] Replayed Sal.MRDTs.Paper1.CertifiedRGACoreMergeVC
info: Sal/MRDTs/Paper1/CertifiedRGACoreMergeVC.lean:28:0: 'Sal.MRDTs.Paper1.CertifiedRGACoreMergeVC.mergeVCs' depends on axioms: [propext, Classical.choice, Quot.sound]
info: Sal/MRDTs/Paper1/CertifiedRGACoreMergeVC.lean:29:0: 'Sal.MRDTs.Paper1.CertifiedRGACoreMergeVC.representationJoin' depends on axioms: [propext, Classical.choice, Quot.sound]
ℹ [3501/3588] Replayed Sal.MRDTs.Paper1.CertifiedRGARichVC
info: Sal/MRDTs/Paper1/CertifiedRGARichVC.lean:32:0: 'Sal.MRDTs.Paper1.CertifiedRGARichVC.mergeVCs' depends on axioms: [propext, Classical.choice, Quot.sound]
info: Sal/MRDTs/Paper1/CertifiedRGARichVC.lean:33:0: 'Sal.MRDTs.Paper1.CertifiedRGARichVC.representationJoin' depends on axioms: [propext, Classical.choice, Quot.sound]
ℹ [3502/3588] Replayed Sal.MRDTs.Paper1.CertifiedRGACoreExecution
info: Sal/MRDTs/Paper1/CertifiedRGACoreExecution.lean:113:0: 'Sal.MRDTs.Paper1.CertifiedRGACoreExecution.Rich.canonicalConfig' depends on axioms: [propext,
 Classical.choice,
 Quot.sound]
info: Sal/MRDTs/Paper1/CertifiedRGACoreExecution.lean:114:0: 'Sal.MRDTs.Paper1.CertifiedRGACoreExecution.Rich.representedVersions' depends on axioms: [propext,
 Classical.choice,
 Quot.sound]
info: Sal/MRDTs/Paper1/CertifiedRGACoreExecution.lean:117:0: 'Sal.MRDTs.Paper1.CertifiedRGACoreExecution.canonicalConfig' depends on axioms: [propext, Classical.choice, Quot.sound]
ℹ [3506/3588] Replayed Sal.MRDTs.Paper1.CertifiedRGACoreCertificate
info: Sal/MRDTs/Paper1/CertifiedRGACoreCertificate.lean:197:0: 'Sal.MRDTs.Paper1.CertifiedRGACoreCertificate.correct' depends on axioms: [propext, Classical.choice, Quot.sound]
info: Sal/MRDTs/Paper1/CertifiedRGACoreCertificate.lean:198:0: 'Sal.MRDTs.Paper1.CertifiedRGACoreCertificate.correctV' depends on axioms: [propext, Classical.choice, Quot.sound]
info: Sal/MRDTs/Paper1/CertifiedRGACoreCertificate.lean:199:0: 'Sal.MRDTs.Paper1.CertifiedRGACoreCertificate.history' depends on axioms: [propext, Classical.choice, Quot.sound]
info: Sal/MRDTs/Paper1/CertifiedRGACoreCertificate.lean:200:0: 'Sal.MRDTs.Paper1.CertifiedRGACoreCertificate.text_canonical' depends on axioms: [propext, Classical.choice, Quot.sound]
ℹ [3507/3588] Replayed Sal.MRDTs.Paper1.CertifiedRGARichCertificate
info: Sal/MRDTs/Paper1/CertifiedRGARichCertificate.lean:124:0: 'Sal.MRDTs.Paper1.CertifiedRGARichCertificate.correct' depends on axioms: [propext, Classical.choice, Quot.sound]
info: Sal/MRDTs/Paper1/CertifiedRGARichCertificate.lean:125:0: 'Sal.MRDTs.Paper1.CertifiedRGARichCertificate.correctV' depends on axioms: [propext, Classical.choice, Quot.sound]
info: Sal/MRDTs/Paper1/CertifiedRGARichCertificate.lean:126:0: 'Sal.MRDTs.Paper1.CertifiedRGARichCertificate.history' depends on axioms: [propext, Classical.choice, Quot.sound]
ℹ [3508/3588] Replayed Sal.MRDTs.Instances.GSet
info: Sal/MRDTs/Instances/GSet.lean:32:0: 'Sal.MRDTs.Instances.GSet.sequential' depends on axioms: [propext, Classical.choice, Quot.sound]
info: Sal/MRDTs/Instances/GSet.lean:33:0: 'Sal.MRDTs.Instances.GSet.verified' depends on axioms: [propext, Classical.choice, Quot.sound]
⚠ [3509/3588] Replayed Sal.MRDTs.Instances.BoundedCounter
warning: Sal/MRDTs/Instances/BoundedCounter.lean:200:8: 'push_cast' tactic does nothing

Note: This linter can be disabled with `set_option linter.unusedTactic false`
warning: Sal/MRDTs/Instances/BoundedCounter.lean:221:8: 'push_cast' tactic does nothing

Note: This linter can be disabled with `set_option linter.unusedTactic false`
info: Sal/MRDTs/Instances/BoundedCounter.lean:445:0: 'Sal.MRDTs.Instances.BoundedCounter.versions_safe' depends on axioms: [propext, Classical.choice, Quot.sound]
info: Sal/MRDTs/Instances/BoundedCounter.lean:446:0: 'Sal.MRDTs.Instances.BoundedCounter.versions_safeV' depends on axioms: [propext, Classical.choice, Quot.sound]
info: Sal/MRDTs/Instances/BoundedCounter.lean:447:0: 'Sal.MRDTs.Instances.BoundedCounter.verified' depends on axioms: [propext, Classical.choice, Quot.sound]
ℹ [3510/3588] Replayed Sal.MRDTs.Instances.LWWRegister
info: Sal/MRDTs/Instances/LWWRegister.lean:315:0: 'Sal.MRDTs.Instances.LWWRegister.join' depends on axioms: [propext, Classical.choice, Quot.sound]
info: Sal/MRDTs/Instances/LWWRegister.lean:316:0: 'Sal.MRDTs.Instances.LWWRegister.verified' depends on axioms: [propext, Classical.choice, Quot.sound]
info: Sal/MRDTs/Instances/LWWRegister.lean:317:0: 'Sal.MRDTs.Instances.LWWRegister.rc_order_acyclic' depends on axioms: [propext, Classical.choice, Quot.sound]
info: Sal/MRDTs/Instances/LWWRegister.lean:318:0: 'Sal.MRDTs.Instances.LWWRegister.timestamp_chain' depends on axioms: [propext, Classical.choice, Quot.sound]
info: Sal/MRDTs/Instances/LWWRegister.lean:319:0: 'Sal.MRDTs.Instances.LWWRegister.chronological_winner' depends on axioms: [propext, Classical.choice, Quot.sound]
info: Sal/MRDTs/Instances/LWWRegister.lean:320:0: 'Sal.MRDTs.Instances.LWWRegister.lower_timestamp_does_not_win' depends on axioms: [propext,
 Classical.choice,
 Quot.sound]
info: Sal/MRDTs/Instances/LWWRegister.lean:321:0: 'Sal.MRDTs.Instances.LWWRegister.replayLaws' depends on axioms: [propext, Classical.choice, Quot.sound]
info: Sal/MRDTs/Instances/LWWRegister.lean:322:0: 'Sal.MRDTs.Instances.LWWRegister.ordered_updates_commute' depends on axioms: [propext, Classical.choice, Quot.sound]
info: Sal/MRDTs/Instances/LWWRegister.lean:323:0: 'Sal.MRDTs.Instances.LWWRegister.concrete_noncomm_iff_rc_refuted' depends on axioms: [propext,
 Classical.choice,
 Quot.sound]
info: Sal/MRDTs/Instances/LWWRegister.lean:324:0: 'Sal.MRDTs.Instances.LWWRegister.reversed_assignments_wrong_winner' depends on axioms: [propext,
 Classical.choice,
 Quot.sound]
⚠ [3511/3588] Replayed Sal.MRDTs.Instances.TreeMove
warning: Sal/MRDTs/Instances/TreeMove.lean:251:13: This simp argument is unused:
  or_assoc

Hint: Omit it from the simp argument list.
  simp [D, or_a̵s̵s̵o̵c̵,̵ ̵o̵r̵_̵left_comm, or_comm]

Note: This linter can be disabled with `set_option linter.unusedSimpArgs false`
warning: Sal/MRDTs/Instances/TreeMove.lean:251:23: This simp argument is unused:
  or_left_comm

Hint: Omit it from the simp argument list.
  simp [D, or_assoc, o̵r̵_̵l̵e̵f̵t̵_̵c̵o̵m̵m̵,̵ ̵or_comm]

Note: This linter can be disabled with `set_option linter.unusedSimpArgs false`
warning: Sal/MRDTs/Instances/TreeMove.lean:251:37: This simp argument is unused:
  or_comm

Hint: Omit it from the simp argument list.
  simp [D, or_assoc, or_left_comm,̵ ̵o̵r̵_̵c̵o̵m̵m̵]

Note: This linter can be disabled with `set_option linter.unusedSimpArgs false`
warning: Sal/MRDTs/Instances/TreeMove.lean:256:13: This simp argument is unused:
  or_assoc

Hint: Omit it from the simp argument list.
  simp [D, or_a̵s̵s̵o̵c̵,̵ ̵o̵r̵_̵left_comm, or_comm]

Note: This linter can be disabled with `set_option linter.unusedSimpArgs false`
warning: Sal/MRDTs/Instances/TreeMove.lean:256:37: This simp argument is unused:
  or_comm

Hint: Omit it from the simp argument list.
  simp [D, or_assoc, or_left_comm,̵ ̵o̵r̵_̵c̵o̵m̵m̵]

Note: This linter can be disabled with `set_option linter.unusedSimpArgs false`
warning: Sal/MRDTs/Instances/TreeMove.lean:258:13: This simp argument is unused:
  or_assoc

Hint: Omit it from the simp argument list.
  simp [D, or_a̵s̵s̵o̵c̵,̵ ̵o̵r̵_̵left_comm, or_comm]

Note: This linter can be disabled with `set_option linter.unusedSimpArgs false`
warning: Sal/MRDTs/Instances/TreeMove.lean:258:23: This simp argument is unused:
  or_left_comm

Hint: Omit it from the simp argument list.
  simp [D, or_assoc, o̵r̵_̵l̵e̵f̵t̵_̵c̵o̵m̵m̵,̵ ̵or_comm]

Note: This linter can be disabled with `set_option linter.unusedSimpArgs false`
info: Sal/MRDTs/Instances/TreeMove.lean:498:0: 'Sal.MRDTs.Instances.TreeMove.render_safe' depends on axioms: [propext, Classical.choice, Quot.sound]
info: Sal/MRDTs/Instances/TreeMove.lean:499:0: 'Sal.MRDTs.Instances.TreeMove.join' depends on axioms: [propext, Classical.choice, Quot.sound]
info: Sal/MRDTs/Instances/TreeMove.lean:500:0: 'Sal.MRDTs.Instances.TreeMove.verified' depends on axioms: [propext, Classical.choice, Quot.sound]
⚠ [3512/3588] Replayed Sal.MRDTs.Instances.AegisSheet
warning: Sal/MRDTs/Instances/AegisSheet.lean:466:13: This simp argument is unused:
  or_assoc

Hint: Omit it from the simp argument list.
  simp [D, or_a̵s̵s̵o̵c̵,̵ ̵o̵r̵_̵left_comm, or_comm]

Note: This linter can be disabled with `set_option linter.unusedSimpArgs false`
warning: Sal/MRDTs/Instances/AegisSheet.lean:466:23: This simp argument is unused:
  or_left_comm

Hint: Omit it from the simp argument list.
  simp [D, or_assoc, o̵r̵_̵l̵e̵f̵t̵_̵c̵o̵m̵m̵,̵ ̵or_comm]

Note: This linter can be disabled with `set_option linter.unusedSimpArgs false`
warning: Sal/MRDTs/Instances/AegisSheet.lean:466:37: This simp argument is unused:
  or_comm

Hint: Omit it from the simp argument list.
  simp [D, or_assoc, or_left_comm,̵ ̵o̵r̵_̵c̵o̵m̵m̵]

Note: This linter can be disabled with `set_option linter.unusedSimpArgs false`
warning: Sal/MRDTs/Instances/AegisSheet.lean:471:13: This simp argument is unused:
  or_assoc

Hint: Omit it from the simp argument list.
  simp [D, or_a̵s̵s̵o̵c̵,̵ ̵o̵r̵_̵left_comm, or_comm]

Note: This linter can be disabled with `set_option linter.unusedSimpArgs false`
warning: Sal/MRDTs/Instances/AegisSheet.lean:471:37: This simp argument is unused:
  or_comm

Hint: Omit it from the simp argument list.
  simp [D, or_assoc, or_left_comm,̵ ̵o̵r̵_̵c̵o̵m̵m̵]

Note: This linter can be disabled with `set_option linter.unusedSimpArgs false`
warning: Sal/MRDTs/Instances/AegisSheet.lean:473:13: This simp argument is unused:
  or_assoc

Hint: Omit it from the simp argument list.
  simp [D, or_a̵s̵s̵o̵c̵,̵ ̵o̵r̵_̵left_comm, or_comm]

Note: This linter can be disabled with `set_option linter.unusedSimpArgs false`
warning: Sal/MRDTs/Instances/AegisSheet.lean:473:23: This simp argument is unused:
  or_left_comm

Hint: Omit it from the simp argument list.
  simp [D, or_assoc, o̵r̵_̵l̵e̵f̵t̵_̵c̵o̵m̵m̵,̵ ̵or_comm]

Note: This linter can be disabled with `set_option linter.unusedSimpArgs false`
info: Sal/MRDTs/Instances/AegisSheet.lean:967:0: 'Sal.MRDTs.Instances.AegisSheet.join' depends on axioms: [propext, Classical.choice, Quot.sound]
ℹ [3515/3588] Replayed Sal.MRDTs.GC.Distributed
info: Sal/MRDTs/GC/Distributed.lean:307:0: 'Sal.MRDTs.GC.EvidenceSPOT.complete' depends on axioms: [propext]
info: Sal/MRDTs/GC/Distributed.lean:308:0: 'Sal.MRDTs.GC.EvidenceSPOT.missing_author' depends on axioms: [propext]
info: Sal/MRDTs/GC/Distributed.lean:309:0: 'Sal.MRDTs.GC.execution_refines_noGC' depends on axioms: [propext]
⚠ [3516/3588] Replayed Sal.MRDTs.Instances.AegisSheetGC
warning: Sal/MRDTs/Instances/AegisSheetGC.lean:531:2: try 'simp' instead of 'simpa'

Note: This linter can be disabled with `set_option linter.unnecessarySimpa false`
info: Sal/MRDTs/Instances/AegisSheetGC.lean:1055:0: 'Sal.MRDTs.Instances.AegisSheet.GC.naive_collection_changes_future_observation' depends on axioms: [propext,
 Classical.choice,
 Quot.sound]
info: Sal/MRDTs/Instances/AegisSheetGC.lean:1056:0: 'Sal.MRDTs.Instances.AegisSheet.GC.requires_semantic_marker' depends on axioms: [propext, Classical.choice, Quot.sound]
info: Sal/MRDTs/Instances/AegisSheetGC.lean:1057:0: 'Sal.MRDTs.Instances.AegisSheet.GC.eventTimes_semanticCollect' depends on axioms: [propext,
 Classical.choice,
 Quot.sound]
info: Sal/MRDTs/Instances/AegisSheetGC.lean:1058:0: 'Sal.MRDTs.Instances.AegisSheet.GC.semanticCollect_idempotent' depends on axioms: [propext,
 Classical.choice,
 Quot.sound]
info: Sal/MRDTs/Instances/AegisSheetGC.lean:1059:0: 'Sal.MRDTs.Instances.AegisSheet.GC.view_semanticCollect' depends on axioms: [propext, Classical.choice, Quot.sound]
info: Sal/MRDTs/Instances/AegisSheetGC.lean:1060:0: 'Sal.MRDTs.Instances.AegisSheet.GC.certificate' depends on axioms: [propext, Classical.choice, Quot.sound]
info: Sal/MRDTs/Instances/AegisSheetGC.lean:1061:0: 'Sal.MRDTs.Instances.AegisSheet.GC.markerFromFrontier_has_roster' depends on axioms: [propext,
 Classical.choice,
 Quot.sound]
info: Sal/MRDTs/Instances/AegisSheetGC.lean:1062:0: 'Sal.MRDTs.Instances.AegisSheet.GC.marker_preserves_late_restore_fixture' depends on axioms: [propext,
 Classical.choice,
 Quot.sound]
⚠ [3517/3588] Replayed Sal.MRDTs.Instances.AegisSheetSequential
warning: Sal/MRDTs/Instances/AegisSheetSequential.lean:278:8: This simp argument is unused:
  Bool.not_eq_true

Hint: Omit it from the simp argument list.
  simp only [member, cellMatches, isCell, decide_eq_true_eq, B̵o̵o̵l̵.̵n̵o̵t̵_̵e̵q̵_̵t̵r̵u̵e̵,̵ ̵Bool.and_self, and_self, true_and]

Note: This linter can be disabled with `set_option linter.unusedSimpArgs false`
warning: Sal/MRDTs/Instances/AegisSheetSequential.lean:278:26: This simp argument is unused:
  Bool.and_self

Hint: Omit it from the simp argument list.
  simp only [member, cellMatches, isCell, decide_eq_true_eq, Bool.not_eq_true, B̵o̵o̵l̵.̵a̵n̵d̵_̵s̵e̵l̵f̵,̵ ̵and_self,
  ̲  ̲ ̲ ̲ ̲ ̲true_and]

Note: This linter can be disabled with `set_option linter.unusedSimpArgs false`
warning: Sal/MRDTs/Instances/AegisSheetSequential.lean:278:41: This simp argument is unused:
  and_self

Hint: Omit it from the simp argument list.
  simp only [member, cellMatches, isCell, decide_eq_true_eq, Bool.not_eq_true, Bool.and_self,
  ̲  ̲ ̲ ̲ ̲ ̲a̵n̵d̵_̵s̵e̵l̵f̵,̵ ̵true_and]

Note: This linter can be disabled with `set_option linter.unusedSimpArgs false`
warning: Sal/MRDTs/Instances/AegisSheetSequential.lean:501:29: This simp argument is unused:
  freshLive

Hint: Omit it from the simp argument list.
  simp [keepsAxis, removesAxis, action, after, removeSeen, r̵a̵w̵L̵i̵v̵e̵A̵x̵i̵s̵T̵o̵k̵e̵n̵s̵,̵ ̵f̵r̵e̵s̵h̵L̵i̵v̵e̵]̵r̲a̲w̲L̲i̲v̲e̲A̲x̲i̲s̲T̲o̲k̲e̲n̲s̲]̲

Note: This linter can be disabled with `set_option linter.unusedSimpArgs false`
warning: Sal/MRDTs/Instances/AegisSheetSequential.lean:780:18: This simp argument is unused:
  next

Hint: Omit it from the simp argument list.
  simp [n̵e̵x̵t̵,̵ ̵optionFinset, sameTime]

Note: This linter can be disabled with `set_option linter.unusedSimpArgs false`
warning: Sal/MRDTs/Instances/AegisSheetSequential.lean:780:24: This simp argument is unused:
  optionFinset

Hint: Omit it from the simp argument list.
  simp [next, o̵p̵t̵i̵o̵n̵F̵i̵n̵s̵e̵t̵,̵ ̵sameTime]

Note: This linter can be disabled with `set_option linter.unusedSimpArgs false`
warning: Sal/MRDTs/Instances/AegisSheetSequential.lean:1136:52: This simp argument is unused:
  applyCell

Hint: Omit it from the simp argument list.
  simp [step, action, materialize, applyAxis, a̵p̵p̵l̵y̵C̵e̵l̵l̵,̵ ̵applyRange, applyPurge, addAxisKeep,
  ̲  ̲ ̲ ̲ ̲ ̲ ̲ ̲ ̲ ̲setAxisPosition, removeAxisSeen, storedAxisIds_insert, rawLiveAxisTokens_insert,
            axisPositionVersions_insert, purgeMarkers_insert, Event.action, axisUpdate?, cellUpdate?,
  ̲  ̲ ̲ ̲ ̲ ̲ ̲ ̲ ̲ ̲rangeUpdate?, purge?, haxis, hafter, rowTokens, columnTokens, rowPositions,
            columnPositions, cells, ranges]

Note: This linter can be disabled with `set_option linter.unusedSimpArgs false`
warning: Sal/MRDTs/Instances/AegisSheetSequential.lean:1136:63: This simp argument is unused:
  applyRange

Hint: Omit it from the simp argument list.
  simp [step, action, materialize, applyAxis, applyCell, a̵p̵p̵l̵y̵R̵a̵n̵g̵e̵,̵applyPurge, addAxisKeep,
  ̲  ̲ ̲ ̲ ̲ ̲ ̲ ̲ ̲ ̲setAxisPosition, removeAxisSeen, storedAxisIds_insert, rawLiveAxisTokens_insert,
  ̲  ̲ ̲ ̲ ̲ ̲ ̲ ̲ ̲ ̲axisPositionVersions_insert, purgeMarkers_insert, Event.action, axisUpdate?, cellUpdate?,
  ̲  ̲ ̲ ̲ ̲ ̲ ̲ ̲ ̲ ̲rangeUpdate?, purge?, haxis, hafter, rowTokens, columnTokens, rowPositions,
  ̲  ̲ ̲ ̲ ̲ ̲ ̲ ̲ ̲ ̲columnPositions, cells, ranges]

Note: This linter can be disabled with `set_option linter.unusedSimpArgs false`
warning: Sal/MRDTs/Instances/AegisSheetSequential.lean:1137:10: This simp argument is unused:
  applyPurge

Hint: Omit it from the simp argument list.
  simp [step, action, materialize, applyAxis, applyCell, applyRange, a̵p̵p̵l̵y̵P̵u̵r̵g̵e̵,̵ ̵addAxisKeep,
  ̲  ̲ ̲ ̲ ̲ ̲ ̲ ̲ ̲ ̲setAxisPosition, removeAxisSeen, storedAxisIds_insert, rawLiveAxisTokens_insert,
            axisPositionVersions_insert, purgeMarkers_insert, Event.action, axisUpdate?, cellUpdate?,
  ̲  ̲ ̲ ̲ ̲ ̲ ̲ ̲ ̲ ̲rangeUpdate?, purge?, haxis, hafter, rowTokens, columnTokens, rowPositions,
            columnPositions, cells, ranges]

Note: This linter can be disabled with `set_option linter.unusedSimpArgs false`
warning: Sal/MRDTs/Instances/AegisSheetSequential.lean:1138:32: This simp argument is unused:
  rawLiveAxisTokens_insert

Hint: Omit it from the simp argument list.
  simp [step, action, materialize, applyAxis, applyCell, applyRange, applyPurge, addAxisKeep,
  ̲  ̲ ̲ ̲ ̲ ̲ ̲ ̲ ̲ ̲setAxisPosition, removeAxisSeen, storedAxisIds_insert, r̵a̵w̵L̵i̵v̵e̵A̵x̵i̵s̵T̵o̵k̵e̵n̵s̵_̵i̵n̵s̵e̵r̵t̵,̵axisPositionVersions_insert,
            purgeMarkers_insert, Event.action, axisUpdate?, cellUpdate?, rangeUpdate?, purge?, haxis,
            hafter, rowTokens, columnTokens, rowPositions, columnPositions, cells, ranges]

Note: This linter can be disabled with `set_option linter.unusedSimpArgs false`
warning: Sal/MRDTs/Instances/AegisSheetSequential.lean:1139:10: This simp argument is unused:
  axisPositionVersions_insert

Hint: Omit it from the simp argument list.
  simp [step, action, materialize, applyAxis, applyCell, applyRange, applyPurge, addAxisKeep,
  ̲  ̲ ̲ ̲ ̲ ̲ ̲ ̲ ̲ ̲setAxisPosition, removeAxisSeen, storedAxisIds_insert, rawLiveAxisTokens_insert,
            a̵x̵i̵s̵P̵o̵s̵i̵t̵i̵o̵n̵V̵e̵r̵s̵i̵o̵n̵s̵_̵i̵n̵s̵e̵r̵t̵,̵ ̵purgeMarkers_insert, Event.action, axisUpdate?, cellUpdate?, rangeUpdate?, purge?, haxis,
  ̲  ̲ ̲ ̲ ̲ ̲ ̲ ̲ ̲ ̲hafter, rowTokens, columnTokens, rowPositions, columnPositions, cells, ranges]

Note: This linter can be disabled with `set_option linter.unusedSimpArgs false`
warning: Sal/MRDTs/Instances/AegisSheetSequential.lean:1140:24: This simp argument is unused:
  axisUpdate?

Hint: Omit it from the simp argument list.
  simp [step, action, materialize, applyAxis, applyCell, applyRange, applyPurge, addAxisKeep,
  ̲  ̲ ̲ ̲ ̲ ̲ ̲ ̲ ̲ ̲setAxisPosition, removeAxisSeen, storedAxisIds_insert, rawLiveAxisTokens_insert,
            axisPositionVersions_insert, purgeMarkers_insert, Event.action, a̵x̵i̵s̵U̵p̵d̵a̵t̵e̵?̵,̵ ̵cellUpdate?, rangeUpdate?,
  ̲  ̲ ̲ ̲ ̲ ̲ ̲ ̲ ̲ ̲purge?, haxis, hafter, rowTokens, columnTokens, rowPositions, columnPositions, cells,
  ̲  ̲ ̲ ̲ ̲ ̲ ̲ ̲ ̲ ̲ranges]

Note: This linter can be disabled with `set_option linter.unusedSimpArgs false`
warning: Sal/MRDTs/Instances/AegisSheetSequential.lean:1140:37: This simp argument is unused:
  cellUpdate?

Hint: Omit it from the simp argument list.
  simp [step, action, materialize, applyAxis, applyCell, applyRange, applyPurge, addAxisKeep,
  ̲  ̲ ̲ ̲ ̲ ̲ ̲ ̲ ̲ ̲setAxisPosition, removeAxisSeen, storedAxisIds_insert, rawLiveAxisTokens_insert,
            axisPositionVersions_insert, purgeMarkers_insert, Event.action, axisUpdate?, c̵e̵l̵l̵U̵p̵d̵a̵t̵e̵?̵,̵ ̵rangeUpdate?,
  ̲  ̲ ̲ ̲ ̲ ̲ ̲ ̲ ̲ ̲purge?, haxis, hafter, rowTokens, columnTokens, rowPositions, columnPositions, cells,
  ̲  ̲ ̲ ̲ ̲ ̲ ̲ ̲ ̲ ̲ranges]

Note: This linter can be disabled with `set_option linter.unusedSimpArgs false`
warning: Sal/MRDTs/Instances/AegisSheetSequential.lean:1140:50: This simp argument is unused:
  rangeUpdate?

Hint: Omit it from the simp argument list.
  simp [step, action, materialize, applyAxis, applyCell, applyRange, applyPurge, addAxisKeep,
  ̲  ̲ ̲ ̲ ̲ ̲ ̲ ̲ ̲ ̲setAxisPosition, removeAxisSeen, storedAxisIds_insert, rawLiveAxisTokens_insert,
            axisPositionVersions_insert, purgeMarkers_insert, Event.action, axisUpdate?, cellUpdate?,
  ̲  ̲ ̲ ̲ ̲ ̲ ̲ ̲ ̲ ̲r̵a̵n̵g̵e̵U̵p̵d̵a̵t̵e̵?̵,̵ ̵purge?, haxis, hafter, rowTokens, columnTokens, rowPositions, columnPositions, cells,
  ̲  ̲ ̲ ̲ ̲ ̲ ̲ ̲ ̲ ̲ranges]

Note: This linter can be disabled with `set_option linter.unusedSimpArgs false`
warning: Sal/MRDTs/Instances/AegisSheetSequential.lean:1159:41: This simp argument is unused:
  applyAxis

Hint: Omit it from the simp argument list.
  simp [step, action, materialize, a̵p̵p̵l̵y̵A̵x̵i̵s̵,̵ ̵applyCell, applyRange, applyPurge, addAxisKeep,
  ̲  ̲ ̲ ̲ ̲ ̲ ̲ ̲ ̲ ̲setAxisPosition, removeAxisSeen, storedAxisIds_insert, rawLiveAxisTokens_insert,
            axisPositionVersions_insert, purgeMarkers_insert, Event.action, axisUpdate?, cellUpdate?,
  ̲  ̲ ̲ ̲ ̲ ̲ ̲ ̲ ̲ ̲rangeUpdate?, purge?, rowTokens, columnTokens, rowPositions, columnPositions, ranges,
  ̲  ̲ ̲ ̲ ̲ ̲ ̲ ̲ ̲ ̲cells]

Note: This linter can be disabled with `set_option linter.unusedSimpArgs false`
warning: Sal/MRDTs/Instances/AegisSheetSequential.lean:1159:63: This simp argument is unused:
  applyRange

Hint: Omit it from the simp argument list.
  simp [step, action, materialize, applyAxis, applyCell, a̵p̵p̵l̵y̵R̵a̵n̵g̵e̵,̵applyPurge, addAxisKeep,
  ̲  ̲ ̲ ̲ ̲ ̲ ̲ ̲ ̲ ̲setAxisPosition, removeAxisSeen, storedAxisIds_insert, rawLiveAxisTokens_insert,
  ̲  ̲ ̲ ̲ ̲ ̲ ̲ ̲ ̲ ̲axisPositionVersions_insert, purgeMarkers_insert, Event.action, axisUpdate?, cellUpdate?,
  ̲  ̲ ̲ ̲ ̲ ̲ ̲ ̲ ̲ ̲rangeUpdate?, purge?, rowTokens, columnTokens, rowPositions, columnPositions, ranges,
  ̲  ̲ ̲ ̲ ̲ ̲ ̲ ̲ ̲ ̲cells]

Note: This linter can be disabled with `set_option linter.unusedSimpArgs false`
warning: Sal/MRDTs/Instances/AegisSheetSequential.lean:1160:10: This simp argument is unused:
  applyPurge

Hint: Omit it from the simp argument list.
  simp [step, action, materialize, applyAxis, applyCell, applyRange, a̵p̵p̵l̵y̵P̵u̵r̵g̵e̵,̵ ̵addAxisKeep,
  ̲  ̲ ̲ ̲ ̲ ̲ ̲ ̲ ̲ ̲setAxisPosition, removeAxisSeen, storedAxisIds_insert, rawLiveAxisTokens_insert,
            axisPositionVersions_insert, purgeMarkers_insert, Event.action, axisUpdate?, cellUpdate?,
  ̲  ̲ ̲ ̲ ̲ ̲ ̲ ̲ ̲ ̲rangeUpdate?, purge?, rowTokens, columnTokens, rowPositions, columnPositions, ranges,
  ̲  ̲ ̲ ̲ ̲ ̲ ̲ ̲ ̲ ̲cells]

Note: This linter can be disabled with `set_option linter.unusedSimpArgs false`
warning: Sal/MRDTs/Instances/AegisSheetSequential.lean:1160:35: This simp argument is unused:
  setAxisPosition

Hint: Omit it from the simp argument list.
  simp [step, action, materialize, applyAxis, applyCell, applyRange, applyPurge, addAxisKeep,
  ̲  ̲ ̲ ̲ ̲ ̲ ̲ ̲ ̲ ̲s̵e̵t̵A̵x̵i̵s̵P̵o̵s̵i̵t̵i̵o̵n̵,̵ ̵removeAxisSeen, storedAxisIds_insert, rawLiveAxisTokens_insert,
            axisPositionVersions_insert, purgeMarkers_insert, Event.action, axisUpdate?, cellUpdate?,
  ̲  ̲ ̲ ̲ ̲ ̲ ̲ ̲ ̲ ̲rangeUpdate?, purge?, rowTokens, columnTokens, rowPositions, columnPositions, ranges,
  ̲  ̲ ̲ ̲ ̲ ̲ ̲ ̲ ̲ ̲cells]

Note: This linter can be disabled with `set_option linter.unusedSimpArgs false`
warning: Sal/MRDTs/Instances/AegisSheetSequential.lean:1160:52: This simp argument is unused:
  removeAxisSeen

Hint: Omit it from the simp argument list.
  simp [step, action, materialize, applyAxis, applyCell, applyRange, applyPurge, addAxisKeep,
  ̲  ̲ ̲ ̲ ̲ ̲ ̲ ̲ ̲ ̲setAxisPosition, r̵e̵m̵o̵v̵e̵A̵x̵i̵s̵S̵e̵e̵n̵,̵storedAxisIds_insert, rawLiveAxisTokens_insert,
  ̲  ̲ ̲ ̲ ̲ ̲ ̲ ̲ ̲ ̲axisPositionVersions_insert, purgeMarkers_insert, Event.action, axisUpdate?, cellUpdate?,
  ̲  ̲ ̲ ̲ ̲ ̲ ̲ ̲ ̲ ̲rangeUpdate?, purge?, rowTokens, columnTokens, rowPositions, columnPositions, ranges,
  ̲  ̲ ̲ ̲ ̲ ̲ ̲ ̲ ̲ ̲cells]

Note: This linter can be disabled with `set_option linter.unusedSimpArgs false`
warning: Sal/MRDTs/Instances/AegisSheetSequential.lean:1161:32: This simp argument is unused:
  rawLiveAxisTokens_insert

Hint: Omit it from the simp argument list.
  simp [step, action, materialize, applyAxis, applyCell, applyRange, applyPurge, addAxisKeep,
  ̲  ̲ ̲ ̲ ̲ ̲ ̲ ̲ ̲ ̲setAxisPosition, removeAxisSeen, storedAxisIds_insert, r̵a̵w̵L̵i̵v̵e̵A̵x̵i̵s̵T̵o̵k̵e̵n̵s̵_̵i̵n̵s̵e̵r̵t̵,̵axisPositionVersions_insert,
            purgeMarkers_insert, Event.action, axisUpdate?, cellUpdate?, rangeUpdate?, purge?,
  ̲  ̲ ̲ ̲ ̲ ̲ ̲ ̲ ̲ ̲rowTokens, columnTokens, rowPositions, columnPositions, ranges, cells]

Note: This linter can be disabled with `set_option linter.unusedSimpArgs false`
warning: Sal/MRDTs/Instances/AegisSheetSequential.lean:1162:10: This simp argument is unused:
  axisPositionVersions_insert

Hint: Omit it from the simp argument list.
  simp [step, action, materialize, applyAxis, applyCell, applyRange, applyPurge, addAxisKeep,
  ̲  ̲ ̲ ̲ ̲ ̲ ̲ ̲ ̲ ̲setAxisPosition, removeAxisSeen, storedAxisIds_insert, rawLiveAxisTokens_insert,
            a̵x̵i̵s̵P̵o̵s̵i̵t̵i̵o̵n̵V̵e̵r̵s̵i̵o̵n̵s̵_̵i̵n̵s̵e̵r̵t̵,̵ ̵purgeMarkers_insert, Event.action, axisUpdate?, cellUpdate?, rangeUpdate?, purge?,
            rowTokens, columnTokens, rowPositions, columnPositions, ranges, cells]

Note: This linter can be disabled with `set_option linter.unusedSimpArgs false`
warning: Sal/MRDTs/Instances/AegisSheetSequential.lean:1163:24: This simp argument is unused:
  axisUpdate?

Hint: Omit it from the simp argument list.
  simp [step, action, materialize, applyAxis, applyCell, applyRange, applyPurge, addAxisKeep,
  ̲  ̲ ̲ ̲ ̲ ̲ ̲ ̲ ̲ ̲setAxisPosition, removeAxisSeen, storedAxisIds_insert, rawLiveAxisTokens_insert,
            axisPositionVersions_insert, purgeMarkers_insert, Event.action, a̵x̵i̵s̵U̵p̵d̵a̵t̵e̵?̵,̵ ̵cellUpdate?, rangeUpdate?,
  ̲  ̲ ̲ ̲ ̲ ̲ ̲ ̲ ̲ ̲purge?, rowTokens, columnTokens, rowPositions, columnPositions, ranges, cells]

Note: This linter can be disabled with `set_option linter.unusedSimpArgs false`
warning: Sal/MRDTs/Instances/AegisSheetSequential.lean:1163:37: This simp argument is unused:
  cellUpdate?

Hint: Omit it from the simp argument list.
  simp [step, action, materialize, applyAxis, applyCell, applyRange, applyPurge, addAxisKeep,
  ̲  ̲ ̲ ̲ ̲ ̲ ̲ ̲ ̲ ̲setAxisPosition, removeAxisSeen, storedAxisIds_insert, rawLiveAxisTokens_insert,
            axisPositionVersions_insert, purgeMarkers_insert, Event.action, axisUpdate?, c̵e̵l̵l̵U̵p̵d̵a̵t̵e̵?̵,̵ ̵rangeUpdate?,
  ̲  ̲ ̲ ̲ ̲ ̲ ̲ ̲ ̲ ̲purge?, rowTokens, columnTokens, rowPositions, columnPositions, ranges, cells]

Note: This linter can be disabled with `set_option linter.unusedSimpArgs false`
warning: Sal/MRDTs/Instances/AegisSheetSequential.lean:1163:50: This simp argument is unused:
  rangeUpdate?

Hint: Omit it from the simp argument list.
  simp [step, action, materialize, applyAxis, applyCell, applyRange, applyPurge, addAxisKeep,
  ̲  ̲ ̲ ̲ ̲ ̲ ̲ ̲ ̲ ̲setAxisPosition, removeAxisSeen, storedAxisIds_insert, rawLiveAxisTokens_insert,
            axisPositionVersions_insert, purgeMarkers_insert, Event.action, axisUpdate?, cellUpdate?,
  ̲  ̲ ̲ ̲ ̲ ̲ ̲ ̲ ̲ ̲r̵a̵n̵g̵e̵U̵p̵d̵a̵t̵e̵?̵,̵ ̵purge?, rowTokens, columnTokens, rowPositions, columnPositions, ranges, cells]

Note: This linter can be disabled with `set_option linter.unusedSimpArgs false`
warning: Sal/MRDTs/Instances/AegisSheetSequential.lean:1181:41: This simp argument is unused:
  applyAxis

Hint: Omit it from the simp argument list.
  simp [step, action, materialize, a̵p̵p̵l̵y̵A̵x̵i̵s̵,̵ ̵applyCell, applyRange, applyPurge, addAxisKeep,
  ̲  ̲ ̲ ̲ ̲ ̲ ̲ ̲ ̲ ̲setAxisPosition, removeAxisSeen, storedAxisIds_insert, rawLiveAxisTokens_insert,
            axisPositionVersions_insert, purgeMarkers_insert, Event.action, axisUpdate?, cellUpdate?,
  ̲  ̲ ̲ ̲ ̲ ̲ ̲ ̲ ̲ ̲rangeUpdate?, purge?, rowTokens, columnTokens, rowPositions, columnPositions, cells,
            rangeStore]

Note: This linter can be disabled with `set_option linter.unusedSimpArgs false`
warning: Sal/MRDTs/Instances/AegisSheetSequential.lean:1181:52: This simp argument is unused:
  applyCell

Hint: Omit it from the simp argument list.
  simp [step, action, materialize, applyAxis, a̵p̵p̵l̵y̵C̵e̵l̵l̵,̵ ̵applyRange, applyPurge, addAxisKeep,
  ̲  ̲ ̲ ̲ ̲ ̲ ̲ ̲ ̲ ̲setAxisPosition, removeAxisSeen, storedAxisIds_insert, rawLiveAxisTokens_insert,
            axisPositionVersions_insert, purgeMarkers_insert, Event.action, axisUpdate?, cellUpdate?,
  ̲  ̲ ̲ ̲ ̲ ̲ ̲ ̲ ̲ ̲rangeUpdate?, purge?, rowTokens, columnTokens, rowPositions, columnPositions, cells,
            rangeStore]

Note: This linter can be disabled with `set_option linter.unusedSimpArgs false`
warning: Sal/MRDTs/Instances/AegisSheetSequential.lean:1182:10: This simp argument is unused:
  applyPurge

Hint: Omit it from the simp argument list.
  simp [step, action, materialize, applyAxis, applyCell, applyRange, a̵p̵p̵l̵y̵P̵u̵r̵g̵e̵,̵ ̵addAxisKeep,
  ̲  ̲ ̲ ̲ ̲ ̲ ̲ ̲ ̲ ̲setAxisPosition, removeAxisSeen, storedAxisIds_insert, rawLiveAxisTokens_insert,
            axisPositionVersions_insert, purgeMarkers_insert, Event.action, axisUpdate?, cellUpdate?,
  ̲  ̲ ̲ ̲ ̲ ̲ ̲ ̲ ̲ ̲rangeUpdate?, purge?, rowTokens, columnTokens, rowPositions, columnPositions, cells,
            rangeStore]

Note: This linter can be disabled with `set_option linter.unusedSimpArgs false`
warning: Sal/MRDTs/Instances/AegisSheetSequential.lean:1182:22: This simp argument is unused:
  addAxisKeep

Hint: Omit it from the simp argument list.
  simp [step, action, materialize, applyAxis, applyCell, applyRange, applyPurge,
  ̲  ̲ ̲ ̲ ̲ ̲ ̲ ̲ ̲ ̲a̵d̵d̵A̵x̵i̵s̵K̵e̵e̵p̵,̵ ̵setAxisPosition, removeAxisSeen, storedAxisIds_insert, rawLiveAxisTokens_insert,
            axisPositionVersions_insert, purgeMarkers_insert, Event.action, axisUpdate?, cellUpdate?,
  ̲  ̲ ̲ ̲ ̲ ̲ ̲ ̲ ̲ ̲rangeUpdate?, purge?, rowTokens, columnTokens, rowPositions, columnPositions, cells,
            rangeStore]

Note: This linter can be disabled with `set_option linter.unusedSimpArgs false`
warning: Sal/MRDTs/Instances/AegisSheetSequential.lean:1182:35: This simp argument is unused:
  setAxisPosition

Hint: Omit it from the simp argument list.
  simp [step, action, materialize, applyAxis, applyCell, applyRange, applyPurge, addAxisKeep,
  ̲  ̲ ̲ ̲ ̲ ̲ ̲ ̲ ̲ ̲s̵e̵t̵A̵x̵i̵s̵P̵o̵s̵i̵t̵i̵o̵n̵,̵ ̵removeAxisSeen, storedAxisIds_insert, rawLiveAxisTokens_insert,
            axisPositionVersions_insert, purgeMarkers_insert, Event.action, axisUpdate?, cellUpdate?,
  ̲  ̲ ̲ ̲ ̲ ̲ ̲ ̲ ̲ ̲rangeUpdate?, purge?, rowTokens, columnTokens, rowPositions, columnPositions, cells,
            rangeStore]

Note: This linter can be disabled with `set_option linter.unusedSimpArgs false`
warning: Sal/MRDTs/Instances/AegisSheetSequential.lean:1182:52: This simp argument is unused:
  removeAxisSeen

Hint: Omit it from the simp argument list.
  simp [step, action, materialize, applyAxis, applyCell, applyRange, applyPurge, addAxisKeep,
  ̲  ̲ ̲ ̲ ̲ ̲ ̲ ̲ ̲ ̲setAxisPosition, r̵e̵m̵o̵v̵e̵A̵x̵i̵s̵S̵e̵e̵n̵,̵storedAxisIds_insert, rawLiveAxisTokens_insert,
  ̲  ̲ ̲ ̲ ̲ ̲ ̲ ̲ ̲ ̲axisPositionVersions_insert, purgeMarkers_insert, Event.action, axisUpdate?, cellUpdate?,
  ̲  ̲ ̲ ̲ ̲ ̲ ̲ ̲ ̲ ̲rangeUpdate?, purge?, rowTokens, columnTokens, rowPositions, columnPositions, cells,
  ̲  ̲ ̲ ̲ ̲ ̲ ̲ ̲ ̲ ̲rangeStore]

Note: This linter can be disabled with `set_option linter.unusedSimpArgs false`
warning: Sal/MRDTs/Instances/AegisSheetSequential.lean:1183:32: This simp argument is unused:
  rawLiveAxisTokens_insert

Hint: Omit it from the simp argument list.
  simp [step, action, materialize, applyAxis, applyCell, applyRange, applyPurge, addAxisKeep,
  ̲  ̲ ̲ ̲ ̲ ̲ ̲ ̲ ̲ ̲setAxisPosition, removeAxisSeen, storedAxisIds_insert, r̵a̵w̵L̵i̵v̵e̵A̵x̵i̵s̵T̵o̵k̵e̵n̵s̵_̵i̵n̵s̵e̵r̵t̵,̵axisPositionVersions_insert,
            purgeMarkers_insert, Event.action, axisUpdate?, cellUpdate?, rangeUpdate?, purge?,
  ̲  ̲ ̲ ̲ ̲ ̲ ̲ ̲ ̲ ̲rowTokens, columnTokens, rowPositions, columnPositions, cells, rangeStore]

Note: This linter can be disabled with `set_option linter.unusedSimpArgs false`
warning: Sal/MRDTs/Instances/AegisSheetSequential.lean:1184:10: This simp argument is unused:
  axisPositionVersions_insert

Hint: Omit it from the simp argument list.
  simp [step, action, materialize, applyAxis, applyCell, applyRange, applyPurge, addAxisKeep,
  ̲  ̲ ̲ ̲ ̲ ̲ ̲ ̲ ̲ ̲setAxisPosition, removeAxisSeen, storedAxisIds_insert, rawLiveAxisTokens_insert,
            a̵x̵i̵s̵P̵o̵s̵i̵t̵i̵o̵n̵V̵e̵r̵s̵i̵o̵n̵s̵_̵i̵n̵s̵e̵r̵t̵,̵ ̵purgeMarkers_insert, Event.action, axisUpdate?, cellUpdate?, rangeUpdate?, purge?,
            rowTokens, columnTokens, rowPositions, columnPositions, cells, rangeStore]

Note: This linter can be disabled with `set_option linter.unusedSimpArgs false`
warning: Sal/MRDTs/Instances/AegisSheetSequential.lean:1185:24: This simp argument is unused:
  axisUpdate?

Hint: Omit it from the simp argument list.
  simp [step, action, materialize, applyAxis, applyCell, applyRange, applyPurge, addAxisKeep,
  ̲  ̲ ̲ ̲ ̲ ̲ ̲ ̲ ̲ ̲setAxisPosition, removeAxisSeen, storedAxisIds_insert, rawLiveAxisTokens_insert,
            axisPositionVersions_insert, purgeMarkers_insert, Event.action, a̵x̵i̵s̵U̵p̵d̵a̵t̵e̵?̵,̵ ̵cellUpdate?, rangeUpdate?,
  ̲  ̲ ̲ ̲ ̲ ̲ ̲ ̲ ̲ ̲purge?, rowTokens, columnTokens, rowPositions, columnPositions, cells, rangeStore]

Note: This linter can be disabled with `set_option linter.unusedSimpArgs false`
warning: Sal/MRDTs/Instances/AegisSheetSequential.lean:1185:37: This simp argument is unused:
  cellUpdate?

Hint: Omit it from the simp argument list.
  simp [step, action, materialize, applyAxis, applyCell, applyRange, applyPurge, addAxisKeep,
  ̲  ̲ ̲ ̲ ̲ ̲ ̲ ̲ ̲ ̲setAxisPosition, removeAxisSeen, storedAxisIds_insert, rawLiveAxisTokens_insert,
            axisPositionVersions_insert, purgeMarkers_insert, Event.action, axisUpdate?, c̵e̵l̵l̵U̵p̵d̵a̵t̵e̵?̵,̵ ̵rangeUpdate?,
  ̲  ̲ ̲ ̲ ̲ ̲ ̲ ̲ ̲ ̲purge?, rowTokens, columnTokens, rowPositions, columnPositions, cells, rangeStore]

Note: This linter can be disabled with `set_option linter.unusedSimpArgs false`
warning: Sal/MRDTs/Instances/AegisSheetSequential.lean:1185:50: This simp argument is unused:
  rangeUpdate?

Hint: Omit it from the simp argument list.
  simp [step, action, materialize, applyAxis, applyCell, applyRange, applyPurge, addAxisKeep,
  ̲  ̲ ̲ ̲ ̲ ̲ ̲ ̲ ̲ ̲setAxisPosition, removeAxisSeen, storedAxisIds_insert, rawLiveAxisTokens_insert,
            axisPositionVersions_insert, purgeMarkers_insert, Event.action, axisUpdate?, cellUpdate?,
  ̲  ̲ ̲ ̲ ̲ ̲ ̲ ̲ ̲ ̲r̵a̵n̵g̵e̵U̵p̵d̵a̵t̵e̵?̵,̵ ̵purge?, rowTokens, columnTokens, rowPositions, columnPositions, cells, rangeStore]

Note: This linter can be disabled with `set_option linter.unusedSimpArgs false`
warning: Sal/MRDTs/Instances/AegisSheetSequential.lean:1201:41: This simp argument is unused:
  applyAxis

Hint: Omit it from the simp argument list.
  simp [step, action, materialize, a̵p̵p̵l̵y̵A̵x̵i̵s̵,̵ ̵applyCell, applyRange, applyPurge, addAxisKeep,
  ̲  ̲ ̲ ̲ ̲ ̲ ̲ ̲ ̲ ̲setAxisPosition, removeAxisSeen, storedAxisIds_insert, rawLiveAxisTokens_insert,
            axisPositionVersions_insert, purgeMarkers_insert, Event.action, axisUpdate?, cellUpdate?,
  ̲  ̲ ̲ ̲ ̲ ̲ ̲ ̲ ̲ ̲rangeUpdate?, purge?, rowTokens, columnTokens, rowPositions, columnPositions, ranges,
  ̲  ̲ ̲ ̲ ̲ ̲ ̲ ̲ ̲ ̲cells]

Note: This linter can be disabled with `set_option linter.unusedSimpArgs false`
warning: Sal/MRDTs/Instances/AegisSheetSequential.lean:1201:52: This simp argument is unused:
  applyCell

Hint: Omit it from the simp argument list.
  simp [step, action, materialize, applyAxis, a̵p̵p̵l̵y̵C̵e̵l̵l̵,̵ ̵applyRange, applyPurge, addAxisKeep,
  ̲  ̲ ̲ ̲ ̲ ̲ ̲ ̲ ̲ ̲setAxisPosition, removeAxisSeen, storedAxisIds_insert, rawLiveAxisTokens_insert,
            axisPositionVersions_insert, purgeMarkers_insert, Event.action, axisUpdate?, cellUpdate?,
  ̲  ̲ ̲ ̲ ̲ ̲ ̲ ̲ ̲ ̲rangeUpdate?, purge?, rowTokens, columnTokens, rowPositions, columnPositions, ranges,
  ̲  ̲ ̲ ̲ ̲ ̲ ̲ ̲ ̲ ̲cells]

Note: This linter can be disabled with `set_option linter.unusedSimpArgs false`
warning: Sal/MRDTs/Instances/AegisSheetSequential.lean:1201:63: This simp argument is unused:
  applyRange

Hint: Omit it from the simp argument list.
  simp [step, action, materialize, applyAxis, applyCell, a̵p̵p̵l̵y̵R̵a̵n̵g̵e̵,̵applyPurge, addAxisKeep,
  ̲  ̲ ̲ ̲ ̲ ̲ ̲ ̲ ̲ ̲setAxisPosition, removeAxisSeen, storedAxisIds_insert, rawLiveAxisTokens_insert,
  ̲  ̲ ̲ ̲ ̲ ̲ ̲ ̲ ̲ ̲axisPositionVersions_insert, purgeMarkers_insert, Event.action, axisUpdate?, cellUpdate?,
  ̲  ̲ ̲ ̲ ̲ ̲ ̲ ̲ ̲ ̲rangeUpdate?, purge?, rowTokens, columnTokens, rowPositions, columnPositions, ranges,
  ̲  ̲ ̲ ̲ ̲ ̲ ̲ ̲ ̲ ̲cells]

Note: This linter can be disabled with `set_option linter.unusedSimpArgs false`
warning: Sal/MRDTs/Instances/AegisSheetSequential.lean:1202:22: This simp argument is unused:
  addAxisKeep

Hint: Omit it from the simp argument list.
  simp [step, action, materialize, applyAxis, applyCell, applyRange, applyPurge,
  ̲  ̲ ̲ ̲ ̲ ̲ ̲ ̲ ̲ ̲a̵d̵d̵A̵x̵i̵s̵K̵e̵e̵p̵,̵ ̵setAxisPosition, removeAxisSeen, storedAxisIds_insert, rawLiveAxisTokens_insert,
            axisPositionVersions_insert, purgeMarkers_insert, Event.action, axisUpdate?, cellUpdate?,
  ̲  ̲ ̲ ̲ ̲ ̲ ̲ ̲ ̲ ̲rangeUpdate?, purge?, rowTokens, columnTokens, rowPositions, columnPositions, ranges,
  ̲  ̲ ̲ ̲ ̲ ̲ ̲ ̲ ̲ ̲cells]

Note: This linter can be disabled with `set_option linter.unusedSimpArgs false`
warning: Sal/MRDTs/Instances/AegisSheetSequential.lean:1202:35: This simp argument is unused:
  setAxisPosition

Hint: Omit it from the simp argument list.
  simp [step, action, materialize, applyAxis, applyCell, applyRange, applyPurge, addAxisKeep,
  ̲  ̲ ̲ ̲ ̲ ̲ ̲ ̲ ̲ ̲s̵e̵t̵A̵x̵i̵s̵P̵o̵s̵i̵t̵i̵o̵n̵,̵ ̵removeAxisSeen, storedAxisIds_insert, rawLiveAxisTokens_insert,
            axisPositionVersions_insert, purgeMarkers_insert, Event.action, axisUpdate?, cellUpdate?,
  ̲  ̲ ̲ ̲ ̲ ̲ ̲ ̲ ̲ ̲rangeUpdate?, purge?, rowTokens, columnTokens, rowPositions, columnPositions, ranges,
  ̲  ̲ ̲ ̲ ̲ ̲ ̲ ̲ ̲ ̲cells]

Note: This linter can be disabled with `set_option linter.unusedSimpArgs false`
warning: Sal/MRDTs/Instances/AegisSheetSequential.lean:1202:52: This simp argument is unused:
  removeAxisSeen

Hint: Omit it from the simp argument list.
  simp [step, action, materialize, applyAxis, applyCell, applyRange, applyPurge, addAxisKeep,
  ̲  ̲ ̲ ̲ ̲ ̲ ̲ ̲ ̲ ̲setAxisPosition, r̵e̵m̵o̵v̵e̵A̵x̵i̵s̵S̵e̵e̵n̵,̵storedAxisIds_insert, rawLiveAxisTokens_insert,
  ̲  ̲ ̲ ̲ ̲ ̲ ̲ ̲ ̲ ̲axisPositionVersions_insert, purgeMarkers_insert, Event.action, axisUpdate?, cellUpdate?,
  ̲  ̲ ̲ ̲ ̲ ̲ ̲ ̲ ̲ ̲rangeUpdate?, purge?, rowTokens, columnTokens, rowPositions, columnPositions, ranges,
  ̲  ̲ ̲ ̲ ̲ ̲ ̲ ̲ ̲ ̲cells]

Note: This linter can be disabled with `set_option linter.unusedSimpArgs false`
warning: Sal/MRDTs/Instances/AegisSheetSequential.lean:1203:32: This simp argument is unused:
  rawLiveAxisTokens_insert

Hint: Omit it from the simp argument list.
  simp [step, action, materialize, applyAxis, applyCell, applyRange, applyPurge, addAxisKeep,
  ̲  ̲ ̲ ̲ ̲ ̲ ̲ ̲ ̲ ̲setAxisPosition, removeAxisSeen, storedAxisIds_insert, r̵a̵w̵L̵i̵v̵e̵A̵x̵i̵s̵T̵o̵k̵e̵n̵s̵_̵i̵n̵s̵e̵r̵t̵,̵axisPositionVersions_insert,
            purgeMarkers_insert, Event.action, axisUpdate?, cellUpdate?, rangeUpdate?, purge?,
  ̲  ̲ ̲ ̲ ̲ ̲ ̲ ̲ ̲ ̲rowTokens, columnTokens, rowPositions, columnPositions, ranges, cells]

Note: This linter can be disabled with `set_option linter.unusedSimpArgs false`
warning: Sal/MRDTs/Instances/AegisSheetSequential.lean:1204:10: This simp argument is unused:
  axisPositionVersions_insert

Hint: Omit it from the simp argument list.
  simp [step, action, materialize, applyAxis, applyCell, applyRange, applyPurge, addAxisKeep,
  ̲  ̲ ̲ ̲ ̲ ̲ ̲ ̲ ̲ ̲setAxisPosition, removeAxisSeen, storedAxisIds_insert, rawLiveAxisTokens_insert,
            a̵x̵i̵s̵P̵o̵s̵i̵t̵i̵o̵n̵V̵e̵r̵s̵i̵o̵n̵s̵_̵i̵n̵s̵e̵r̵t̵,̵ ̵purgeMarkers_insert, Event.action, axisUpdate?, cellUpdate?, rangeUpdate?, purge?,
            rowTokens, columnTokens, rowPositions, columnPositions, ranges, cells]

Note: This linter can be disabled with `set_option linter.unusedSimpArgs false`
warning: Sal/MRDTs/Instances/AegisSheetSequential.lean:1205:24: This simp argument is unused:
  axisUpdate?

Hint: Omit it from the simp argument list.
  simp [step, action, materialize, applyAxis, applyCell, applyRange, applyPurge, addAxisKeep,
  ̲  ̲ ̲ ̲ ̲ ̲ ̲ ̲ ̲ ̲setAxisPosition, removeAxisSeen, storedAxisIds_insert, rawLiveAxisTokens_insert,
            axisPositionVersions_insert, purgeMarkers_insert, Event.action, a̵x̵i̵s̵U̵p̵d̵a̵t̵e̵?̵,̵ ̵cellUpdate?, rangeUpdate?,
  ̲  ̲ ̲ ̲ ̲ ̲ ̲ ̲ ̲ ̲purge?, rowTokens, columnTokens, rowPositions, columnPositions, ranges, cells]

Note: This linter can be disabled with `set_option linter.unusedSimpArgs false`
warning: Sal/MRDTs/Instances/AegisSheetSequential.lean:1205:37: This simp argument is unused:
  cellUpdate?

Hint: Omit it from the simp argument list.
  simp [step, action, materialize, applyAxis, applyCell, applyRange, applyPurge, addAxisKeep,
  ̲  ̲ ̲ ̲ ̲ ̲ ̲ ̲ ̲ ̲setAxisPosition, removeAxisSeen, storedAxisIds_insert, rawLiveAxisTokens_insert,
            axisPositionVersions_insert, purgeMarkers_insert, Event.action, axisUpdate?, c̵e̵l̵l̵U̵p̵d̵a̵t̵e̵?̵,̵ ̵rangeUpdate?,
  ̲  ̲ ̲ ̲ ̲ ̲ ̲ ̲ ̲ ̲purge?, rowTokens, columnTokens, rowPositions, columnPositions, ranges, cells]

Note: This linter can be disabled with `set_option linter.unusedSimpArgs false`
warning: Sal/MRDTs/Instances/AegisSheetSequential.lean:1205:50: This simp argument is unused:
  rangeUpdate?

Hint: Omit it from the simp argument list.
  simp [step, action, materialize, applyAxis, applyCell, applyRange, applyPurge, addAxisKeep,
  ̲  ̲ ̲ ̲ ̲ ̲ ̲ ̲ ̲ ̲setAxisPosition, removeAxisSeen, storedAxisIds_insert, rawLiveAxisTokens_insert,
            axisPositionVersions_insert, purgeMarkers_insert, Event.action, axisUpdate?, cellUpdate?,
  ̲  ̲ ̲ ̲ ̲ ̲ ̲ ̲ ̲ ̲r̵a̵n̵g̵e̵U̵p̵d̵a̵t̵e̵?̵,̵ ̵purge?, rowTokens, columnTokens, rowPositions, columnPositions, ranges, cells]

Note: This linter can be disabled with `set_option linter.unusedSimpArgs false`
warning: Sal/MRDTs/Instances/AegisSheetSequential.lean:1366:14: This simp argument is unused:
  found

Hint: Omit it from the simp argument list.
  simp [f̵o̵u̵n̵d̵,̵ ̵known]

Note: This linter can be disabled with `set_option linter.unusedSimpArgs false`
warning: Sal/MRDTs/Instances/AegisSheetSequential.lean:1377:16: This simp argument is unused:
  found

Hint: Omit it from the simp argument list.
  simp [f̵o̵u̵n̵d̵,̵ ̵sameAxis, known]

Note: This linter can be disabled with `set_option linter.unusedSimpArgs false`
warning: Sal/MRDTs/Instances/AegisSheetSequential.lean:1424:10: try 'simp' instead of 'simpa'

Note: This linter can be disabled with `set_option linter.unnecessarySimpa false`
warning: Sal/MRDTs/Instances/AegisSheetSequential.lean:1450:10: try 'simp' instead of 'simpa'

Note: This linter can be disabled with `set_option linter.unnecessarySimpa false`
warning: Sal/MRDTs/Instances/AegisSheetSequential.lean:1474:10: try 'simp' instead of 'simpa'

Note: This linter can be disabled with `set_option linter.unnecessarySimpa false`
warning: Sal/MRDTs/Instances/AegisSheetSequential.lean:1523:52: This simp argument is unused:
  Bool.and_eq_true

Hint: Omit it from the simp argument list.
  simp only [Finset.mem_biUnion, Finset.mem_filter,̵ ̵B̵o̵o̵l̵.̵a̵n̵d̵_̵e̵q̵_̵t̵r̵u̵e̵]

Note: This linter can be disabled with `set_option linter.unusedSimpArgs false`
warning: Sal/MRDTs/Instances/AegisSheetSequential.lean:1561:4: This simp argument is unused:
  Bool.not_eq_true

Hint: Omit it from the simp argument list.
  simp only [Finset.mem_biUnion, Finset.mem_filter, Bool.and_eq_true,̵
  ̵ ̵ ̵ ̵ ̵B̵o̵o̵l̵.̵n̵o̵t̵_̵e̵q̵_̵t̵r̵u̵e̵]

Note: This linter can be disabled with `set_option linter.unusedSimpArgs false`
warning: Sal/MRDTs/Instances/AegisSheetSequential.lean:1671:6: Try `simp at this` instead of `simpa using this`

Note: This linter can be disabled with `set_option linter.unnecessarySimpa false`
warning: Sal/MRDTs/Instances/AegisSheetSequential.lean:1745:8: try 'simp' instead of 'simpa'

Note: This linter can be disabled with `set_option linter.unnecessarySimpa false`
warning: Sal/MRDTs/Instances/AegisSheetSequential.lean:1797:4: This simp argument is unused:
  Bool.not_eq_true

Hint: Omit it from the simp argument list.
  simp only [Finset.mem_biUnion, Finset.mem_filter, Bool.and_eq_true,̵
  ̵ ̵ ̵ ̵ ̵B̵o̵o̵l̵.̵n̵o̵t̵_̵e̵q̵_̵t̵r̵u̵e̵]

Note: This linter can be disabled with `set_option linter.unusedSimpArgs false`
warning: Sal/MRDTs/Instances/AegisSheetSequential.lean:1820:4: This simp argument is unused:
  Bool.not_eq_true

Hint: Omit it from the simp argument list.
  simp only [versionValues, Finset.mem_image, Finset.mem_filter, B̵o̵o̵l̵.̵n̵o̵t̵_̵e̵q̵_̵t̵r̵u̵e̵,̵ ̵mem_rawCellValues_iff]

Note: This linter can be disabled with `set_option linter.unusedSimpArgs false`
warning: Sal/MRDTs/Instances/AegisSheetSequential.lean:1966:2: try 'simp' instead of 'simpa'

Note: This linter can be disabled with `set_option linter.unnecessarySimpa false`
warning: Sal/MRDTs/Instances/AegisSheetSequential.lean:2010:19: This simp argument is unused:
  axisLive

Hint: Omit it from the simp argument list.
  simp only [a̵x̵i̵s̵L̵i̵v̵e̵,̵ ̵Bool.and_eq_true] at rowLive columnLive

Note: This linter can be disabled with `set_option linter.unusedSimpArgs false`
warning: Sal/MRDTs/Instances/AegisSheetSequential.lean:2274:19: This simp argument is unused:
  axisLive

Hint: Omit it from the simp argument list.
  simp only [a̵x̵i̵s̵L̵i̵v̵e̵,̵ ̵Bool.and_eq_true] at rowLive columnLive

Note: This linter can be disabled with `set_option linter.unusedSimpArgs false`
info: Sal/MRDTs/Instances/AegisSheetSequential.lean:2745:0: 'Sal.MRDTs.Instances.AegisSheet.Sequential.chronological_eq_of_toFinset_eq' depends on axioms: [propext,
 Classical.choice,
 Quot.sound]
info: Sal/MRDTs/Instances/AegisSheetSequential.lean:2746:0: 'Sal.MRDTs.Instances.AegisSheet.Sequential.materialize_insert' depends on axioms: [propext,
 Classical.choice,
 Quot.sound]
info: Sal/MRDTs/Instances/AegisSheetSequential.lean:2747:0: 'Sal.MRDTs.Instances.AegisSheet.Sequential.guarded_history_materializes' depends on axioms: [propext,
 Classical.choice,
 Quot.sound]
info: Sal/MRDTs/Instances/AegisSheetSequential.lean:2748:0: 'Sal.MRDTs.Instances.AegisSheet.Sequential.storedAxisIds_eq_axisIds' depends on axioms: [propext,
 Classical.choice,
 Quot.sound]
info: Sal/MRDTs/Instances/AegisSheetSequential.lean:2749:0: 'Sal.MRDTs.Instances.AegisSheet.GC.axisKeepTimes_eq' depends on axioms: [propext, Classical.choice, Quot.sound]
info: Sal/MRDTs/Instances/AegisSheetSequential.lean:2750:0: 'Sal.MRDTs.Instances.AegisSheet.Sequential.coveredAxisTimes_subset_raw' depends on axioms: [propext,
 Classical.choice,
 Quot.sound]
info: Sal/MRDTs/Instances/AegisSheetSequential.lean:2751:0: 'Sal.MRDTs.Instances.AegisSheet.Sequential.liveAxisTokens_eq_raw' depends on axioms: [propext,
 Classical.choice,
 Quot.sound]
info: Sal/MRDTs/Instances/AegisSheetSequential.lean:2752:0: 'Sal.MRDTs.Instances.AegisSheet.Sequential.visibleIds_materialize' depends on axioms: [propext,
 Classical.choice,
 Quot.sound]
info: Sal/MRDTs/Instances/AegisSheetSequential.lean:2753:0: 'Sal.MRDTs.Instances.AegisSheet.Sequential.latestPositions_axisPositionVersions' depends on axioms: [propext,
 Classical.choice,
 Quot.sound]
info: Sal/MRDTs/Instances/AegisSheetSequential.lean:2754:0: 'Sal.MRDTs.Instances.AegisSheet.Sequential.materializedCellValues_eq_raw' depends on axioms: [propext,
 Classical.choice,
 Quot.sound]
info: Sal/MRDTs/Instances/AegisSheetSequential.lean:2755:0: 'Sal.MRDTs.Instances.AegisSheet.Sequential.rangeStored_values' depends on axioms: [propext,
 Classical.choice,
 Quot.sound]
info: Sal/MRDTs/Instances/AegisSheetSequential.lean:2756:0: 'Sal.MRDTs.Instances.AegisSheet.Sequential.observationInvariant_of_facts' depends on axioms: [propext,
 Classical.choice,
 Quot.sound]
info: Sal/MRDTs/Instances/AegisSheetSequential.lean:2757:0: 'Sal.MRDTs.Instances.AegisSheet.Sequential.linearMintHistory_provenance' depends on axioms: [propext,
 Classical.choice,
 Quot.sound]
info: Sal/MRDTs/Instances/AegisSheetSequential.lean:2758:0: 'Sal.MRDTs.Instances.AegisSheet.Sequential.guarded_history_observes' depends on axioms: [propext,
 Classical.choice,
 Quot.sound]
info: Sal/MRDTs/Instances/AegisSheetSequential.lean:2759:0: 'Sal.MRDTs.Instances.AegisSheet.Sequential.inplaceSequentialSound' depends on axioms: [propext,
 Classical.choice,
 Quot.sound]
info: Sal/MRDTs/Instances/AegisSheetSequential.lean:2760:0: 'Sal.MRDTs.Instances.AegisSheet.Sequential.canonical_causalOriginLegal' depends on axioms: [propext,
 Classical.choice,
 Quot.sound]
info: Sal/MRDTs/Instances/AegisSheetSequential.lean:2761:0: 'Sal.MRDTs.Instances.AegisSheet.Sequential.causalOriginSequentialSound' depends on axioms: [propext,
 Classical.choice,
 Quot.sound]
info: Sal/MRDTs/Instances/AegisSheetSequential.lean:2762:0: 'Sal.MRDTs.Instances.AegisSheet.Sequential.sequentialCorrectness' depends on axioms: [propext,
 Classical.choice,
 Quot.sound]
info: Sal/MRDTs/Instances/AegisSheetSequential.lean:2763:0: 'Sal.MRDTs.Instances.AegisSheet.Sequential.inplaceReplayAdequate' depends on axioms: [propext,
 Classical.choice,
 Quot.sound]
info: Sal/MRDTs/Instances/AegisSheetSequential.lean:2764:0: 'Sal.MRDTs.Instances.AegisSheet.Sequential.inplace_sequentially_correct' depends on axioms: [propext,
 Classical.choice,
 Quot.sound]
info: Sal/MRDTs/Instances/AegisSheetSequential.lean:2765:0: 'Sal.MRDTs.Instances.AegisSheet.Sequential.concurrent_origins_not_guarded_chronological' depends on axioms: [propext,
 Classical.choice,
 Lean.ofReduceBool,
 Lean.trustCompiler,
 Quot.sound]
info: Sal/MRDTs/Instances/AegisSheetSequential.lean:2766:0: 'Sal.MRDTs.Instances.AegisSheet.Sequential.concurrent_origins_causal_legal' depends on axioms: [propext,
 Classical.choice,
 Lean.ofReduceBool,
 Lean.trustCompiler,
 Quot.sound]
info: Sal/MRDTs/Instances/AegisSheetSequential.lean:2767:0: 'Sal.MRDTs.Instances.AegisSheet.Sequential.unavailable_origin_not_causal_legal' depends on axioms: [propext,
 Classical.choice,
 Lean.ofReduceBool,
 Lean.trustCompiler,
 Quot.sound]
info: Sal/MRDTs/Instances/AegisSheetSequential.lean:2853:0: 'Sal.MRDTs.Instances.AegisSheet.replayAdequate' depends on axioms: [propext, Classical.choice, Quot.sound]
info: Sal/MRDTs/Instances/AegisSheetSequential.lean:2854:0: 'Sal.MRDTs.Instances.AegisSheet.verified' depends on axioms: [propext, Classical.choice, Quot.sound]
info: Sal/MRDTs/Instances/AegisSheetSequential.lean:2855:0: 'Sal.MRDTs.Instances.AegisSheet.spec_linearizable' depends on axioms: [propext, Classical.choice, Quot.sound]
info: Sal/MRDTs/Instances/AegisSheetSequential.lean:2856:0: 'Sal.MRDTs.Instances.AegisSheet.spec_linearizableV' depends on axioms: [propext, Classical.choice, Quot.sound]
info: Sal/MRDTs/Instances/AegisSheetSequential.lean:2857:0: 'Sal.MRDTs.Instances.AegisSheet.sequentially_correct' depends on axioms: [propext, Classical.choice, Quot.sound]
info: Sal/MRDTs/Instances/AegisSheetSequential.lean:2858:0: 'Sal.MRDTs.Instances.AegisSheet.observationally_correct' depends on axioms: [propext, Classical.choice, Quot.sound]
⚠ [3520/3588] Replayed Sal.MRDTs.Instances.QueueCertificates
warning: Sal/MRDTs/Instances/QueueCertificates.lean:37:6: Try `simp at ht` instead of `simpa using ht`

Note: This linter can be disabled with `set_option linter.unnecessarySimpa false`
info: Sal/MRDTs/Instances/QueueCertificates.lean:150:0: 'Sal.MRDTs.Instances.Queue.q_join_at' depends on axioms: [propext, Classical.choice, Quot.sound]
info: Sal/MRDTs/Instances/QueueCertificates.lean:151:0: 'Sal.MRDTs.Instances.Queue.queue_replay_witness' depends on axioms: [propext, Classical.choice, Quot.sound]
info: Sal/MRDTs/Instances/QueueCertificates.lean:152:0: 'Sal.MRDTs.Instances.Queue.queue_seq_sound' depends on axioms: [propext, Quot.sound]
info: Sal/MRDTs/Instances/QueueCertificates.lean:153:0: 'Sal.MRDTs.Instances.Queue.replayAdequate' depends on axioms: [propext, Classical.choice, Quot.sound]
ℹ [3521/3588] Replayed Sal.MRDTs.Instances.QueueContract
info: Sal/MRDTs/Instances/QueueContract.lean:174:0: 'Sal.MRDTs.Instances.Queue.issued_dequeue_no_visible_dequeue' depends on axioms: [propext, Classical.choice, Quot.sound]
info: Sal/MRDTs/Instances/QueueContract.lean:175:0: 'Sal.MRDTs.Instances.Queue.duplicate_dequeues_concurrent' depends on axioms: [propext, Classical.choice, Quot.sound]
info: Sal/MRDTs/Instances/QueueContract.lean:176:0: 'Sal.MRDTs.Instances.Queue.queue_version_contents' depends on axioms: [propext, Classical.choice, Quot.sound]
info: Sal/MRDTs/Instances/QueueContract.lean:177:0: 'Sal.MRDTs.Instances.Queue.client_linear_fifo' depends on axioms: [propext, Quot.sound]
ℹ [3522/3588] Replayed Sal.MRDTs.Instances.QueueLegalization
info: Sal/MRDTs/Instances/QueueLegalization.lean:550:0: 'Sal.MRDTs.Instances.Queue.queue_legal_witness' depends on axioms: [propext, Classical.choice, Quot.sound]
info: Sal/MRDTs/Instances/QueueLegalization.lean:551:0: 'Sal.MRDTs.Instances.Queue.verified' depends on axioms: [propext, Classical.choice, Quot.sound]
info: Sal/MRDTs/Instances/QueueLegalization.lean:552:0: 'Sal.MRDTs.Instances.Queue.queue_spec_linearizable' depends on axioms: [propext, Classical.choice, Quot.sound]
info: Sal/MRDTs/Instances/QueueLegalization.lean:553:0: 'Sal.MRDTs.Instances.Queue.queue_spec_linearizableV' depends on axioms: [propext, Classical.choice, Quot.sound]
ℹ [3523/3588] Replayed Sal.MRDTs.Instances.QueueCorrectness
info: Sal/MRDTs/Instances/QueueCorrectness.lean:118:0: 'Sal.MRDTs.Instances.Queue.queue_versions_sorted' depends on axioms: [propext, Classical.choice, Quot.sound]
info: Sal/MRDTs/Instances/QueueCorrectness.lean:119:0: 'Sal.MRDTs.Instances.Queue.queue_correct' depends on axioms: [propext, Classical.choice, Quot.sound]
⚠ [3524/3588] Replayed Sal.MRDTs.Instances.MVR
warning: Sal/MRDTs/Instances/MVR.lean:59:18: The namespace 'MVR' is duplicated in the declaration 'Sal.MRDTs.Instances.MVR.MVR'

Note: This linter can be disabled with `set_option linter.dupNamespace false`
info: Sal/MRDTs/Instances/MVR.lean:552:0: 'Sal.MRDTs.Instances.MVR.mvr_seq_sound' depends on axioms: [propext, Classical.choice, Quot.sound]
info: Sal/MRDTs/Instances/MVR.lean:553:0: 'Sal.MRDTs.Instances.MVR.replayAdequate' depends on axioms: [propext, Classical.choice, Quot.sound]
info: Sal/MRDTs/Instances/MVR.lean:554:0: 'Sal.MRDTs.Instances.MVR.concurrentState_no_sequential_register' depends on axioms: [propext,
 Classical.choice,
 Quot.sound]
ℹ [3525/3588] Replayed Sal.MRDTs.Instances.MVRContract
info: Sal/MRDTs/Instances/MVRContract.lean:151:0: 'Sal.MRDTs.Instances.MVR.version_maximal' depends on axioms: [propext, Classical.choice, Quot.sound]
info: Sal/MRDTs/Instances/MVRContract.lean:301:0: 'Sal.MRDTs.Instances.MVR.verified' depends on axioms: [propext, Classical.choice, Quot.sound]
info: Sal/MRDTs/Instances/MVRContract.lean:302:0: 'Sal.MRDTs.Instances.MVR.mvr_correct' depends on axioms: [propext, Classical.choice, Quot.sound]
info: Sal/MRDTs/Instances/MVRContract.lean:303:0: 'Sal.MRDTs.Instances.MVR.linear_register' depends on axioms: [propext, Classical.choice, Quot.sound]
ℹ [3526/3588] Replayed Sal.MRDTs.Instances.MVRLive
info: Sal/MRDTs/Instances/MVRLive.lean:199:0: 'Sal.MRDTs.Instances.MVRLive.merge_shared_history' depends on axioms: [propext, Classical.choice, Quot.sound]
info: Sal/MRDTs/Instances/MVRLive.lean:200:0: 'Sal.MRDTs.Instances.MVRLive.fold_live' depends on axioms: [propext, Classical.choice, Quot.sound]
ℹ [3530/3588] Replayed Sal.MRDTs.Instances.MVRLiveContract
info: Sal/MRDTs/Instances/MVRLiveContract.lean:150:0: 'Sal.MRDTs.Instances.MVRLive.verified' depends on axioms: [propext, Classical.choice, Quot.sound]
info: Sal/MRDTs/Instances/MVRLiveContract.lean:151:0: 'Sal.MRDTs.Instances.MVRLive.mvr_correct' depends on axioms: [propext, Classical.choice, Quot.sound]
info: Sal/MRDTs/Instances/MVRLiveContract.lean:152:0: 'Sal.MRDTs.Instances.MVRLive.linear_register' depends on axioms: [propext, Classical.choice, Quot.sound]
ℹ [3531/3588] Replayed Sal.MRDTs.Metatheory.ProductionLedger
info: Sal/MRDTs/Metatheory/ProductionLedger.lean:70:0: Sal.MRDTs.Production.registry : List PackagedMRDT
info: Sal/MRDTs/Metatheory/ProductionLedger.lean:71:0: Sal.MRDTs.Instances.LWWRegister.verified : VerifiedMRDT Instances.LWWRegister.D
info: Sal/MRDTs/Metatheory/ProductionLedger.lean:72:0: Sal.MRDTs.Instances.EfficientORSet.verified {α : Type} [DecidableEq α] : VerifiedMRDT (Instances.EfficientORSet.D α)
info: Sal/MRDTs/Metatheory/ProductionLedger.lean:73:0: Sal.MRDTs.Instances.AegisSheet.verified : VerifiedMRDT Instances.AegisSheet.D
⚠ [3533/3588] Replayed Sal.MRDTs.Paper1.Automation.CommutingAssembly
warning: Sal/MRDTs/Paper1/Automation/CommutingAssembly.lean:25:66: This simp argument is unused:
  UpdateSig.replayOrder

Hint: Omit it from the simp argument list.
  simp [̵l̵o̵O̵n̵,̵U̵p̵d̵a̵t̵e̵S̵i̵g̵.̵r̵c̵,̵U̵p̵d̵a̵t̵e̵S̵i̵g̵.̵r̵e̵p̵l̵a̵y̵O̵r̵d̵e̵r̵,̵R̵e̵p̵l̵a̵y̵P̵o̵l̵i̵c̵y̵.̵d̵e̵f̵a̵u̵l̵t̵,̵R̵e̵p̵l̵a̵y̵P̵o̵l̵i̵c̵y̵.̵u̵n̵c̵o̵n̵s̵t̵r̵a̵i̵n̵e̵d̵]̵[̲l̲o̲O̲n̲,̲ ̲U̲p̲d̲a̲t̲e̲S̲i̲g̲.̲r̲c̲,̲ ̲R̲e̲p̲l̲a̲y̲P̲o̲l̲i̲c̲y̲.̲d̲e̲f̲a̲u̲l̲t̲,̲
  ̲ ̲ ̲ ̲ ̲R̲e̲p̲l̲a̲y̲P̲o̲l̲i̲c̲y̲.̲u̲n̲c̲o̲n̲s̲t̲r̲a̲i̲n̲e̲d̲]̲

Note: This linter can be disabled with `set_option linter.unusedSimpArgs false`
⚠ [3534/3588] Replayed Sal.MRDTs.Paper1.SimpleEventPorts
warning: Sal/MRDTs/Paper1/SimpleEventPorts.lean:58:46: This simp argument is unused:
  D

Hint: Omit it from the simp argument list.
  simp [D̵,̵ ̵Instances.AddStore.D, setMachine]

Note: This linter can be disabled with `set_option linter.unusedSimpArgs false`
warning: Sal/MRDTs/Paper1/SimpleEventPorts.lean:63:10: This simp argument is unused:
  D

Hint: Omit it from the simp argument list.
  simp [D̵,̵ ̵Instances.AddStore.D, setMachine, Op.op]

Note: This linter can be disabled with `set_option linter.unusedSimpArgs false`
warning: Sal/MRDTs/Paper1/SimpleEventPorts.lean:127:8: automatically included section variable(s) unused in theorem `_private.Sal.MRDTs.Paper1.SimpleEventPorts.0.Sal.MRDTs.Paper1.SimpleEventPorts.list_commutes`:
  [DecidableEq A]
consider restructuring your `variable` declarations so that the variables are not in scope or explicitly omit them:
  omit [DecidableEq A] in theorem ...

Note: This linter can be disabled with `set_option linter.unusedSectionVars false`
warning: Sal/MRDTs/Paper1/SimpleEventPorts.lean:172:47: This simp argument is unused:
  D

Hint: Omit it from the simp argument list.
  simp [D̵,̵ ̵Instances.FinsetStore.D, finiteMachine, Op.op]

Note: This linter can be disabled with `set_option linter.unusedSimpArgs false`
warning: Sal/MRDTs/Paper1/SimpleEventPorts.lean:206:10: This simp argument is unused:
  D

Hint: Omit it from the simp argument list.
  simp [D̵,̵ ̵Instances.FlatGrowOnly.D, booleanMachine, hs x, Op.op, Bool.or_comm]

Note: This linter can be disabled with `set_option linter.unusedSimpArgs false`
warning: Sal/MRDTs/Paper1/SimpleEventPorts.lean:324:4: Try `simp at hm` instead of `simpa using hm`

Note: This linter can be disabled with `set_option linter.unnecessarySimpa false`
warning: Sal/MRDTs/Paper1/SimpleEventPorts.lean:334:79: This simp argument is unused:
  Bool.or_comm

Hint: Omit it from the simp argument list.
  simp [booleanMachine, DeterministicSpec.machine, Op.op, or_comm,̵ ̵B̵o̵o̵l̵.̵o̵r̵_̵c̵o̵m̵m̵]

Note: This linter can be disabled with `set_option linter.unusedSimpArgs false`
warning: Sal/MRDTs/Paper1/SimpleEventPorts.lean:352:79: This simp argument is unused:
  Bool.or_comm

Hint: Omit it from the simp argument list.
  simp [booleanMachine, DeterministicSpec.machine, Op.op, or_comm,̵ ̵B̵o̵o̵l̵.̵o̵r̵_̵c̵o̵m̵m̵]

Note: This linter can be disabled with `set_option linter.unusedSimpArgs false`
info: Sal/MRDTs/Paper1/SimpleEventPorts.lean:373:0: 'Sal.MRDTs.Paper1.SimpleEventPorts.gsetCertifiedV' depends on axioms: [propext, Classical.choice, Quot.sound]
info: Sal/MRDTs/Paper1/SimpleEventPorts.lean:374:0: 'Sal.MRDTs.Paper1.SimpleEventPorts.pnCertifiedV' depends on axioms: [propext, Classical.choice, Quot.sound]
info: Sal/MRDTs/Paper1/SimpleEventPorts.lean:375:0: 'Sal.MRDTs.Paper1.SimpleEventPorts.booleanMapCertifiedV' depends on axioms: [propext, Classical.choice, Quot.sound]
ℹ [3535/3588] Replayed Sal.MRDTs.Paper1.SimpleConcretePorts
info: Sal/MRDTs/Paper1/SimpleConcretePorts.lean:221:0: 'Sal.MRDTs.Paper1.ConcreteMRDT.SimplePorts.gsetConditions' depends on axioms: [propext, Classical.choice, Quot.sound]
info: Sal/MRDTs/Paper1/SimpleConcretePorts.lean:222:0: 'Sal.MRDTs.Paper1.ConcreteMRDT.SimplePorts.addStoreConditions' depends on axioms: [propext,
 Classical.choice,
 Quot.sound]
info: Sal/MRDTs/Paper1/SimpleConcretePorts.lean:223:0: 'Sal.MRDTs.Paper1.ConcreteMRDT.SimplePorts.finiteAddConditions' depends on axioms: [propext,
 Classical.choice,
 Quot.sound]
info: Sal/MRDTs/Paper1/SimpleConcretePorts.lean:224:0: 'Sal.MRDTs.Paper1.ConcreteMRDT.SimplePorts.counterConditions' depends on axioms: [propext, Classical.choice, Quot.sound]
info: Sal/MRDTs/Paper1/SimpleConcretePorts.lean:225:0: 'Sal.MRDTs.Paper1.ConcreteMRDT.SimplePorts.iocConditions' depends on axioms: [propext, Classical.choice, Quot.sound]
info: Sal/MRDTs/Paper1/SimpleConcretePorts.lean:226:0: 'Sal.MRDTs.Paper1.ConcreteMRDT.SimplePorts.pnConditions' depends on axioms: [propext, Classical.choice, Quot.sound]
info: Sal/MRDTs/Paper1/SimpleConcretePorts.lean:227:0: 'Sal.MRDTs.Paper1.ConcreteMRDT.SimplePorts.booleanSetConditions' depends on axioms: [propext,
 Classical.choice,
 Quot.sound]
info: Sal/MRDTs/Paper1/SimpleConcretePorts.lean:228:0: 'Sal.MRDTs.Paper1.ConcreteMRDT.SimplePorts.booleanMapConditions' depends on axioms: [propext,
 Classical.choice,
 Quot.sound]
info: Sal/MRDTs/Paper1/SimpleConcretePorts.lean:229:0: 'Sal.MRDTs.Paper1.ConcreteMRDT.SimplePorts.pnExecutionsV' depends on axioms: [propext, Classical.choice, Quot.sound]
⚠ [3541/3588] Replayed Sal.MRDTs.Paper1.BoundedCounterEvent
warning: Sal/MRDTs/Paper1/BoundedCounterEvent.lean:93:4: Try this: intro a b h
info: Sal/MRDTs/Paper1/BoundedCounterEvent.lean:153:0: 'Sal.MRDTs.Paper1.BoundedCounterEvent.certifiedV' depends on axioms: [propext, Classical.choice, Quot.sound]
info: Sal/MRDTs/Paper1/BoundedCounterEvent.lean:154:0: 'Sal.MRDTs.Paper1.BoundedCounterEvent.commutationCompatibility_fails' depends on axioms: [propext,
 Classical.choice,
 Quot.sound]
ℹ [3543/3588] Replayed Sal.MRDTs.Paper1.IssuedConcretePorts
info: Sal/MRDTs/Paper1/IssuedConcretePorts.lean:246:0: 'Sal.MRDTs.Paper1.ConcreteMRDT.GuardedPorts.Bounded.conditions' depends on axioms: [propext,
 Classical.choice,
 Quot.sound]
info: Sal/MRDTs/Paper1/IssuedConcretePorts.lean:247:0: 'Sal.MRDTs.Paper1.ConcreteMRDT.GuardedPorts.Tree.conditions' depends on axioms: [propext, Classical.choice, Quot.sound]
info: Sal/MRDTs/Paper1/IssuedConcretePorts.lean:248:0: 'Sal.MRDTs.Paper1.ConcreteMRDT.GuardedPorts.Sheet.conditions' depends on axioms: [propext, Classical.choice, Quot.sound]
info: Sal/MRDTs/Paper1/IssuedConcretePorts.lean:249:0: 'Sal.MRDTs.Paper1.ConcreteMRDT.GuardedPorts.Bounded.executionsV' depends on axioms: [propext,
 Classical.choice,
 Quot.sound]
info: Sal/MRDTs/Paper1/IssuedConcretePorts.lean:250:0: 'Sal.MRDTs.Paper1.ConcreteMRDT.GuardedPorts.Tree.executionsV' depends on axioms: [propext, Classical.choice, Quot.sound]
info: Sal/MRDTs/Paper1/IssuedConcretePorts.lean:251:0: 'Sal.MRDTs.Paper1.ConcreteMRDT.GuardedPorts.Sheet.executionsV' depends on axioms: [propext,
 Classical.choice,
 Quot.sound]
ℹ [3544/3588] Replayed Sal.MRDTs.Paper1.RGAIdentified
info: Sal/MRDTs/Paper1/RGAIdentified.lean:533:0: 'Sal.MRDTs.Paper1.RGA.Identified.certifiedStrictRA' depends on axioms: [propext, Classical.choice, Quot.sound]
info: Sal/MRDTs/Paper1/RGAIdentified.lean:534:0: 'Sal.MRDTs.Paper1.RGA.Identified.certifiedStrictRAV' depends on axioms: [propext, Classical.choice, Quot.sound]
info: Sal/MRDTs/Paper1/RGAIdentified.lean:535:0: 'Sal.MRDTs.Paper1.RGA.Identified.certifiedMissingNoopRA' depends on axioms: [propext, Classical.choice, Quot.sound]
info: Sal/MRDTs/Paper1/RGAIdentified.lean:536:0: 'Sal.MRDTs.Paper1.RGA.Identified.certifiedMissingNoopRAV' depends on axioms: [propext, Classical.choice, Quot.sound]
info: Sal/MRDTs/Paper1/RGAIdentified.lean:537:0: 'Sal.MRDTs.Paper1.RGA.Identified.certifiedStrictExecutions' depends on axioms: [propext, Classical.choice, Quot.sound]
info: Sal/MRDTs/Paper1/RGAIdentified.lean:538:0: 'Sal.MRDTs.Paper1.RGA.Identified.certifiedStrictExecutionsV' depends on axioms: [propext, Classical.choice, Quot.sound]
ℹ [3545/3588] Replayed Sal.MRDTs.Paper1.RGAStrict
info: Sal/MRDTs/Paper1/RGAStrict.lean:280:0: 'Sal.MRDTs.Paper1.RGA.Strict.crossed_orders_stuck' does not depend on any axioms
info: Sal/MRDTs/Paper1/RGAStrict.lean:281:0: 'Sal.MRDTs.Paper1.RGA.Strict.crossed_no_continuation' depends on axioms: [propext, Quot.sound]
⚠ [3546/3588] Replayed Sal.MRDTs.Paper1.RGACrossedExecution
warning: Sal/MRDTs/Paper1/RGACrossedExecution.lean:480:47: This simp argument is unused:
  or_false

Hint: Omit it from the simp argument list.
  simp only [̵B̵o̵o̵l̵.̵o̵r̵_̵e̵q̵_̵t̵r̵u̵e̵,̵d̵e̵c̵i̵d̵e̵_̵e̵q̵_̵t̵r̵u̵e̵_̵e̵q̵,̵F̵i̵n̵s̵e̵t̵.̵m̵e̵m̵_̵i̵n̵s̵e̵r̵t̵,̵
  ̵ ̵ ̵ ̵ ̵ ̵ ̵F̵i̵n̵s̵e̵t̵.̵m̵e̵m̵_̵s̵i̵n̵g̵l̵e̵t̵o̵n̵,̵F̵i̵n̵s̵e̵t̵.̵n̵o̵t̵M̵e̵m̵_̵e̵m̵p̵t̵y̵,̵o̵r̵_̵f̵a̵l̵s̵e̵]̵[̲B̲o̲o̲l̲.̲o̲r̲_̲e̲q̲_̲t̲r̲u̲e̲,̲ ̲d̲e̲c̲i̲d̲e̲_̲e̲q̲_̲t̲r̲u̲e̲_̲e̲q̲,̲ ̲F̲i̲n̲s̲e̲t̲.̲m̲e̲m̲_̲i̲n̲s̲e̲r̲t̲,̲ ̲F̲i̲n̲s̲e̲t̲.̲m̲e̲m̲_̲s̲i̲n̲g̲l̲e̲t̲o̲n̲,̲
  ̲ ̲ ̲ ̲ ̲ ̲ ̲F̲i̲n̲s̲e̲t̲.̲n̲o̲t̲M̲e̲m̲_̲e̲m̲p̲t̲y̲]̲

Note: This linter can be disabled with `set_option linter.unusedSimpArgs false`
info: Sal/MRDTs/Paper1/RGACrossedExecution.lean:593:0: 'Sal.MRDTs.Paper1.RGA.CrossedExecution.execution' depends on axioms: [propext, Classical.choice, Quot.sound]
ℹ [3547/3588] Replayed Sal.MRDTs.Paper1.RGAConflict
info: Sal/MRDTs/Paper1/RGAConflict.lean:123:0: 'Sal.MRDTs.Paper1.RGA.root_insert_remove_not_commute' depends on axioms: [propext, Quot.sound]
info: Sal/MRDTs/Paper1/RGAConflict.lean:124:0: 'Sal.MRDTs.Paper1.RGA.anchor_two_insert_remove_one_not_commute' depends on axioms: [propext, Quot.sound]
info: Sal/MRDTs/Paper1/RGAConflict.lean:125:0: 'Sal.MRDTs.Paper1.RGA.specification_conflicts_not_covered' depends on axioms: [propext, Classical.choice, Quot.sound]
⚠ [3548/3588] Replayed Sal.MRDTs.Paper1.RGAStrictInvestigation
warning: Sal/MRDTs/Paper1/RGAStrictInvestigation.lean:249:8: This simp argument is unused:
  Trace.deleteOne

Hint: Omit it from the simp argument list.
  simp [Op.op, Trace.rootOne, Trace.rootTwo, T̵r̵a̵c̵e̵.̵d̵e̵l̵e̵t̵e̵O̵n̵e̵,̵ ̵Trace.afterTwo, Trace.deleteTwo,
  ̲  ̲ ̲ ̲ ̲ ̲ ̲ ̲Trace.afterOne] at hop

Note: This linter can be disabled with `set_option linter.unusedSimpArgs false`
warning: Sal/MRDTs/Paper1/RGAStrictInvestigation.lean:256:41: This simp argument is unused:
  Trace.deleteTwo

Hint: Omit it from the simp argument list.
  simp [Op.op, Trace.rootOne, Trace.rootTwo, Trace.deleteOne, Trace.afterTwo,
  ̲  ̲ ̲ ̲ ̲ ̲ ̲ ̲T̵r̵a̵c̵e̵.̵d̵e̵l̵e̵t̵e̵T̵w̵o̵,̵ ̵Trace.afterOne] at hop

Note: This linter can be disabled with `set_option linter.unusedSimpArgs false`
info: Sal/MRDTs/Paper1/RGAStrictInvestigation.lean:361:0: 'Sal.MRDTs.Paper1.RGA.Strict.Investigation.insert_remove_not_commute' depends on axioms: [propext, Quot.sound]
info: Sal/MRDTs/Paper1/RGAStrictInvestigation.lean:362:0: 'Sal.MRDTs.Paper1.RGA.Strict.Investigation.crossed_no_history' depends on axioms: [propext,
 Classical.choice,
 Quot.sound]
info: Sal/MRDTs/Paper1/RGAStrictInvestigation.lean:363:0: 'Sal.MRDTs.Paper1.RGA.Strict.Investigation.crossed_not_specificationRA' depends on axioms: [propext,
 Classical.choice,
 Quot.sound]
ℹ [3549/3588] Replayed Sal.MRDTs.Paper1.RGACrossedEvidence
info: Sal/MRDTs/Paper1/RGACrossedEvidence.lean:248:0: 'Sal.MRDTs.Paper1.RGA.CrossedExecution.Evidence.issuer_guard' depends on axioms: [propext, Classical.choice, Quot.sound]
info: Sal/MRDTs/Paper1/RGACrossedEvidence.lean:249:0: 'Sal.MRDTs.Paper1.RGA.CrossedExecution.Evidence.mint_honest' depends on axioms: [propext, Classical.choice, Quot.sound]
info: Sal/MRDTs/Paper1/RGACrossedEvidence.lean:250:0: 'Sal.MRDTs.Paper1.RGA.CrossedExecution.Evidence.mint_certified' depends on axioms: [propext,
 Classical.choice,
 Quot.sound]
info: Sal/MRDTs/Paper1/RGACrossedEvidence.lean:251:0: 'Sal.MRDTs.Paper1.RGA.CrossedExecution.Evidence.final_read' depends on axioms: [propext, Classical.choice, Quot.sound]
info: Sal/MRDTs/Paper1/RGACrossedEvidence.lean:252:0: 'Sal.MRDTs.Paper1.RGA.CrossedExecution.Evidence.final_query' depends on axioms: [propext, Classical.choice, Quot.sound]
info: Sal/MRDTs/Paper1/RGACrossedEvidence.lean:253:0: 'Sal.MRDTs.Paper1.RGA.CrossedExecution.Evidence.strict_failure' depends on axioms: [propext,
 Classical.choice,
 Quot.sound]
info: Sal/MRDTs/Paper1/RGACrossedEvidence.lean:254:0: 'Sal.MRDTs.Paper1.RGA.CrossedExecution.Evidence.certified_strict_counterexample' depends on axioms: [propext,
 Classical.choice,
 Quot.sound]
⚠ [3555/3588] Replayed Sal.MRDTs.Paper1.PolicyObstructions
warning: Sal/MRDTs/Paper1/PolicyObstructions.lean:65:40: This simp argument is unused:
  or_assoc

Hint: Omit it from the simp argument list.
  simp [D, update, Instances.MVR.clientStep, writeValue, overwrites,
  ̵  ̵ ̵ ̵unrelatedBirth,
  ̲  ̲ ̲ ̲unrelatedOverwrite, or_a̵s̵s̵o̵c̵,̵ ̵o̵r̵_̵left_comm, or_comm]

Note: This linter can be disabled with `set_option linter.unusedSimpArgs false`
warning: Sal/MRDTs/Paper1/PolicyObstructions.lean:65:50: This simp argument is unused:
  or_left_comm

Hint: Omit it from the simp argument list.
  simp [D, update, Instances.MVR.clientStep, writeValue, overwrites,
  ̵  ̵ ̵ ̵unrelatedBirth,
  ̲  ̲ ̲ ̲unrelatedOverwrite, or_assoc, or_l̵e̵f̵t̵_̵comm,̵ ̵o̵r̵_̵c̵o̵m̵m̵]

Note: This linter can be disabled with `set_option linter.unusedSimpArgs false`
info: Sal/MRDTs/Paper1/PolicyObstructions.lean:88:0: 'Sal.MRDTs.Paper1.PolicyObstructions.Queue.no_restricted_policy' depends on axioms: [propext, Quot.sound]
info: Sal/MRDTs/Paper1/PolicyObstructions.lean:89:0: 'Sal.MRDTs.Paper1.PolicyObstructions.MVR.no_restricted_policy' depends on axioms: [propext,
 Classical.choice,
 Quot.sound]
ℹ [3557/3588] Replayed Sal.MRDTs.Paper1.GuardedQueueMVR
info: Sal/MRDTs/Paper1/GuardedQueueMVR.lean:79:0: 'Sal.MRDTs.Paper1.GuardedQueueMVR.Queue.no_raw_laws' depends on axioms: [propext, Quot.sound]
info: Sal/MRDTs/Paper1/GuardedQueueMVR.lean:80:0: 'Sal.MRDTs.Paper1.GuardedQueueMVR.MVR.no_raw_laws' depends on axioms: [propext, Classical.choice, Quot.sound]
info: Sal/MRDTs/Paper1/GuardedQueueMVR.lean:81:0: 'Sal.MRDTs.Paper1.GuardedQueueMVR.Queue.control' depends on axioms: [propext, Quot.sound]
info: Sal/MRDTs/Paper1/GuardedQueueMVR.lean:82:0: 'Sal.MRDTs.Paper1.GuardedQueueMVR.MVR.origin_control' depends on axioms: [propext, Classical.choice, Quot.sound]
ℹ [3558/3588] Replayed Sal.MRDTs.Paper1.GuardedRGAObstructions
info: Sal/MRDTs/Paper1/GuardedRGAObstructions.lean:305:0: 'Sal.MRDTs.Paper1.GuardedRGAObstructions.embedded_guarded_control' depends on axioms: [propext,
 Classical.choice,
 Quot.sound]
info: Sal/MRDTs/Paper1/GuardedRGAObstructions.lean:306:0: 'Sal.MRDTs.Paper1.GuardedRGAObstructions.sided_guarded_control' depends on axioms: [propext,
 Classical.choice,
 Quot.sound]
info: Sal/MRDTs/Paper1/GuardedRGAObstructions.lean:307:0: 'Sal.MRDTs.Paper1.GuardedRGAObstructions.embedded_never_issuable' depends on axioms: [propext, Quot.sound]
info: Sal/MRDTs/Paper1/GuardedRGAObstructions.lean:308:0: 'Sal.MRDTs.Paper1.GuardedRGAObstructions.core_never_issuable' depends on axioms: [propext, Classical.choice, Quot.sound]
info: Sal/MRDTs/Paper1/GuardedRGAObstructions.lean:309:0: 'Sal.MRDTs.Paper1.GuardedRGAObstructions.RegisteredFugueMax.never_issuable' depends on axioms: [propext,
 Classical.choice,
 Quot.sound]
info: Sal/MRDTs/Paper1/GuardedRGAObstructions.lean:311:0: 'Sal.MRDTs.Paper1.GuardedRGAObstructions.embedded_no_laws' depends on axioms: [propext, Classical.choice, Quot.sound]
info: Sal/MRDTs/Paper1/GuardedRGAObstructions.lean:312:0: 'Sal.MRDTs.Paper1.GuardedRGAObstructions.Sided.no_laws' depends on axioms: [propext, Classical.choice, Quot.sound]
info: Sal/MRDTs/Paper1/GuardedRGAObstructions.lean:313:0: 'Sal.MRDTs.Paper1.GuardedRGAObstructions.peritext_no_laws' depends on axioms: [propext, Classical.choice, Quot.sound]
info: Sal/MRDTs/Paper1/GuardedRGAObstructions.lean:314:0: 'Sal.MRDTs.Paper1.GuardedRGAObstructions.SidedPeritext.core_no_laws' depends on axioms: [propext,
 Classical.choice,
 Quot.sound]
info: Sal/MRDTs/Paper1/GuardedRGAObstructions.lean:315:0: 'Sal.MRDTs.Paper1.GuardedRGAObstructions.SidedPeritext.rich_no_laws' depends on axioms: [propext,
 Classical.choice,
 Quot.sound]
info: Sal/MRDTs/Paper1/GuardedRGAObstructions.lean:316:0: 'Sal.MRDTs.Paper1.GuardedRGAObstructions.RegisteredFugueMax.no_laws' depends on axioms: [propext,
 Classical.choice,
 Quot.sound]
ℹ [3560/3588] Replayed Sal.MRDTs.Paper1.GuardedLWWPort
info: Sal/MRDTs/Paper1/GuardedLWWPort.lean:113:0: 'Sal.MRDTs.Paper1.LWW.GuardedPort.history' depends on axioms: [propext, Classical.choice, Quot.sound]
info: Sal/MRDTs/Paper1/GuardedLWWPort.lean:114:0: 'Sal.MRDTs.Paper1.LWW.GuardedPort.certificate' depends on axioms: [propext, Classical.choice, Quot.sound]
info: Sal/MRDTs/Paper1/GuardedLWWPort.lean:115:0: 'Sal.MRDTs.Paper1.LWW.GuardedPort.executionsV' depends on axioms: [propext, Classical.choice, Quot.sound]
info: Sal/MRDTs/Paper1/GuardedLWWPort.lean:116:0: 'Sal.MRDTs.Paper1.LWW.GuardedPort.convergence' depends on axioms: [propext, Classical.choice, Quot.sound]
⚠ [3567/3588] Replayed Sal.MRDTs.Paper1.CertifiedMVRVC
warning: Sal/MRDTs/Paper1/CertifiedMVRVC.lean:91:58: try 'simp' instead of 'simpa'

Note: This linter can be disabled with `set_option linter.unnecessarySimpa false`
warning: Sal/MRDTs/Paper1/CertifiedMVRVC.lean:151:51: try 'simp' instead of 'simpa'

Note: This linter can be disabled with `set_option linter.unnecessarySimpa false`
ℹ [3568/3588] Replayed Sal.MRDTs.Paper1.CertifiedMVRExecution
info: Sal/MRDTs/Paper1/CertifiedMVRExecution.lean:270:0: 'Sal.MRDTs.Paper1.CertifiedQueueMVR.MVR.Execution.vcVirtualMergeBaseStateRepresents' depends on axioms: [propext,
 Classical.choice,
 Quot.sound]
info: Sal/MRDTs/Paper1/CertifiedMVRExecution.lean:271:0: 'Sal.MRDTs.Paper1.CertifiedQueueMVR.MVR.Execution.representedConfig' depends on axioms: [propext,
 Classical.choice,
 Quot.sound]
info: Sal/MRDTs/Paper1/CertifiedMVRExecution.lean:272:0: 'Sal.MRDTs.Paper1.CertifiedQueueMVR.MVR.Execution.representedVersions' depends on axioms: [propext,
 Classical.choice,
 Quot.sound]
ℹ [3571/3588] Replayed Sal.MRDTs.Paper1.CertifiedQueueMVRQueue
info: Sal/MRDTs/Paper1/CertifiedQueueMVRQueue.lean:366:0: 'Sal.MRDTs.Paper1.CertifiedQueueMVR.Queue.certified' depends on axioms: [propext, Classical.choice, Quot.sound]
info: Sal/MRDTs/Paper1/CertifiedQueueMVRQueue.lean:367:0: 'Sal.MRDTs.Paper1.CertifiedQueueMVR.Queue.no_local_payload_policy' depends on axioms: [propext,
 Classical.choice,
 Quot.sound]
ℹ [3574/3588] Replayed Sal.MRDTs.Paper1.ORSetSPOT
info: Sal/MRDTs/Paper1/ORSetSPOT.lean:63:0: 'Sal.MRDTs.Paper1.ORSet.SPOT.retains_all_adds' depends on axioms: [propext, Classical.choice, Quot.sound]
info: Sal/MRDTs/Paper1/ORSetSPOT.lean:64:0: 'Sal.MRDTs.Paper1.ORSet.SPOT.removes_all_adds' depends on axioms: [propext, Classical.choice, Quot.sound]
info: Sal/MRDTs/Paper1/ORSetSPOT.lean:65:0: 'Sal.MRDTs.Paper1.ORSet.SPOT.defeater_union' depends on axioms: [propext, Classical.choice, Quot.sound]
⚠ [3575/3588] Replayed Sal.MRDTs.Paper1.ORSetExecution
warning: Sal/MRDTs/Paper1/ORSetExecution.lean:529:38: this tactic is never executed

Note: This linter can be disabled with `set_option linter.unreachableTactic false`
warning: Sal/MRDTs/Paper1/ORSetExecution.lean:529:38: 'tauto' tactic does nothing

Note: This linter can be disabled with `set_option linter.unusedTactic false`
warning: Sal/MRDTs/Paper1/ORSetExecution.lean:551:34: Used `tac1 <;> tac2` where `(tac1; tac2)` would suffice

Note: This linter can be disabled with `set_option linter.unnecessarySeqFocus false`
warning: Sal/MRDTs/Paper1/ORSetExecution.lean:573:34: Used `tac1 <;> tac2` where `(tac1; tac2)` would suffice

Note: This linter can be disabled with `set_option linter.unnecessarySeqFocus false`
warning: Sal/MRDTs/Paper1/ORSetExecution.lean:595:38: this tactic is never executed

Note: This linter can be disabled with `set_option linter.unreachableTactic false`
warning: Sal/MRDTs/Paper1/ORSetExecution.lean:595:38: 'tauto' tactic does nothing

Note: This linter can be disabled with `set_option linter.unusedTactic false`
warning: Sal/MRDTs/Paper1/ORSetExecution.lean:617:34: Used `tac1 <;> tac2` where `(tac1; tac2)` would suffice

Note: This linter can be disabled with `set_option linter.unnecessarySeqFocus false`
warning: Sal/MRDTs/Paper1/ORSetExecution.lean:636:34: Used `tac1 <;> tac2` where `(tac1; tac2)` would suffice

Note: This linter can be disabled with `set_option linter.unnecessarySeqFocus false`
warning: Sal/MRDTs/Paper1/ORSetExecution.lean:655:34: Used `tac1 <;> tac2` where `(tac1; tac2)` would suffice

Note: This linter can be disabled with `set_option linter.unnecessarySeqFocus false`
info: Sal/MRDTs/Paper1/ORSetExecution.lean:737:0: 'Sal.MRDTs.Paper1.ORSet.Execution.defeater_execution' depends on axioms: [propext, Classical.choice, Quot.sound]
info: Sal/MRDTs/Paper1/ORSetExecution.lean:738:0: 'Sal.MRDTs.Paper1.ORSet.Execution.defeater_ra_execution' depends on axioms: [propext, Classical.choice, Quot.sound]
info: Sal/MRDTs/Paper1/ORSetExecution.lean:739:0: 'Sal.MRDTs.Paper1.ORSet.Execution.figure_states' depends on axioms: [propext, Classical.choice, Quot.sound]
⚠ [3576/3588] Replayed Sal.MRDTs.Paper1.RGAAllocatingInvestigation
warning: Sal/MRDTs/Paper1/RGAAllocatingInvestigation.lean:156:77: 'grind' tactic does nothing

Note: This linter can be disabled with `set_option linter.unusedTactic false`
warning: Sal/MRDTs/Paper1/RGAAllocatingInvestigation.lean:160:84: 'grind' tactic does nothing

Note: This linter can be disabled with `set_option linter.unusedTactic false`
warning: Sal/MRDTs/Paper1/RGAAllocatingInvestigation.lean:156:77: this tactic is never executed

Note: This linter can be disabled with `set_option linter.unreachableTactic false`
warning: Sal/MRDTs/Paper1/RGAAllocatingInvestigation.lean:160:84: this tactic is never executed

Note: This linter can be disabled with `set_option linter.unreachableTactic false`
warning: Sal/MRDTs/Paper1/RGAAllocatingInvestigation.lean:173:15: This simp argument is unused:
  allocationNext

Hint: Omit it from the simp argument list.
  simp only [̵a̵l̵l̵o̵c̵a̵t̵i̵o̵n̵N̵e̵x̵t̵,̵ ̵p̵r̵o̵j̵e̵c̵t̵i̵o̵n̵,̵[̲p̲r̲o̲j̲e̲c̲t̲i̲o̲n̲,̲ decide_eq_false hf, Bool.false_eq_true, ↓reduceIte, List.mem_singleton]

Note: This linter can be disabled with `set_option linter.unusedSimpArgs false`
warning: Sal/MRDTs/Paper1/RGAAllocatingInvestigation.lean:176:12: This simp argument is unused:
  projection

Hint: Omit it from the simp argument list.
  simp [p̵r̵o̵j̵e̵c̵t̵i̵o̵n̵,̵ ̵mem_insert_exact, filtered_insert_length, hf, Bool.or_assoc, Bool.or_left_comm,
  ̲  ̲ ̲ ̲ ̲ ̲ ̲ ̲Bool.or_comm]

Note: This linter can be disabled with `set_option linter.unusedSimpArgs false`
warning: Sal/MRDTs/Paper1/RGAAllocatingInvestigation.lean:176:85: This simp argument is unused:
  Bool.or_left_comm

Hint: Omit it from the simp argument list.
  simp [projection, mem_insert_exact, filtered_insert_length, hf, Bool.or_assoc, B̵o̵o̵l̵.̵o̵r̵_̵l̵e̵f̵t̵_̵c̵o̵m̵m̵,̵ ̵Bool.or_comm]

Note: This linter can be disabled with `set_option linter.unusedSimpArgs false`
warning: Sal/MRDTs/Paper1/RGAAllocatingInvestigation.lean:185:14: This simp argument is unused:
  projection

Hint: Omit it from the simp argument list.
  simp [̵p̵r̵o̵j̵e̵c̵t̵i̵o̵n̵,̵ ̵m̵e̵m̵_̵i̵n̵s̵e̵r̵t̵_̵e̵x̵a̵c̵t̵,̵[̲m̲e̲m̲_̲i̲n̲s̲e̲r̲t̲_̲e̲x̲a̲c̲t̲,̲ filtered_insert_length, hf, Bool.or_assoc, Bool.or_left_comm,
  ̲  ̲ ̲ ̲ ̲ ̲ ̲ ̲ ̲ ̲Bool.or_comm]

Note: This linter can be disabled with `set_option linter.unusedSimpArgs false`
warning: Sal/MRDTs/Paper1/RGAAllocatingInvestigation.lean:185:87: This simp argument is unused:
  Bool.or_left_comm

Hint: Omit it from the simp argument list.
  simp [projection, mem_insert_exact, filtered_insert_length, hf, Bool.or_assoc, B̵o̵o̵l̵.̵o̵r̵_̵l̵e̵f̵t̵_̵c̵o̵m̵m̵,̵ ̵Bool.or_comm]

Note: This linter can be disabled with `set_option linter.unusedSimpArgs false`
ℹ [3577/3588] Replayed Sal.MRDTs.Paper1.RGAAllocatingCounterexample
info: Sal/MRDTs/Paper1/RGAAllocatingCounterexample.lean:114:0: 'Sal.MRDTs.Paper1.RGA.AllocatingCounterexample.not_specificationRA' depends on axioms: [propext,
 Classical.choice,
 Quot.sound]
info: Sal/MRDTs/Paper1/RGAAllocatingCounterexample.lean:115:0: 'Sal.MRDTs.Paper1.RGA.AllocatingCounterexample.certified_counterexample' depends on axioms: [propext,
 Classical.choice,
 Quot.sound]
ℹ [3578/3588] Replayed Sal.MRDTs.Paper1.RGAComparison
info: Sal/MRDTs/Paper1/RGAComparison.lean:41:0: 'Sal.MRDTs.Paper1.RGA.Comparison.strict_alphabet_comparison' depends on axioms: [propext, Classical.choice, Quot.sound]
info: Sal/MRDTs/Paper1/RGAComparison.lean:42:0: 'Sal.MRDTs.Paper1.RGA.Comparison.identified_missing_noop' depends on axioms: [propext, Classical.choice, Quot.sound]
info: Sal/MRDTs/Paper1/RGAComparison.lean:76:0: 'Sal.MRDTs.Paper1.RGA.Comparison.same_execution_comparison' depends on axioms: [propext, Classical.choice, Quot.sound]
info: Sal/MRDTs/Paper1/RGAComparison.lean:77:0: 'Sal.MRDTs.Paper1.RGA.Comparison.not_every_certified_allocating' depends on axioms: [propext,
 Classical.choice,
 Quot.sound]
ℹ [3579/3588] Replayed Sal.MRDTs.Paper1.RGAEventMigration
info: Sal/MRDTs/Paper1/RGAEventMigration.lean:87:0: 'Sal.MRDTs.Paper1.RGA.EventMigration.certified' depends on axioms: [propext, Classical.choice, Quot.sound]
info: Sal/MRDTs/Paper1/RGAEventMigration.lean:88:0: 'Sal.MRDTs.Paper1.RGA.EventMigration.history' depends on axioms: [propext, Classical.choice, Quot.sound]
info: Sal/MRDTs/Paper1/RGAEventMigration.lean:89:0: 'Sal.MRDTs.Paper1.RGA.EventMigration.certifiedV' depends on axioms: [propext, Classical.choice, Quot.sound]
info: Sal/MRDTs/Paper1/RGAEventMigration.lean:90:0: 'Sal.MRDTs.Paper1.RGA.EventMigration.crossed_control' depends on axioms: [propext, Classical.choice, Quot.sound]
ℹ [3580/3588] Replayed Sal.MRDTs.Paper1.RGAEmbeddingObstructions
info: Sal/MRDTs/Paper1/RGAEmbeddingObstructions.lean:201:0: 'Sal.MRDTs.Paper1.RGA.EmbeddingObstructions.Embedded.no_restricted_policy' depends on axioms: [propext,
 Classical.choice,
 Quot.sound]
info: Sal/MRDTs/Paper1/RGAEmbeddingObstructions.lean:202:0: 'Sal.MRDTs.Paper1.RGA.EmbeddingObstructions.Plain.production_chain_control' depends on axioms: [propext,
 Classical.choice,
 Quot.sound]
info: Sal/MRDTs/Paper1/RGAEmbeddingObstructions.lean:203:0: 'Sal.MRDTs.Paper1.RGA.EmbeddingObstructions.Sided.no_restricted_policy' depends on axioms: [propext,
 Classical.choice,
 Quot.sound]
info: Sal/MRDTs/Paper1/RGAEmbeddingObstructions.lean:204:0: 'Sal.MRDTs.Paper1.RGA.EmbeddingObstructions.FugueMax.no_restricted_policy' depends on axioms: [propext,
 Classical.choice,
 Quot.sound]
info: Sal/MRDTs/Paper1/RGAEmbeddingObstructions.lean:205:0: 'Sal.MRDTs.Paper1.RGA.EmbeddingObstructions.peritext_no_restricted_policy' depends on axioms: [propext,
 Classical.choice,
 Quot.sound]
info: Sal/MRDTs/Paper1/RGAEmbeddingObstructions.lean:206:0: 'Sal.MRDTs.Paper1.RGA.EmbeddingObstructions.SidedPeritext.core_no_restricted_policy' depends on axioms: [propext,
 Classical.choice,
 Quot.sound]
info: Sal/MRDTs/Paper1/RGAEmbeddingObstructions.lean:207:0: 'Sal.MRDTs.Paper1.RGA.EmbeddingObstructions.SidedPeritext.rich_no_restricted_policy' depends on axioms: [propext,
 Classical.choice,
 Quot.sound]
info: Sal/MRDTs/Paper1/RGAEmbeddingObstructions.lean:208:0: 'Sal.MRDTs.Paper1.RGA.EmbeddingObstructions.RegisteredFugueMax.no_restricted_policy' depends on axioms: [propext,
 Classical.choice,
 Quot.sound]
ℹ [3581/3588] Replayed Sal.MRDTs.Paper1.MigrationCoverage
info: Sal/MRDTs/Paper1/MigrationCoverage.lean:154:0: 'Sal.MRDTs.Paper1.MigrationCoverage.packages_eq_production' depends on axioms: [propext, Classical.choice, Quot.sound]
info: Sal/MRDTs/Paper1/MigrationCoverage.lean:155:0: 'Sal.MRDTs.Paper1.MigrationCoverage.counts' depends on axioms: [propext, Classical.choice, Quot.sound]
info: Sal/MRDTs/Paper1/MigrationCoverage.lean:156:0: 'Sal.MRDTs.Paper1.MigrationCoverage.exactORSet' depends on axioms: [propext, Classical.choice, Quot.sound]
info: Sal/MRDTs/Paper1/MigrationCoverage.lean:157:0: 'Sal.MRDTs.Paper1.MigrationCoverage.efficient_direct' depends on axioms: [propext, Classical.choice, Quot.sound]
ℹ [3582/3588] Replayed Sal.MRDTs.Paper1.ORSetBridgeControls
info: Sal/MRDTs/Paper1/ORSetBridgeControls.lean:73:0: 'Sal.MRDTs.Paper1.ORSetBridgeControls.exact_remove_control' depends on axioms: [propext, Classical.choice, Quot.sound]
info: Sal/MRDTs/Paper1/ORSetBridgeControls.lean:74:0: 'Sal.MRDTs.Paper1.ORSetBridgeControls.efficient_remove_control' depends on axioms: [propext,
 Classical.choice,
 Quot.sound]
info: Sal/MRDTs/Paper1/ORSetBridgeControls.lean:75:0: 'Sal.MRDTs.Paper1.ORSetBridgeControls.mutant_causal_control' depends on axioms: [propext]
info: Sal/MRDTs/Paper1/ORSetBridgeControls.lean:76:0: 'Sal.MRDTs.Paper1.ORSetBridgeControls.mutant_compatibility_fails' depends on axioms: [propext,
 Classical.choice,
 Quot.sound]
info: Sal/MRDTs/Paper1/ORSetBridgeControls.lean:77:0: 'Sal.MRDTs.Paper1.ORSetBridgeControls.compatibility_controls' depends on axioms: [propext, Classical.choice, Quot.sound]
ℹ [3585/3588] Replayed Sal.MRDTs.Paper1.Ledger
info: Sal/MRDTs/Paper1/Ledger.lean:75:0: Sal.MRDTs.Paper1.HistorySpec (Update Query Value : Type) : Type
info: Sal/MRDTs/Paper1/Ledger.lean:76:0: Sal.MRDTs.Paper1.HistoryMachine.toSpec {U Q V : Type} (M : HistoryMachine U Q V) : HistorySpec U Q V
info: Sal/MRDTs/Paper1/Ledger.lean:77:0: Sal.MRDTs.Paper1.OperationPolicy (Update : Type) : Type
info: Sal/MRDTs/Paper1/Ledger.lean:78:0: Sal.MRDTs.Paper1.RestrictedLaws (D : Foundation.UpdateSig) (P : OperationPolicy D.AppOp) : Prop
info: Sal/MRDTs/Paper1/Ledger.lean:79:0: Sal.MRDTs.Paper1.paperOrder {D : Foundation.UpdateSig} (P : OperationPolicy D.AppOp) (C : Foundation.ReplayContext D)
  (events : Set (Foundation.Op D.AppOp)) (a b : Foundation.Op D.AppOp) : Prop
info: Sal/MRDTs/Paper1/Ledger.lean:80:0: Sal.MRDTs.Paper1.RALinearizable (D : MRDTSig) (P : OperationPolicy D.AppOp) (S : HistorySpec D.AppOp D.Query D.Value)
  (C : Configuration D) : Prop
info: Sal/MRDTs/Paper1/Ledger.lean:81:0: Sal.MRDTs.Paper1.RAExecution (D : MRDTSig) (P : OperationPolicy D.AppOp) (S : HistorySpec D.AppOp D.Query D.Value)
  (initial : Configuration D) (trace : List (Label D × Configuration D)) : Prop
info: Sal/MRDTs/Paper1/Ledger.lean:82:0: Sal.MRDTs.Paper1.RAImplementation (D : MRDTSig) (P : OperationPolicy D.AppOp)
  (S : HistorySpec D.AppOp D.Query D.Value) : Prop
info: Sal/MRDTs/Paper1/Ledger.lean:83:0: Sal.MRDTs.Paper1.UniformVersionsRALinearizable (D : MRDTSig) (P : OperationPolicy D.AppOp)
  (S : HistorySpec D.AppOp D.Query D.Value) (C : Configuration D) : Prop
info: Sal/MRDTs/Paper1/Ledger.lean:84:0: Sal.MRDTs.Paper1.CertifiedRA (D : MRDTSig) (P : OperationPolicy D.AppOp) (S : HistorySpec D.AppOp D.Query D.Value)
  (I : Issuance D) : Prop
info: Sal/MRDTs/Paper1/Ledger.lean:85:0: Sal.MRDTs.Paper1.CertifiedRAV (D : MRDTSig) (P : OperationPolicy D.AppOp) (S : HistorySpec D.AppOp D.Query D.Value)
  (I : Issuance D) : Prop
info: Sal/MRDTs/Paper1/Ledger.lean:86:0: Sal.MRDTs.Paper1.PaperMergeVCs (D : MRDTSig) (P : OperationPolicy D.AppOp) : Prop
info: Sal/MRDTs/Paper1/Ledger.lean:87:0: Sal.MRDTs.Paper1.SequentialSimulation (D : MRDTSig) (M : DeterministicSpec D.AppOp D.Query D.Value) : Type
info: Sal/MRDTs/Paper1/Ledger.lean:88:0: Sal.MRDTs.Paper1.IssuedHistoryAdequacy (D : MRDTSig) (P : OperationPolicy D.AppOp)
  (S : HistorySpec D.AppOp D.Query D.Value) (I : Issuance D) : Prop
info: Sal/MRDTs/Paper1/Ledger.lean:89:0: Sal.MRDTs.Paper1.SpecificationRALinearizable (D : MRDTSig) (P : OperationPolicy D.AppOp)
  (S : HistorySpec D.AppOp D.Query D.Value) (C : Configuration D) : Prop
info: Sal/MRDTs/Paper1/Ledger.lean:90:0: Sal.MRDTs.Paper1.ConcreteMRDT.Representation (D : MRDTSig) : Type
info: Sal/MRDTs/Paper1/Ledger.lean:91:0: Sal.MRDTs.Paper1.ConcreteMRDT.Canonical {D : MRDTSig} (P : OperationPolicy D.AppOp)
  (C : Foundation.ReplayContext D.toUpdateSig) (E : Set (Foundation.Op D.AppOp)) (s : D.State) : Prop
info: Sal/MRDTs/Paper1/Ledger.lean:92:0: Sal.MRDTs.Paper1.ConcreteMRDT.Raw.MergeVCs {D : MRDTSig} (P : OperationPolicy D.AppOp)
  (R : ConcreteMRDT.Representation D)
  (scheme : (C : Foundation.ReplayContext D.toUpdateSig) → ConcreteMRDT.MetadataDependencies C) : Prop
info: Sal/MRDTs/Paper1/Ledger.lean:93:0: Sal.MRDTs.Paper1.ConcreteMRDT.ScopedCertificate {D : MRDTSig} (P : OperationPolicy D.AppOp)
  (S : HistorySpec (Foundation.Op D.AppOp) D.Query D.Value) (I : Issuance D) : Prop
info: Sal/MRDTs/Paper1/Ledger.lean:94:0: Sal.MRDTs.Paper1.ConcreteMRDT.VCReplayConditions {D : MRDTSig} (P : OperationPolicy D.AppOp) (I : Issuance D) : Type
⚠ [3587/3588] Replayed Sal.MRDTs.Paper1.Automation.ORSetAutomationControls
warning: Sal/MRDTs/Paper1/Automation/ORSetAutomationControls.lean:86:2: Try `simp at member` instead of `simpa using member`

Note: This linter can be disabled with `set_option linter.unnecessarySimpa false`
warning: Sal/MRDTs/Paper1/Automation/ORSetAutomationControls.lean:101:13: This simp argument is unused:
  Set.mem_singleton_iff

Hint: Omit it from the simp argument list.
  simp only [̵S̵e̵t̵.̵m̵e̵m̵_̵s̵i̵n̵g̵l̵e̵t̵o̵n̵_̵i̵f̵f̵]̵ ̵at ha hb

Note: This linter can be disabled with `set_option linter.unusedSimpArgs false`
warning: Sal/MRDTs/Paper1/Automation/ORSetAutomationControls.lean:107:13: This simp argument is unused:
  Set.mem_singleton_iff

Hint: Omit it from the simp argument list.
  simp only [̵S̵e̵t̵.̵m̵e̵m̵_̵s̵i̵n̵g̵l̵e̵t̵o̵n̵_̵i̵f̵f̵]̵ ̵at ha hb

Note: This linter can be disabled with `set_option linter.unusedSimpArgs false`
warning: Sal/MRDTs/Paper1/Automation/ORSetAutomationControls.lean:123:1: Try `simp at member` instead of `simpa using member`

Note: This linter can be disabled with `set_option linter.unnecessarySimpa false`
ℹ [3588/3588] Replayed Sal.MRDTs.Paper1.Automation.OrderedAutomationControls
info: Sal/MRDTs/Paper1/Automation/OrderedAutomationControls.lean:55:0: 'Sal.MRDTs.Paper1.Automation.OrderedAutomationControls.freshKit' depends on axioms: [propext,
 Classical.choice,
 Quot.sound]
info: Sal/MRDTs/Paper1/Automation/OrderedAutomationControls.lean:69:2: ORDERED_REJECT internal exception #5
info: Sal/MRDTs/Paper1/Automation/OrderedAutomationControls.lean:78:2: ORDERED_REJECT Unknown identifier `missingOrderedDescription`
info: Sal/MRDTs/Paper1/Automation/OrderedAutomationControls.lean:117:2: ORDERED_REJECT `grind` failed
case grind.1.1
Γ : Sal.EmbedRGA.OrderedPrefixCode
s : (Sal.MRDTs.Paper1.Automation.OrderedAutomationControls.brokenUpdate Γ).State
p : Sal.MRDTs.Instances.EmbedRGA.ERec
t : Sal.MRDTs.Foundation.Timestamp
r : Sal.MRDTs.Foundation.Replica
e : ℕ
π : List Bool
a : ℕ
fresh : ∀ p ∈ s, p.1 ≠ t
absent : t ∉ List.map Prod.fst s
fst fst_1 : ℕ
snd_1 : List Bool
h_1 : (fst, fst_1, snd_1) = p
h_2 : p = (t, e, π ++ Γ.enc (t - a))
h_3 : -1 * ↑t + ↑a ≤ 0
⊢ False
[grind] Goal diagnostics
  [facts] Asserted facts
    [prop] ∀ p ∈ s, ¬p.1 = t
    [prop] t ∉ List.map Prod.fst s
    [prop] p = (t, e, π ++ Γ.enc (t - a)) ∨ p ∈ s
    [prop] ↑(t - a) = if -1 * ↑t + ↑a ≤ 0 then ↑t + -1 * ↑a else 0
    [prop] p ∈ s → ¬p.1 = t
    [prop] (t ∈ List.map Prod.fst s) = ∃ a ∈ s, a.1 = t
    [prop] ∀ p ∈ s, ¬p.1 = t
    [prop] (fst, fst_1, snd_1) = p
    [prop] p = (t, e, π ++ Γ.enc (t - a))
    [prop] -1 * ↑t + ↑a ≤ 0
  [eqc] True propositions
    [prop] p = (t, e, π ++ Γ.enc (t - a)) ∨ p ∈ s
    [prop] p = (t, e, π ++ Γ.enc (t - a))
    [prop] -1 * ↑t + ↑a ≤ 0
    [prop] ∀ p ∈ s, ¬p.1 = t
    [prop] (t ∈ List.map Prod.fst s) = ∃ a ∈ s, a.1 = t
    [prop] p.1 = t
    [prop] p ∈ s → ¬p.1 = t
  [eqc] False propositions
    [prop] t ∈ List.map Prod.fst s
    [prop] p ∈ s
    [prop] ¬p.1 = t
    [prop] ∃ a ∈ s, a.1 = t
  [eqc] Equivalence classes
    [eqc] {p, (t, e, π ++ Γ.enc (t - a)), (fst, fst_1, snd_1), (p.1, p.2)}
    [eqc] {t, fst, p.1}
      [eqc] {(t, e, π ++ Γ.enc (t - a)).1, (p.1, p.2).1}
    [eqc] {e, fst_1, p.2.1, (t, e, π ++ Γ.enc (t - a)).2.1, (p.1, p.2).2.1}
      [eqc] {(e, π ++ Γ.enc (t - a)).1, (p.2.1, p.2.2).1}
    [eqc] {snd_1, p.2.2, (t, e, π ++ Γ.enc (t - a)).2.2, (p.1, p.2).2.2, π ++ Γ.enc (t - a)}
      [eqc] {(e, π ++ Γ.enc (t - a)).2, (p.2.1, p.2.2).2}
    [eqc] {p.2,
        (e, π ++ Γ.enc (t - a)),
        (fst_1, snd_1),
        (p.2.1, p.2.2),
        ((t, e, π ++ Γ.enc (t - a)).2.1, (t, e, π ++ Γ.enc (t - a)).2.2),
        ((p.1, p.2).2.1, (p.1, p.2).2.2)}
      [eqc] {(t, e, π ++ Γ.enc (t - a)).2, (p.1, p.2).2}
    [eqc] others
      [eqc] {↑(t - a), if -1 * ↑t + ↑a ≤ 0 then ↑t + -1 * ↑a else 0, ↑t + -1 * ↑a}
  [cases] Case analyses
    [cases] [1/1]: p
      [cases] source: Initial goal
    [cases] [1/2]: p = (t, e, π ++ Γ.enc (t - a)) ∨ p ∈ s
      [cases] source: Initial goal
    [cases] [1/2]: if -1 * ↑t + ↑a ≤ 0 then ↑t + -1 * ↑a else 0
      [cases] source: Initial goal
  [ematch] E-matching patterns
    [thm] fresh: [@Membership.mem `[ℕ × ℕ × List Bool] `[List (ℕ × ℕ × List Bool)] `[List.instMembership] `[s] #1]
    [thm] fresh: [@Ne `[ℕ] (@Prod.fst `[ℕ] `[ℕ × List Bool] #1) `[t]]
    [thm] fresh: [@Prod.fst `[ℕ] `[ℕ × List Bool] #1]
    [thm] fresh: [@Membership.mem `[ℕ × ℕ × List Bool] `[List (ℕ × ℕ × List Bool)] `[List.instMembership] `[s] #1]
    [thm] List.mem_map: [@Membership.mem #3 (List _) _ (@List.map #4 _ #1 #0) #2]
    [thm] List.map_map: [@List.map #5 #4 #2 (@List.map #3 _ #1 #0)]
    [thm] List.map_append: [@List.map #4 #3 #2 (@HAppend.hAppend (List _) (List _) (List _) _ #1 #0)]
    [thm] List.mem_append: [@Membership.mem #3 (List _) _ (@HAppend.hAppend (List _) (List _) (List _) _ #1 #0) #2]
    [thm] List.append_assoc: [@HAppend.hAppend (List #3) (List _) (List _) _ #2 (@HAppend.hAppend (List _) (List _) (List _) _ #1 #0)]
    [thm] List.append_assoc: [@HAppend.hAppend (List #3) (List _) (List _) _ (@HAppend.hAppend (List _) (List _) (List _) _ #2 #1) #0]
    [thm] List.nil_append: [@HAppend.hAppend (List #1) (List _) (List _) _ (@List.nil _) #0]
    [thm] List.append_nil: [@HAppend.hAppend (List #1) (List _) (List _) _ #0 (@List.nil _)]
    [thm] List.map_nil: [@List.map #2 #1 #0 (@List.nil _)]
    [thm] List.not_mem_nil: [@Membership.mem #1 (List _) _ (@List.nil _) #0]
    [thm] Multiset.mem_add: [@Membership.mem #3 _ _ (@HAdd.hAdd _ _ _ _ #1 #0) #2]
  [cutsat] Assignment satisfying linear constraints
    [assign] t := 0
    [assign] r := 2
    [assign] e := 1
    [assign] a := 0
    [assign] fst := 0
    [assign] fst_1 := 1
    [assign] p.2.1 := 1
    [assign] (t, e, π ++ Γ.enc (t - a)).2.1 := 1
    [assign] (p.1, p.2).2.1 := 1
    [assign] (e, π ++ Γ.enc (t - a)).1 := 1
    [assign] (p.2.1, p.2.2).1 := 1
    [assign] p.1 := 0
    [assign] (t, e, π ++ Γ.enc (t - a)).1 := 0
    [assign] (p.1, p.2).1 := 0
[grind] Diagnostics
  [thm] E-Matching instances
    [thm] List.mem_map ↦ 1
  [cases] Cases instances
    [cases] Prod ↦ 1
info: Sal/MRDTs/Paper1/Automation/OrderedAutomationControls.lean:124:2: ORDERED_REJECT `simp` made no progress
Build completed successfully (3588 jobs).
